customer_id,age,city,employment_type,monthly_income,credit_score,product,loan_amount,tenure_months,interest_rate,emi,disbursement_date,days_past_due,default_flag
CUST100000,42,Kolkata,Self-Employed,45746,705,Personal Loan,575583,48,16.38,16424.42,2024-03-04,0,0
CUST100001,48,Jaipur,Salaried,39575,613,Business Loan,423123,60,12.63,9547.4,2024-04-21,1,0
CUST100002,35,Jaipur,Business Owner,48294,625,Gold Loan,315842,24,9.96,14568.68,2024-06-12,0,0
CUST100003,35,Hyderabad,Salaried,25000,586,Business Loan,232445,60,15.19,5553.06,2023-09-30,179,1
CUST100004,45,Lucknow,Business Owner,37456,594,Business Loan,166122,12,11.52,14722.46,2024-05-09,314,1
CUST100005,27,Delhi,Self-Employed,54491,733,Business Loan,320297,60,17.04,7967.1,2024-03-22,0,0
CUST100006,37,Chennai,Business Owner,80964,595,Gold Loan,55875,12,10.98,4937.8,2023-08-09,265,1
CUST100007,45,Bengaluru,Business Owner,102636,633,Personal Loan,886444,48,18.57,26304.06,2023-11-16,0,0
CUST100008,33,Lucknow,Salaried,35000,656,Home Loan,1500200,240,9.78,14259.27,2023-03-25,0,0
CUST100009,42,Kolkata,Business Owner,125881,695,Personal Loan,273390,12,11.99,24289.09,2023-07-06,30,0
CUST100010,37,Ahmedabad,Salaried,58247,628,Vehicle Loan,212395,60,11.52,4673.25,2023-11-26,0,0
CUST100011,33,Pune,Self-Employed,35000,629,Home Loan,645940,120,11.08,8927.1,2023-03-09,0,0
CUST100012,36,Ahmedabad,Business Owner,66736,609,Personal Loan,127178,36,15.56,4443.62,2024-11-28,0,0
CUST100013,34,Chennai,Business Owner,26410,561,Business Loan,318183,60,16.93,7895.7,2024-04-13,0,0
CUST100014,21,Jaipur,Self-Employed,87931,695,Personal Loan,57104,24,14.86,2764.98,2024-06-04,0,0
CUST100015,25,Delhi,Self-Employed,43360,612,Business Loan,433540,36,12.75,14555.53,2024-03-27,0,0
CUST100016,46,Delhi,Self-Employed,59704,519,Gold Loan,153913,12,10.48,13565.78,2023-07-26,1,0
CUST100017,35,Chennai,Salaried,20000,655,Personal Loan,58408,24,18.52,2930.66,2023-12-29,0,0
CUST100018,41,Mumbai,Salaried,64886,517,Business Loan,434945,24,16.67,21435.76,2024-05-06,0,0
CUST100019,42,Delhi,Salaried,53237,602,Home Loan,2149071,180,9.48,22415.2,2023-08-01,0,0
CUST100020,21,Kolkata,Self-Employed,60658,614,Personal Loan,78313,12,12.96,6993.23,2023-01-29,0,0
CUST100021,40,Kolkata,Salaried,35000,829,Home Loan,789532,180,11.25,9098.13,2024-03-22,15,0
CUST100022,59,Chennai,Self-Employed,54908,614,Home Loan,972187,120,8.86,12241.71,2023-05-03,30,0
CUST100023,25,Lucknow,Self-Employed,38537,491,Gold Loan,51379,6,10.59,8829.6,2024-08-22,0,0
CUST100024,28,Kolkata,Business Owner,61762,710,Vehicle Loan,539414,60,12.09,12023.51,2024-11-03,0,0
CUST100025,47,Lucknow,Salaried,37327,565,Personal Loan,63205,12,12.21,5621.9,2023-07-17,313,1
CUST100026,41,Kolkata,Self-Employed,34667,605,Gold Loan,53459,6,11.27,9204.99,2024-01-29,1,0
CUST100027,32,Mumbai,Self-Employed,35831,559,Business Loan,111427,12,14.54,10033.04,2024-09-25,0,0
CUST100028,35,Bengaluru,Self-Employed,36078,518,Business Loan,174606,12,14.88,15749.76,2024-11-12,346,1
CUST100029,33,Lucknow,Salaried,32443,651,Gold Loan,249486,24,11.75,11715.07,2024-09-16,0,0
CUST100030,38,Hyderabad,Business Owner,35000,783,Home Loan,961076,240,11.22,10064.41,2024-05-08,0,0
CUST100031,33,Lucknow,Business Owner,42143,679,Personal Loan,490057,48,15.79,13835.7,2023-10-08,0,0
CUST100032,29,Mumbai,Salaried,47924,700,Vehicle Loan,162607,24,10.64,7551.61,2024-05-02,30,0
CUST100033,38,Delhi,Business Owner,46375,767,Personal Loan,268838,48,14.02,7349.09,2023-07-01,0,0
CUST100034,33,Jaipur,Salaried,47822,599,Gold Loan,117451,12,9.3,10287.61,2024-01-22,331,1
CUST100035,42,Chennai,Salaried,56825,581,Home Loan,1535599,240,9.68,14494.78,2023-02-22,0,0
CUST100036,41,Chennai,Business Owner,127486,639,Business Loan,387966,24,12.44,18342.73,2023-07-08,0,0
CUST100037,44,Ahmedabad,Self-Employed,51918,819,Home Loan,1180859,300,10.95,11531.09,2023-10-22,0,0
CUST100038,43,Delhi,Business Owner,89895,684,Business Loan,474003,24,13.75,22702.31,2024-03-11,0,0
CUST100039,40,Delhi,Self-Employed,89866,667,Gold Loan,140188,6,10.03,24052.92,2023-02-23,0,0
CUST100040,26,Kolkata,Salaried,62557,722,Gold Loan,60693,6,9.77,10405.7,2023-11-19,0,0
CUST100041,38,Lucknow,Business Owner,26655,575,Personal Loan,109636,24,17.5,5447.03,2024-07-18,166,1
CUST100042,30,Kolkata,Salaried,65496,623,Business Loan,172472,12,11.44,15278.78,2023-01-22,0,0
CUST100043,21,Pune,Salaried,35000,598,Home Loan,1130886,120,9.05,14356.21,2023-08-29,0,0
CUST100044,21,Jaipur,Salaried,40315,893,Personal Loan,174845,48,15.9,4946.21,2023-12-15,0,0
CUST100045,48,Hyderabad,Self-Employed,35407,636,Personal Loan,199520,36,12.16,6642.18,2024-11-29,281,1
CUST100046,39,Bengaluru,Salaried,77183,841,Vehicle Loan,325801,36,13.68,11084.54,2023-10-25,0,0
CUST100047,37,Mumbai,Self-Employed,80317,748,Home Loan,1958810,180,10.24,21338.01,2023-02-14,0,0
CUST100048,31,Chennai,Salaried,71691,895,Personal Loan,825534,36,14.12,28262.93,2023-05-07,15,0
CUST100049,31,Delhi,Business Owner,63956,742,Business Loan,869800,60,12.15,19414.22,2023-10-02,1,0
CUST100050,35,Delhi,Self-Employed,93950,859,Home Loan,2199935,120,11.2,30553.7,2024-03-15,15,0
CUST100051,22,Kolkata,Self-Employed,48709,774,Personal Loan,106633,24,18.2,5333.87,2024-02-03,0,0
CUST100052,42,Mumbai,Salaried,57920,609,Home Loan,1511649,300,9.69,13407.42,2024-04-30,0,0
CUST100053,21,Bengaluru,Self-Employed,27203,618,Business Loan,189081,36,14.23,6483.48,2023-01-13,0,0
CUST100054,55,Kolkata,Salaried,65850,625,Business Loan,316703,12,13.97,28431.38,2024-08-10,360,1
CUST100055,51,Hyderabad,Self-Employed,28931,614,Personal Loan,201392,36,14.49,6931.13,2024-01-12,0,0
CUST100056,35,Pune,Salaried,67108,640,Vehicle Loan,446072,48,10.13,11341.41,2024-03-18,0,0
CUST100057,38,Pune,Self-Employed,32874,665,Personal Loan,70737,12,12.88,6314.05,2023-11-24,0,0
CUST100058,23,Kolkata,Self-Employed,101996,701,Personal Loan,153446,24,14.81,7426.24,2023-09-19,15,0
CUST100059,56,Lucknow,Business Owner,90318,484,Home Loan,1555125,240,9.19,14182.46,2023-06-16,269,1
CUST100060,35,Kolkata,Self-Employed,40643,527,Vehicle Loan,154495,36,9.56,4953.26,2024-09-16,0,0
CUST100061,28,Chennai,Salaried,94644,522,Personal Loan,394619,48,17.73,11536.33,2024-06-29,30,0
CUST100062,39,Ahmedabad,Self-Employed,35000,873,Home Loan,1175496,240,9.15,10689.91,2024-04-23,0,0
CUST100063,44,Hyderabad,Business Owner,21702,729,Personal Loan,54433,12,14.54,4901.22,2024-05-27,0,0
CUST100064,45,Chennai,Salaried,25175,514,Vehicle Loan,184317,36,11.4,6069.28,2024-08-08,0,0
CUST100065,25,Bengaluru,Self-Employed,30494,900,Personal Loan,108906,36,18.66,3973.36,2024-08-15,0,0
CUST100066,33,Jaipur,Salaried,154698,857,Business Loan,300948,24,14.22,14480.68,2023-08-09,118,1
CUST100067,37,Mumbai,Salaried,25344,659,Vehicle Loan,239171,36,13.81,8152.24,2024-09-24,30,0
CUST100068,51,Jaipur,Business Owner,81987,718,Personal Loan,122532,36,15.67,4287.93,2023-10-23,0,0
CUST100069,40,Pune,Self-Employed,96598,435,Personal Loan,134550,36,11.78,4454.86,2024-05-22,0,0
CUST100070,36,Mumbai,Salaried,39345,693,Business Loan,89696,12,15.31,8108.94,2024-01-06,330,1
CUST100071,55,Delhi,Salaried,48429,630,Personal Loan,298908,48,18.05,8788.23,2023-03-19,0,0
CUST100072,24,Bengaluru,Self-Employed,30966,721,Business Loan,307682,36,13.99,10514.35,2023-10-20,0,0
CUST100073,35,Kolkata,Business Owner,46697,684,Business Loan,480859,60,17.6,12106.27,2023-05-11,0,0
CUST100074,31,Chennai,Self-Employed,88832,900,Personal Loan,285150,12,12.8,25442.07,2023-06-06,0,0
CUST100075,42,Jaipur,Self-Employed,36084,645,Business Loan,85131,12,11.31,7536.33,2023-07-16,0,0
CUST100076,35,Pune,Salaried,51589,633,Personal Loan,177892,12,11.96,15802.16,2024-08-28,0,0
CUST100077,40,Mumbai,Business Owner,78158,717,Gold Loan,318676,18,9.64,19085.97,2024-09-09,0,0
CUST100078,37,Ahmedabad,Salaried,64733,700,Gold Loan,51199,12,12.27,4555.44,2024-03-18,30,0
CUST100079,36,Pune,Self-Employed,42028,699,Home Loan,1595585,180,8.56,15768.52,2023-05-02,0,0
CUST100080,42,Mumbai,Self-Employed,36246,636,Personal Loan,162759,24,18.93,8198.92,2024-07-29,0,0
CUST100081,39,Delhi,Salaried,46328,569,Personal Loan,330742,48,14.7,9154.58,2024-04-21,0,0
CUST100082,25,Mumbai,Business Owner,75828,718,Personal Loan,221314,12,16.29,20110.39,2023-05-30,0,0
CUST100083,40,Mumbai,Self-Employed,47048,780,Home Loan,1251078,300,8.98,10481.87,2023-01-13,0,0
CUST100084,31,Kolkata,Business Owner,78324,671,Business Loan,368268,24,15.19,17889.34,2023-08-17,0,0
CUST100085,52,Pune,Self-Employed,42682,677,Personal Loan,291474,24,16.6,14355.18,2024-09-27,15,0
CUST100086,47,Jaipur,Salaried,74832,679,Vehicle Loan,863149,36,10.45,28034.11,2023-02-27,1,0
CUST100087,26,Bengaluru,Salaried,77625,729,Personal Loan,429895,24,12.76,20389.56,2024-01-14,0,0
CUST100088,44,Pune,Self-Employed,59679,649,Gold Loan,205571,18,12.58,12591.6,2023-02-27,0,0
CUST100089,62,Hyderabad,Self-Employed,160216,641,Business Loan,924398,36,17.83,33340.42,2024-05-18,0,0
CUST100090,38,Lucknow,Salaried,52052,558,Personal Loan,438826,36,14.97,15205.6,2024-11-22,0,0
CUST100091,34,Kolkata,Salaried,39945,686,Home Loan,1535449,180,9.96,16462.46,2023-05-28,7,0
CUST100092,52,Mumbai,Salaried,97737,709,Business Loan,316498,12,14.06,28426.38,2024-04-01,0,0
CUST100093,35,Jaipur,Business Owner,25659,784,Personal Loan,93360,48,15.99,2645.37,2023-11-11,0,0
CUST100094,29,Chennai,Salaried,60601,604,Business Loan,544828,60,13.66,12581.36,2024-08-27,0,0
CUST100095,43,Hyderabad,Salaried,47296,676,Personal Loan,151940,36,13.23,5136.31,2024-02-14,118,1
CUST100096,29,Pune,Business Owner,109971,692,Personal Loan,170208,12,15.85,15431.04,2023-04-11,126,1
CUST100097,42,Pune,Salaried,35886,852,Business Loan,143223,12,17.74,13112.97,2023-06-20,0,0
CUST100098,39,Mumbai,Salaried,53283,779,Vehicle Loan,478220,48,13.73,13003.39,2023-08-11,0,0
CUST100099,49,Mumbai,Salaried,58122,809,Gold Loan,126625,6,9.44,21689.03,2023-08-11,1,0
CUST100100,34,Hyderabad,Self-Employed,78754,800,Personal Loan,202567,36,16.72,7193.87,2024-02-27,0,0
CUST100101,53,Lucknow,Self-Employed,66916,685,Home Loan,1607493,180,9.94,17215.24,2024-03-01,0,0
CUST100102,44,Pune,Self-Employed,65364,655,Home Loan,1791262,300,10.44,16836.07,2023-03-12,0,0
CUST100103,50,Bengaluru,Salaried,79654,624,Personal Loan,374445,36,15.86,13138.51,2023-03-28,0,0
CUST100104,41,Ahmedabad,Salaried,59719,605,Gold Loan,232515,12,11.2,20571.76,2023-06-09,1,0
CUST100105,36,Jaipur,Self-Employed,70960,657,Personal Loan,311065,48,14.15,8523.73,2023-03-08,0,0
CUST100106,29,Pune,Salaried,143282,672,Personal Loan,372170,12,12.22,33105.17,2024-02-21,0,0
CUST100107,48,Jaipur,Business Owner,32799,827,Personal Loan,80078,24,14.84,3876.63,2024-09-25,0,0
CUST100108,30,Chennai,Business Owner,75663,580,Personal Loan,244173,12,16.13,22169.05,2024-02-19,0,0
CUST100109,30,Delhi,Salaried,90566,571,Personal Loan,474034,36,14.34,16279.75,2024-11-04,0,0
CUST100110,51,Ahmedabad,Salaried,69369,822,Personal Loan,125186,12,13.76,11225.96,2024-05-31,0,0
CUST100111,34,Kolkata,Salaried,156320,715,Gold Loan,338407,12,12.15,30090.8,2023-06-09,0,0
CUST100112,26,Pune,Business Owner,25000,603,Business Loan,167195,36,17.6,6011.0,2023-10-01,0,0
CUST100113,21,Mumbai,Salaried,77616,653,Gold Loan,190117,12,11.89,16881.88,2023-06-06,132,1
CUST100114,38,Lucknow,Self-Employed,64430,900,Personal Loan,476676,24,17.72,23733.18,2023-12-21,221,1
CUST100115,34,Bengaluru,Salaried,55322,592,Gold Loan,150573,18,11.02,9113.85,2023-04-17,0,0
CUST100116,31,Pune,Salaried,47508,624,Business Loan,392113,60,15.84,9502.12,2024-04-04,0,0
CUST100117,34,Hyderabad,Salaried,45970,769,Personal Loan,70148,12,14.16,6303.67,2023-04-04,0,0
CUST100118,51,Chennai,Self-Employed,40456,546,Personal Loan,53898,12,17.76,4935.21,2024-03-28,0,0
CUST100119,39,Chennai,Self-Employed,26996,676,Personal Loan,266609,48,13.33,7196.2,2023-04-04,15,0
CUST100120,40,Jaipur,Self-Employed,35000,741,Home Loan,1380852,180,9.26,14219.9,2023-06-08,0,0
CUST100121,33,Mumbai,Salaried,61696,619,Home Loan,985102,120,9.83,12925.64,2023-03-15,0,0
CUST100122,38,Kolkata,Salaried,37372,788,Personal Loan,196179,36,17.38,7031.47,2023-02-27,206,1
CUST100123,31,Mumbai,Salaried,24078,815,Gold Loan,51592,12,9.04,4512.75,2023-08-14,1,0
CUST100124,37,Pune,Self-Employed,28752,747,Business Loan,293648,60,12.1,6546.89,2024-01-21,193,1
CUST100125,43,Lucknow,Self-Employed,38487,650,Vehicle Loan,573069,60,11.73,12669.55,2024-01-16,0,0
CUST100126,25,Kolkata,Self-Employed,66354,781,Business Loan,174972,12,17.56,16004.82,2023-05-30,0,0
CUST100127,30,Delhi,Salaried,102648,635,Personal Loan,282478,12,15.31,25537.33,2023-04-23,0,0
CUST100128,35,Mumbai,Self-Employed,48542,603,Gold Loan,268929,24,12.2,12684.55,2024-07-02,0,0
CUST100129,31,Bengaluru,Salaried,57310,708,Gold Loan,95943,12,9.81,8426.44,2024-11-28,1,0
CUST100130,29,Bengaluru,Self-Employed,20000,715,Personal Loan,83399,24,16.72,4112.22,2023-12-03,251,1
CUST100131,29,Delhi,Salaried,124325,849,Business Loan,313852,24,14.41,15129.8,2024-05-01,0,0
CUST100132,43,Delhi,Salaried,38296,615,Personal Loan,255760,24,14.29,12314.84,2024-03-22,0,0
CUST100133,21,Bengaluru,Self-Employed,87003,652,Personal Loan,367520,36,17.05,13112.24,2024-02-15,0,0
CUST100134,54,Delhi,Business Owner,70788,772,Personal Loan,230190,12,14.96,20772.22,2024-09-24,0,0
CUST100135,36,Delhi,Salaried,36275,722,Business Loan,490508,60,11.92,10891.26,2023-01-26,0,0
CUST100136,28,Kolkata,Business Owner,35000,784,Home Loan,731975,180,8.7,7294.12,2024-01-08,0,0
CUST100137,35,Mumbai,Self-Employed,72655,599,Personal Loan,92529,36,18.73,3379.13,2024-11-17,0,0
CUST100138,45,Lucknow,Salaried,26182,707,Personal Loan,89960,48,14.12,2463.71,2024-01-02,0,0
CUST100139,36,Pune,Salaried,55251,808,Home Loan,1545670,180,8.75,15448.18,2023-11-20,0,0
CUST100140,55,Hyderabad,Salaried,29225,652,Gold Loan,68766,18,9.21,4104.92,2023-12-30,0,0
CUST100141,29,Kolkata,Salaried,38225,618,Business Loan,167172,12,14.16,15022.48,2024-09-28,217,1
CUST100142,36,Hyderabad,Salaried,241966,606,Home Loan,2711499,120,11.39,37952.0,2024-07-12,0,0
CUST100143,35,Kolkata,Salaried,35000,699,Home Loan,956468,300,11.07,9422.91,2023-05-09,0,0
CUST100144,40,Chennai,Salaried,71714,682,Business Loan,555542,60,17.92,14082.95,2024-04-04,30,0
CUST100145,52,Chennai,Self-Employed,65500,709,Home Loan,1579578,180,9.64,16628.04,2024-11-22,0,0
CUST100146,40,Jaipur,Salaried,70690,635,Home Loan,1518100,180,9.23,15605.98,2023-05-14,0,0
CUST100147,47,Jaipur,Salaried,72973,735,Business Loan,326348,24,17.85,16268.99,2023-05-03,0,0
CUST100148,33,Kolkata,Salaried,63712,758,Personal Loan,153176,36,13.79,5219.58,2024-06-20,1,0
CUST100149,34,Delhi,Salaried,75329,711,Gold Loan,205301,18,11.24,12447.32,2024-11-14,0,0
CUST100150,36,Jaipur,Salaried,30598,728,Personal Loan,170821,48,11.64,4468.24,2023-03-20,1,0
CUST100151,46,Hyderabad,Salaried,20950,727,Personal Loan,100290,24,15.99,4910.03,2024-04-12,1,0
CUST100152,47,Ahmedabad,Salaried,54569,629,Gold Loan,65491,18,12.98,4023.65,2023-03-07,0,0
CUST100153,21,Jaipur,Self-Employed,53894,770,Gold Loan,88855,6,11.78,15322.13,2023-04-30,0,0
CUST100154,37,Jaipur,Self-Employed,67323,593,Personal Loan,134280,24,17.4,6664.94,2023-10-12,0,0
CUST100155,38,Hyderabad,Salaried,36102,676,Home Loan,1321070,300,9.22,11286.07,2023-11-10,0,0
CUST100156,62,Hyderabad,Business Owner,34492,706,Personal Loan,91906,12,14.04,8253.7,2023-03-02,0,0
CUST100157,40,Jaipur,Self-Employed,54051,769,Home Loan,1633310,240,9.98,15740.16,2023-10-15,0,0
CUST100158,40,Mumbai,Self-Employed,63219,636,Vehicle Loan,253818,24,13.23,12094.41,2023-03-06,0,0
CUST100159,39,Kolkata,Self-Employed,43808,621,Personal Loan,413720,36,14.6,14260.83,2023-03-23,0,0
CUST100160,34,Hyderabad,Salaried,41828,685,Vehicle Loan,356376,60,13.19,8143.35,2024-07-19,7,0
CUST100161,30,Jaipur,Self-Employed,62037,756,Business Loan,415814,24,13.83,19931.05,2023-11-12,0,0
CUST100162,52,Ahmedabad,Salaried,61612,797,Business Loan,394930,60,13.75,9138.22,2024-10-24,299,1
CUST100163,21,Delhi,Salaried,25000,789,Business Loan,159011,36,16.54,5632.84,2024-02-11,0,0
CUST100164,28,Mumbai,Salaried,52624,680,Home Loan,1484722,240,8.91,13272.61,2023-08-08,0,0
CUST100165,33,Chennai,Salaried,69457,649,Vehicle Loan,461405,60,13.98,10731.3,2024-06-25,356,1
CUST100166,37,Pune,Salaried,59791,641,Personal Loan,124811,24,13.45,5960.16,2023-09-01,0,0
CUST100167,48,Kolkata,Business Owner,37761,730,Personal Loan,104573,12,18.95,9634.59,2023-01-28,0,0
CUST100168,64,Delhi,Salaried,25000,528,Business Loan,278469,36,17.09,9940.66,2024-09-05,0,0
CUST100169,49,Hyderabad,Salaried,48691,715,Home Loan,1621542,300,9.98,14712.11,2024-10-05,0,0
CUST100170,51,Chennai,Business Owner,35000,726,Home Loan,1506720,300,10.92,14680.5,2023-06-18,0,0
CUST100171,44,Hyderabad,Salaried,76322,751,Personal Loan,120968,24,16.66,5961.19,2023-07-15,0,0
CUST100172,47,Ahmedabad,Salaried,63357,788,Personal Loan,505770,36,12.57,16936.83,2023-03-04,0,0
CUST100173,23,Jaipur,Self-Employed,62016,512,Personal Loan,262089,24,17.56,13028.91,2023-12-17,0,0
CUST100174,44,Pune,Salaried,78337,590,Home Loan,1625933,240,9.7,15368.81,2024-01-20,0,0
CUST100175,30,Chennai,Salaried,102808,636,Personal Loan,539922,36,18.16,19562.84,2023-06-19,277,1
CUST100176,46,Kolkata,Salaried,64843,617,Business Loan,321074,36,12.99,10816.71,2023-12-24,0,0
CUST100177,53,Lucknow,Self-Employed,53898,761,Business Loan,506933,60,11.03,11029.54,2024-08-12,0,0
CUST100178,48,Delhi,Salaried,35176,715,Vehicle Loan,252328,24,10.02,11645.99,2023-06-27,0,0
CUST100179,36,Chennai,Business Owner,51242,697,Gold Loan,208828,12,10.08,18367.07,2024-08-29,0,0
CUST100180,28,Delhi,Salaried,47535,639,Personal Loan,140895,12,14.62,12691.69,2024-06-11,0,0
CUST100181,52,Pune,Salaried,59046,627,Vehicle Loan,253325,36,12.4,8462.49,2023-02-10,0,0
CUST100182,38,Chennai,Self-Employed,29700,695,Personal Loan,189422,36,15.2,6584.94,2023-12-30,30,0
CUST100183,38,Hyderabad,Self-Employed,35000,615,Home Loan,706803,300,11.43,7148.28,2023-07-05,0,0
CUST100184,39,Bengaluru,Self-Employed,106352,849,Business Loan,239073,12,17.82,21897.74,2023-11-17,0,0
CUST100185,45,Hyderabad,Salaried,57298,693,Gold Loan,59053,12,10.94,5217.55,2024-11-24,0,0
CUST100186,43,Hyderabad,Salaried,50302,646,Personal Loan,267426,24,17.85,13331.63,2024-03-25,0,0
CUST100187,34,Mumbai,Salaried,42980,514,Vehicle Loan,600456,48,9.77,15162.88,2023-10-18,0,0
CUST100188,48,Lucknow,Self-Employed,33095,755,Personal Loan,141708,24,15.6,6911.41,2024-04-17,1,0
CUST100189,31,Mumbai,Business Owner,39552,732,Gold Loan,89222,12,9.44,7820.81,2023-11-18,0,0
CUST100190,29,Mumbai,Business Owner,94700,672,Home Loan,3006891,300,9.43,26124.94,2024-02-27,1,0
CUST100191,25,Chennai,Salaried,35000,734,Home Loan,1543858,300,9.03,12987.73,2023-01-01,1,0
CUST100192,65,Ahmedabad,Salaried,35000,702,Home Loan,948307,120,9.83,12442.85,2023-10-18,0,0
CUST100193,39,Mumbai,Salaried,22853,682,Personal Loan,57190,12,13.22,5113.96,2024-01-30,0,0
CUST100194,21,Delhi,Salaried,35000,662,Home Loan,1202974,300,10.97,11764.42,2024-02-20,0,0
CUST100195,47,Jaipur,Salaried,46421,773,Personal Loan,268885,36,17.58,9664.28,2024-09-05,0,0
CUST100196,21,Ahmedabad,Business Owner,57516,830,Home Loan,939723,120,9.75,12288.78,2023-08-01,0,0
CUST100197,62,Delhi,Business Owner,36428,593,Personal Loan,208147,36,16.47,7366.22,2024-07-25,0,0
CUST100198,33,Hyderabad,Salaried,27785,702,Personal Loan,246350,48,16.46,7039.8,2024-10-28,0,0
CUST100199,53,Lucknow,Salaried,52696,724,Home Loan,1602544,240,10.78,16302.01,2024-05-03,0,0
CUST100200,34,Mumbai,Salaried,120283,642,Personal Loan,265759,24,17.55,13210.07,2024-05-23,0,0
CUST100201,47,Ahmedabad,Salaried,93498,375,Personal Loan,568786,48,17.01,16415.29,2023-11-03,30,0
CUST100202,45,Delhi,Self-Employed,35000,470,Home Loan,630812,120,10.66,8568.48,2023-04-03,0,0
CUST100203,51,Lucknow,Self-Employed,25000,771,Business Loan,134469,24,15.71,6565.4,2024-09-26,0,0
CUST100204,38,Chennai,Salaried,35600,542,Home Loan,672949,120,11.13,9319.46,2024-04-19,181,1
CUST100205,49,Pune,Salaried,37067,710,Home Loan,880006,240,9.76,8352.79,2024-11-17,0,0
CUST100206,38,Mumbai,Salaried,35000,683,Home Loan,901981,180,10.61,10032.09,2023-12-05,0,0
CUST100207,41,Pune,Salaried,51215,715,Business Loan,314534,36,12.2,10477.1,2024-01-23,0,0
CUST100208,51,Hyderabad,Salaried,79034,753,Business Loan,175864,12,14.68,15846.64,2024-03-04,0,0
CUST100209,53,Hyderabad,Business Owner,66096,796,Personal Loan,180326,24,16.6,8881.11,2023-10-07,15,0
CUST100210,34,Hyderabad,Business Owner,60489,677,Personal Loan,584533,36,18.18,21185.09,2024-11-28,0,0
CUST100211,36,Mumbai,Salaried,30368,738,Business Loan,300683,36,12.39,10043.08,2023-06-23,0,0
CUST100212,37,Delhi,Salaried,34273,525,Business Loan,384645,36,16.87,13688.77,2024-06-04,259,1
CUST100213,50,Kolkata,Business Owner,40263,812,Personal Loan,75295,12,15.88,6827.3,2023-11-15,0,0
CUST100214,24,Hyderabad,Salaried,69317,728,Home Loan,2446172,300,9.76,21815.88,2023-11-25,0,0
CUST100215,39,Kolkata,Business Owner,38308,809,Personal Loan,117586,24,14.57,5677.36,2024-05-19,0,0
CUST100216,35,Bengaluru,Salaried,92407,688,Personal Loan,527806,36,13.41,17888.28,2024-07-04,0,0
CUST100217,21,Lucknow,Salaried,33885,581,Personal Loan,64085,12,14.45,5767.59,2024-08-24,0,0
CUST100218,34,Hyderabad,Salaried,108602,823,Home Loan,1503137,300,9.19,12810.42,2023-04-23,0,0
CUST100219,31,Mumbai,Salaried,65271,711,Home Loan,1547812,180,9.56,16218.72,2023-10-01,0,0
CUST100220,30,Kolkata,Self-Employed,34570,537,Business Loan,316956,36,15.75,11104.15,2023-01-16,0,0
CUST100221,21,Mumbai,Salaried,58530,675,Vehicle Loan,228741,24,10.43,10600.69,2024-07-08,0,0
CUST100222,37,Chennai,Salaried,33439,711,Business Loan,150369,12,14.75,13554.32,2024-07-08,0,0
CUST100223,43,Delhi,Self-Employed,41649,679,Home Loan,1536890,180,9.66,16197.3,2024-01-15,0,0
CUST100224,31,Pune,Salaried,54482,673,Vehicle Loan,263504,48,11.08,6820.64,2024-05-11,0,0
CUST100225,32,Pune,Self-Employed,56064,816,Home Loan,1415459,120,10.24,18894.02,2024-06-14,0,0
CUST100226,29,Jaipur,Salaried,104110,636,Home Loan,3216995,240,10.29,31665.32,2024-05-16,0,0
CUST100227,31,Hyderabad,Salaried,59563,569,Business Loan,319824,24,13.97,15351.14,2024-07-29,0,0
CUST100228,49,Hyderabad,Salaried,66064,606,Business Loan,348074,24,12.89,16530.09,2024-07-24,0,0
CUST100229,45,Bengaluru,Salaried,68377,742,Vehicle Loan,280066,60,11.16,6111.68,2024-01-26,0,0
CUST100230,38,Hyderabad,Salaried,42970,835,Personal Loan,157633,36,18.97,5775.81,2024-11-30,116,1
CUST100231,39,Lucknow,Salaried,35000,737,Home Loan,805332,120,8.89,10153.72,2024-04-03,0,0
CUST100232,44,Bengaluru,Salaried,95269,776,Gold Loan,88856,24,10.66,4127.37,2023-04-07,0,0
CUST100233,58,Jaipur,Salaried,58913,490,Business Loan,519977,36,14.28,17842.38,2024-10-26,0,0
CUST100234,33,Hyderabad,Salaried,83230,680,Vehicle Loan,279214,24,12.4,13195.79,2023-05-23,0,0
CUST100235,25,Hyderabad,Salaried,41457,710,Business Loan,352540,60,15.8,8535.67,2024-03-23,7,0
CUST100236,49,Pune,Business Owner,56947,523,Business Loan,299952,24,15.92,14675.12,2024-04-28,0,0
CUST100237,49,Ahmedabad,Salaried,29539,814,Vehicle Loan,160976,48,10.79,4144.11,2023-11-22,30,0
CUST100238,32,Ahmedabad,Salaried,44434,650,Business Loan,234553,24,13.7,11228.35,2023-03-12,0,0
CUST100239,44,Bengaluru,Salaried,39906,636,Home Loan,1070076,300,9.4,9274.94,2023-02-13,0,0
CUST100240,43,Pune,Salaried,37096,507,Gold Loan,208614,24,11.47,9768.63,2023-05-02,0,0
CUST100241,36,Ahmedabad,Salaried,77473,630,Home Loan,1622731,180,9.35,16798.39,2023-05-20,0,0
CUST100242,53,Kolkata,Salaried,58625,833,Personal Loan,115574,36,15.7,4046.14,2023-10-19,0,0
CUST100243,37,Kolkata,Salaried,55880,567,Vehicle Loan,351441,24,11.81,16512.38,2023-04-03,0,0
CUST100244,35,Delhi,Salaried,54987,630,Personal Loan,150257,12,15.82,13620.15,2023-08-25,1,0
CUST100245,46,Chennai,Salaried,34849,619,Business Loan,279769,24,14.65,13518.58,2023-09-21,0,0
CUST100246,30,Mumbai,Salaried,31628,754,Personal Loan,127234,12,18.58,11699.96,2024-05-06,302,1
CUST100247,37,Ahmedabad,Salaried,37679,804,Home Loan,1375473,180,9.93,14722.06,2024-04-14,0,0
CUST100248,53,Chennai,Salaried,44854,492,Personal Loan,113730,24,18.97,5731.31,2024-10-02,0,0
CUST100249,55,Kolkata,Salaried,90275,636,Personal Loan,186262,24,11.92,8761.04,2024-10-11,0,0
CUST100250,23,Delhi,Salaried,28892,616,Gold Loan,35394,6,10.33,6078.0,2023-05-15,0,0
CUST100251,25,Pune,Self-Employed,25000,688,Business Loan,56708,12,12.97,5064.21,2024-11-24,0,0
CUST100252,27,Kolkata,Salaried,25856,709,Gold Loan,56477,24,10.49,2618.92,2024-11-08,0,0
CUST100253,38,Jaipur,Business Owner,55946,745,Personal Loan,618301,48,15.83,17469.04,2024-04-09,148,1
CUST100254,21,Pune,Business Owner,22543,782,Vehicle Loan,185878,24,11.48,8704.85,2023-12-07,0,0
CUST100255,26,Bengaluru,Salaried,72415,533,Home Loan,1663398,180,10.4,18284.2,2024-02-11,0,0
CUST100256,56,Kolkata,Salaried,54714,668,Personal Loan,101077,12,12.07,8983.88,2024-05-04,0,0
CUST100257,38,Delhi,Self-Employed,35000,732,Home Loan,1089539,120,9.24,13943.73,2023-04-12,0,0
CUST100258,22,Chennai,Self-Employed,52208,512,Personal Loan,202893,12,17.09,18513.47,2023-04-20,243,1
CUST100259,48,Hyderabad,Salaried,39121,729,Home Loan,1662209,240,8.92,14869.91,2024-04-20,0,0
CUST100260,36,Pune,Salaried,35000,576,Home Loan,1600193,300,10.36,14949.01,2024-06-25,0,0
CUST100261,34,Delhi,Salaried,35000,782,Home Loan,1329847,300,8.64,10834.04,2024-06-09,0,0
CUST100262,61,Chennai,Salaried,130302,646,Home Loan,2451626,300,11.22,24419.64,2024-11-09,0,0
CUST100263,34,Jaipur,Salaried,47803,622,Gold Loan,190415,18,11.54,11571.25,2024-05-27,0,0
CUST100264,35,Chennai,Salaried,56219,644,Vehicle Loan,311233,24,13.62,14887.38,2023-08-16,0,0
CUST100265,35,Delhi,Self-Employed,28774,787,Business Loan,116573,12,16.1,10582.29,2024-07-02,0,0
CUST100266,38,Ahmedabad,Salaried,41432,593,Home Loan,1045109,180,10.37,11468.54,2023-04-30,0,0
CUST100267,31,Jaipur,Self-Employed,28650,795,Business Loan,301025,36,11.12,9872.29,2024-11-13,319,1
CUST100268,34,Pune,Business Owner,38038,508,Home Loan,1105900,120,10.69,15040.36,2023-09-12,0,0
CUST100269,51,Bengaluru,Business Owner,78887,588,Home Loan,1704360,240,10.75,17303.16,2023-06-05,0,0
CUST100270,26,Kolkata,Business Owner,31918,501,Personal Loan,237361,48,13.65,6444.64,2023-12-06,0,0
CUST100271,31,Bengaluru,Salaried,66451,744,Business Loan,505352,60,14.83,11977.24,2024-02-14,0,0
CUST100272,48,Hyderabad,Salaried,36700,651,Gold Loan,213647,18,9.44,12776.0,2023-02-01,0,0
CUST100273,44,Ahmedabad,Self-Employed,35000,760,Home Loan,1153046,180,8.59,11415.41,2024-06-17,0,0
CUST100274,60,Chennai,Self-Employed,51957,870,Home Loan,1410768,300,10.19,13009.1,2024-01-25,0,0
CUST100275,28,Bengaluru,Self-Employed,44444,530,Home Loan,1054000,240,11.48,11225.65,2023-03-13,1,0
CUST100276,47,Delhi,Self-Employed,61427,826,Business Loan,306732,60,11.01,6670.63,2024-04-07,0,0
CUST100277,47,Hyderabad,Salaried,56493,591,Personal Loan,202871,48,16.76,5828.69,2023-01-20,0,0
CUST100278,49,Bengaluru,Salaried,62261,787,Gold Loan,63221,12,10.18,5563.42,2023-12-17,0,0
CUST100279,47,Lucknow,Salaried,55925,650,Gold Loan,105761,12,10.63,9329.09,2024-07-08,7,0
CUST100280,49,Pune,Self-Employed,87583,658,Personal Loan,54637,12,16.46,4969.16,2024-01-25,0,0
CUST100281,39,Ahmedabad,Salaried,47243,751,Gold Loan,234267,24,11.6,10984.05,2024-05-13,0,0
CUST100282,25,Hyderabad,Salaried,33559,691,Gold Loan,106277,18,11.2,6441.56,2023-03-09,0,0
CUST100283,47,Ahmedabad,Business Owner,83656,688,Home Loan,1854567,240,11.17,19357.65,2024-02-19,1,0
CUST100284,28,Delhi,Self-Employed,99635,538,Personal Loan,638214,36,18.05,23088.98,2023-11-07,168,1
CUST100285,42,Chennai,Self-Employed,56390,544,Personal Loan,246883,24,12.31,11657.41,2024-02-14,119,1
CUST100286,22,Lucknow,Salaried,55769,521,Vehicle Loan,558708,36,10.64,18196.28,2023-09-13,0,0
CUST100287,39,Ahmedabad,Salaried,63031,841,Personal Loan,616257,36,18.56,22452.67,2024-11-07,0,0
CUST100288,44,Ahmedabad,Salaried,53811,699,Home Loan,1524786,240,9.54,14252.86,2023-03-16,0,0
CUST100289,28,Bengaluru,Salaried,44061,766,Personal Loan,142334,24,16.1,6975.92,2023-04-05,0,0
CUST100290,32,Jaipur,Self-Employed,38329,528,Business Loan,90320,12,12.14,8030.74,2023-01-30,0,0
CUST100291,27,Pune,Business Owner,85216,629,Business Loan,346540,24,14.71,16754.85,2024-08-31,0,0
CUST100292,51,Ahmedabad,Business Owner,22665,788,Gold Loan,71743,12,10.26,6316.03,2023-08-15,0,0
CUST100293,41,Lucknow,Business Owner,60960,452,Personal Loan,147691,36,18.97,5411.52,2024-09-03,0,0
CUST100294,21,Pune,Self-Employed,75744,691,Home Loan,3065841,240,9.88,29342.69,2023-07-05,0,0
CUST100295,32,Pune,Self-Employed,61212,779,Business Loan,178402,12,14.12,16028.28,2023-01-11,0,0
CUST100296,33,Hyderabad,Salaried,48569,692,Business Loan,300711,24,14.8,14551.91,2024-02-23,0,0
CUST100297,53,Hyderabad,Salaried,84489,646,Home Loan,1738757,300,9.92,15702.15,2023-06-30,0,0
CUST100298,44,Hyderabad,Salaried,63714,636,Business Loan,278008,12,17.56,25429.59,2023-02-11,0,0
CUST100299,46,Hyderabad,Self-Employed,41485,588,Vehicle Loan,158765,36,10.79,5181.99,2024-04-02,0,0
CUST100300,34,Jaipur,Salaried,50478,817,Vehicle Loan,171692,60,10.02,3649.64,2023-03-20,0,0
CUST100301,44,Pune,Self-Employed,38904,761,Business Loan,201329,24,17.12,9965.77,2023-05-07,30,0
CUST100302,32,Ahmedabad,Salaried,84031,715,Business Loan,434330,60,17.06,10808.24,2023-12-30,0,0
CUST100303,21,Hyderabad,Salaried,25000,849,Business Loan,78793,12,17.94,7221.49,2023-09-08,0,0
CUST100304,52,Mumbai,Self-Employed,124101,584,Personal Loan,791202,48,17.07,22858.83,2024-02-02,0,0
CUST100305,30,Chennai,Self-Employed,28119,676,Business Loan,114926,12,17.38,10502.53,2024-09-27,0,0
CUST100306,34,Pune,Business Owner,44395,599,Personal Loan,90073,24,16.86,4447.36,2023-03-27,0,0
CUST100307,37,Pune,Business Owner,42245,798,Business Loan,336626,60,13.07,7671.34,2023-11-02,0,0
CUST100308,54,Hyderabad,Self-Employed,113578,545,Personal Loan,418078,48,11.61,10929.71,2023-07-06,0,0
CUST100309,38,Delhi,Self-Employed,83469,730,Business Loan,854753,36,15.75,29945.19,2023-06-11,0,0
CUST100310,35,Delhi,Business Owner,61417,644,Personal Loan,118073,12,13.29,10562.03,2024-03-27,30,0
CUST100311,24,Ahmedabad,Salaried,39243,598,Home Loan,1603957,240,8.89,14317.94,2023-10-27,0,0
CUST100312,50,Delhi,Salaried,71829,753,Personal Loan,850960,48,18.32,25139.47,2023-09-21,15,0
CUST100313,38,Delhi,Self-Employed,73197,626,Vehicle Loan,388180,36,10.93,12695.65,2023-04-13,0,0
CUST100314,41,Jaipur,Salaried,52621,612,Business Loan,321818,24,13.18,15327.04,2024-06-10,0,0
CUST100315,30,Kolkata,Business Owner,67212,733,Personal Loan,106151,12,16.79,9670.9,2024-05-17,0,0
CUST100316,49,Ahmedabad,Salaried,47011,558,Gold Loan,264975,24,11.31,12388.08,2023-10-09,15,0
CUST100317,40,Mumbai,Salaried,22555,760,Personal Loan,130467,24,11.85,6132.4,2023-07-28,15,0
CUST100318,32,Bengaluru,Salaried,96384,550,Vehicle Loan,166884,24,10.27,7721.66,2023-10-05,0,0
CUST100319,24,Pune,Salaried,25000,837,Business Loan,118071,12,13.87,10594.03,2023-07-13,0,0
CUST100320,50,Mumbai,Business Owner,72987,659,Home Loan,1581673,120,10.21,21086.29,2024-07-29,0,0
CUST100321,44,Hyderabad,Self-Employed,30887,749,Gold Loan,50668,6,9.48,8679.69,2023-01-25,0,0
CUST100322,36,Pune,Salaried,39069,766,Business Loan,86720,12,17.03,7910.51,2023-12-05,30,0
CUST100323,43,Lucknow,Self-Employed,58005,702,Personal Loan,115091,12,17.93,10547.71,2024-07-27,0,0
CUST100324,48,Hyderabad,Business Owner,38223,690,Vehicle Loan,257918,48,10.34,6583.66,2023-12-12,7,0
CUST100325,26,Jaipur,Salaried,92439,592,Gold Loan,209153,12,10.19,18406.36,2023-02-19,0,0
CUST100326,39,Chennai,Salaried,94055,622,Home Loan,2636093,240,11.06,27317.17,2024-09-13,0,0
CUST100327,42,Chennai,Salaried,24482,535,Personal Loan,77151,24,14.84,3734.93,2023-10-15,0,0
CUST100328,30,Lucknow,Salaried,58077,634,Home Loan,2244998,180,9.13,22944.21,2024-05-09,0,0
CUST100329,37,Pune,Self-Employed,47932,696,Personal Loan,241717,24,15.09,11730.39,2024-08-01,0,0
CUST100330,42,Jaipur,Salaried,54675,553,Personal Loan,162056,36,17.69,5833.54,2024-01-31,0,0
CUST100331,51,Kolkata,Self-Employed,73185,767,Home Loan,1553542,300,9.91,14018.6,2023-01-18,0,0
CUST100332,26,Lucknow,Self-Employed,86988,551,Home Loan,1397472,120,8.77,17529.1,2024-10-10,174,1
CUST100333,40,Chennai,Self-Employed,30208,752,Business Loan,203469,24,17.19,10078.55,2023-08-18,7,0
CUST100334,51,Bengaluru,Business Owner,35369,765,Business Loan,100533,12,13.2,8988.77,2024-04-28,224,1
CUST100335,40,Mumbai,Salaried,69505,657,Home Loan,1499854,120,9.4,19325.72,2024-11-21,0,0
CUST100336,42,Bengaluru,Self-Employed,94509,629,Gold Loan,200063,12,9.25,17519.01,2023-06-03,0,0
CUST100337,36,Lucknow,Salaried,46246,829,Personal Loan,273460,36,12.3,9122.02,2024-01-10,30,0
CUST100338,53,Lucknow,Salaried,80975,555,Home Loan,1399591,120,11.02,19295.22,2024-06-22,0,0
CUST100339,26,Bengaluru,Salaried,49670,746,Personal Loan,133676,12,18.23,12270.05,2024-08-21,0,0
CUST100340,46,Chennai,Self-Employed,40753,654,Gold Loan,57788,12,11.96,5133.31,2024-08-08,0,0
CUST100341,25,Hyderabad,Business Owner,65796,672,Business Loan,300151,24,15.87,14677.69,2024-07-22,307,1
CUST100342,31,Lucknow,Salaried,48343,711,Home Loan,1459358,120,8.87,18384.01,2023-01-18,0,0
CUST100343,38,Jaipur,Salaried,60329,620,Personal Loan,91850,12,17.54,8400.71,2024-01-26,0,0
CUST100344,43,Kolkata,Salaried,44474,748,Personal Loan,51943,12,15.06,4689.76,2023-03-01,0,0
CUST100345,43,Kolkata,Salaried,41303,521,Personal Loan,95071,12,14.72,8568.39,2024-06-22,0,0
CUST100346,39,Ahmedabad,Salaried,34993,672,Personal Loan,91098,12,13.38,8152.88,2023-09-03,0,0
CUST100347,32,Kolkata,Salaried,54650,650,Home Loan,1565509,240,11.11,16276.36,2023-07-23,0,0
CUST100348,31,Mumbai,Salaried,35000,568,Home Loan,1404540,180,9.25,14455.42,2023-01-12,0,0
CUST100349,39,Pune,Salaried,55141,631,Business Loan,232961,24,16.96,11513.64,2024-01-12,0,0
CUST100350,44,Jaipur,Salaried,31866,748,Personal Loan,94962,36,16.19,3347.5,2023-11-12,30,0
CUST100351,49,Mumbai,Business Owner,42403,647,Personal Loan,92961,12,18.89,8562.09,2023-01-27,0,0
CUST100352,21,Bengaluru,Salaried,52613,581,Gold Loan,113568,12,10.71,10021.97,2023-06-14,0,0
CUST100353,52,Chennai,Salaried,29645,526,Personal Loan,85954,24,17.51,4270.85,2024-06-13,0,0
CUST100354,53,Pune,Self-Employed,22805,666,Personal Loan,106040,24,14.27,5104.82,2023-01-12,0,0
CUST100355,34,Hyderabad,Self-Employed,67378,533,Personal Loan,76720,36,11.56,2532.11,2023-12-18,0,0
CUST100356,40,Jaipur,Self-Employed,62424,543,Gold Loan,437868,24,10.9,20387.76,2023-01-22,0,0
CUST100357,21,Bengaluru,Business Owner,54805,793,Personal Loan,254880,36,17.67,9172.38,2023-05-03,0,0
CUST100358,56,Delhi,Salaried,51846,636,Personal Loan,141323,24,17.65,7031.55,2023-09-04,0,0
CUST100359,28,Delhi,Salaried,51823,713,Personal Loan,101648,24,11.8,4775.44,2023-01-19,0,0
CUST100360,41,Mumbai,Business Owner,55925,760,Personal Loan,681337,36,14.02,23293.1,2024-11-02,0,0
CUST100361,38,Kolkata,Salaried,69144,827,Personal Loan,176379,24,15.84,8622.59,2023-03-02,0,0
CUST100362,36,Mumbai,Business Owner,60781,684,Personal Loan,203461,12,11.68,18046.82,2023-06-15,15,0
CUST100363,43,Ahmedabad,Salaried,172089,676,Personal Loan,93119,12,13.54,8340.75,2024-07-26,1,0
CUST100364,37,Delhi,Self-Employed,44854,626,Personal Loan,62223,12,17.13,5678.87,2023-02-25,0,0
CUST100365,44,Pune,Self-Employed,42004,537,Gold Loan,97544,18,11.87,5942.54,2024-11-07,0,0
CUST100366,45,Bengaluru,Salaried,42366,649,Gold Loan,54934,18,10.09,3301.45,2023-12-10,0,0
CUST100367,34,Chennai,Self-Employed,51152,823,Personal Loan,151733,24,14.84,7345.5,2023-03-04,0,0
CUST100368,33,Hyderabad,Business Owner,53790,824,Personal Loan,80039,24,17.83,3989.3,2023-09-01,144,1
CUST100369,29,Ahmedabad,Salaried,55709,636,Gold Loan,137986,24,9.85,6357.8,2024-10-30,30,0
CUST100370,31,Kolkata,Self-Employed,70684,637,Home Loan,1483397,120,11.07,20492.62,2024-05-06,0,0
CUST100371,21,Jaipur,Self-Employed,54824,662,Personal Loan,167362,24,13.78,8018.15,2023-06-07,30,0
CUST100372,48,Kolkata,Salaried,109321,843,Home Loan,3658390,240,9.92,35110.57,2023-02-05,0,0
CUST100373,21,Ahmedabad,Salaried,58254,603,Vehicle Loan,397904,36,10.66,12962.89,2024-06-27,0,0
CUST100374,43,Jaipur,Salaried,68879,823,Personal Loan,119797,12,14.94,10809.28,2024-01-17,0,0
CUST100375,37,Lucknow,Salaried,42595,662,Vehicle Loan,284277,36,10.15,9192.85,2024-08-02,1,0
CUST100376,31,Lucknow,Self-Employed,54119,762,Personal Loan,471859,36,14.39,16216.55,2023-07-12,292,1
CUST100377,36,Lucknow,Salaried,31246,593,Vehicle Loan,184389,60,12.44,4142.75,2023-03-06,0,0
CUST100378,45,Delhi,Salaried,58655,748,Personal Loan,652606,48,11.8,17121.6,2023-11-25,207,1
CUST100379,46,Lucknow,Salaried,44342,728,Home Loan,1456547,300,9.58,12806.9,2023-07-07,0,0
CUST100380,30,Mumbai,Salaried,40649,679,Personal Loan,119809,24,16.53,5896.61,2024-01-21,0,0
CUST100381,41,Hyderabad,Salaried,64598,741,Vehicle Loan,621208,60,11.81,13758.86,2024-05-24,0,0
CUST100382,35,Chennai,Salaried,56579,688,Business Loan,307133,24,17.99,15331.86,2024-08-09,0,0
CUST100383,32,Kolkata,Self-Employed,36680,575,Business Loan,366620,36,15.86,12863.95,2023-08-18,0,0
CUST100384,21,Chennai,Self-Employed,78511,737,Business Loan,325101,60,13.1,7413.7,2024-06-26,0,0
CUST100385,42,Kolkata,Salaried,60497,627,Home Loan,1819701,300,9.17,15483.26,2024-08-05,0,0
CUST100386,46,Chennai,Salaried,48675,587,Vehicle Loan,234441,36,9.75,7537.26,2023-05-24,15,0
CUST100387,27,Ahmedabad,Salaried,35000,732,Home Loan,749525,120,9.4,9657.68,2023-10-24,0,0
CUST100388,33,Hyderabad,Salaried,58222,694,Business Loan,542052,60,17.47,13608.75,2024-03-16,0,0
CUST100389,50,Ahmedabad,Salaried,60562,430,Personal Loan,295594,36,17.74,10647.92,2024-04-25,30,0
CUST100390,45,Delhi,Salaried,35639,660,Gold Loan,55751,6,10.72,9584.51,2024-09-04,0,0
CUST100391,51,Jaipur,Self-Employed,40690,735,Home Loan,800284,120,10.4,10753.87,2024-03-14,193,1
CUST100392,40,Delhi,Salaried,42088,658,Business Loan,197843,24,11.05,9225.63,2023-02-28,0,0
CUST100393,42,Pune,Self-Employed,38051,603,Personal Loan,89267,24,13.1,4248.11,2023-12-27,0,0
CUST100394,43,Delhi,Self-Employed,56257,698,Personal Loan,70746,24,13.33,3374.37,2024-06-10,0,0
CUST100395,28,Ahmedabad,Salaried,79396,712,Business Loan,456131,24,16.57,22458.02,2023-04-12,0,0
CUST100396,34,Pune,Salaried,62606,760,Personal Loan,319836,36,18.7,11675.46,2023-01-14,0,0
CUST100397,40,Lucknow,Salaried,67332,611,Home Loan,1779845,300,10.65,16996.01,2023-06-15,0,0
CUST100398,48,Lucknow,Self-Employed,60637,683,Business Loan,240365,12,14.42,21629.21,2023-12-07,0,0
CUST100399,33,Hyderabad,Salaried,108041,741,Gold Loan,565573,24,9.77,26038.33,2024-03-18,0,0
CUST100400,27,Ahmedabad,Salaried,52170,561,Vehicle Loan,580517,48,10.49,14860.39,2023-02-28,0,0
CUST100401,36,Kolkata,Business Owner,99423,757,Home Loan,1892195,180,11.4,21984.28,2024-03-06,0,0
CUST100402,26,Kolkata,Salaried,33046,586,Business Loan,238423,36,15.45,8317.65,2024-05-06,0,0
CUST100403,44,Delhi,Salaried,78877,727,Personal Loan,67461,24,18.85,3395.7,2024-03-12,1,0
CUST100404,37,Ahmedabad,Self-Employed,50869,724,Home Loan,1313250,300,10.13,12054.07,2023-09-21,0,0
CUST100405,43,Mumbai,Salaried,49686,712,Home Loan,1869687,240,8.93,16737.98,2024-01-15,0,0
CUST100406,37,Hyderabad,Self-Employed,20000,614,Personal Loan,53963,12,12.62,4810.21,2023-12-29,354,1
CUST100407,44,Chennai,Self-Employed,66710,695,Personal Loan,116930,12,14.91,10548.94,2024-08-20,204,1
CUST100408,35,Jaipur,Salaried,39996,719,Personal Loan,154875,48,17.42,4502.65,2024-08-29,0,0
CUST100409,39,Lucknow,Salaried,29602,668,Personal Loan,95519,12,17.19,8720.4,2024-01-10,15,0
CUST100410,48,Ahmedabad,Salaried,41611,640,Gold Loan,187166,24,10.61,8689.55,2023-08-22,0,0
CUST100411,36,Bengaluru,Business Owner,54711,652,Gold Loan,55306,6,10.84,9511.28,2023-11-10,0,0
CUST100412,37,Mumbai,Salaried,59175,765,Home Loan,1329210,120,10.63,18032.59,2023-05-24,0,0
CUST100413,28,Pune,Self-Employed,64676,766,Home Loan,1892535,240,9.56,17715.13,2023-02-27,0,0
CUST100414,37,Bengaluru,Salaried,55305,770,Personal Loan,181357,48,11.79,4757.15,2024-08-28,0,0
CUST100415,50,Ahmedabad,Salaried,38783,611,Personal Loan,68183,12,13.01,6090.24,2023-03-20,0,0
CUST100416,39,Kolkata,Business Owner,88628,708,Business Loan,634807,24,14.59,30656.15,2023-02-14,0,0
CUST100417,33,Ahmedabad,Salaried,73736,678,Business Loan,573559,60,12.74,12974.02,2023-04-10,0,0
CUST100418,39,Mumbai,Self-Employed,37757,900,Home Loan,1528165,300,10.22,14124.14,2023-06-18,197,1
CUST100419,49,Hyderabad,Salaried,61239,608,Personal Loan,310495,48,12.99,8328.26,2024-10-30,0,0
CUST100420,38,Lucknow,Salaried,79682,606,Vehicle Loan,737050,36,13.05,24851.88,2023-07-07,0,0
CUST100421,25,Kolkata,Salaried,59306,639,Home Loan,1516396,240,9.72,14353.36,2023-09-06,0,0
CUST100422,21,Chennai,Self-Employed,117878,775,Personal Loan,682539,48,14.16,18706.21,2023-12-17,0,0
CUST100423,34,Delhi,Self-Employed,67942,759,Personal Loan,248407,48,15.68,6999.28,2024-10-04,0,0
CUST100424,37,Hyderabad,Salaried,81884,680,Vehicle Loan,974979,36,13.39,33034.34,2024-08-07,0,0
CUST100425,50,Ahmedabad,Self-Employed,83743,709,Business Loan,742459,36,16.79,26393.16,2023-10-30,1,0
CUST100426,37,Kolkata,Self-Employed,63041,583,Vehicle Loan,458412,36,9.87,14763.7,2023-09-25,0,0
CUST100427,48,Hyderabad,Salaried,90734,529,Personal Loan,298748,36,14.21,10241.0,2024-02-09,0,0
CUST100428,35,Kolkata,Self-Employed,50750,667,Home Loan,1647248,300,9.08,13914.0,2024-01-12,287,1
CUST100429,30,Ahmedabad,Salaried,43716,589,Personal Loan,170138,24,14.96,8246.19,2023-02-21,0,0
CUST100430,53,Ahmedabad,Salaried,70740,750,Personal Loan,345635,48,14.86,9594.77,2024-01-15,7,0
CUST100431,39,Pune,Self-Employed,49364,566,Home Loan,1227240,300,11.25,12250.8,2024-05-17,0,0
CUST100432,44,Lucknow,Business Owner,51786,637,Business Loan,472095,36,17.24,16887.92,2024-03-30,0,0
CUST100433,38,Bengaluru,Self-Employed,25000,678,Business Loan,235030,36,17.43,8429.84,2024-04-07,30,0
CUST100434,33,Hyderabad,Salaried,49530,667,Vehicle Loan,586106,60,10.35,12554.2,2023-07-08,0,0
CUST100435,33,Bengaluru,Salaried,27188,660,Personal Loan,73931,24,14.4,3563.63,2023-02-22,0,0
CUST100436,53,Ahmedabad,Salaried,84902,523,Personal Loan,155712,48,13.39,4207.57,2023-07-21,0,0
CUST100437,40,Pune,Salaried,48998,633,Personal Loan,70592,48,12.93,1891.35,2024-10-26,0,0
CUST100438,46,Pune,Business Owner,36306,599,Home Loan,1381948,240,10.44,13741.44,2024-01-05,0,0
CUST100439,45,Chennai,Self-Employed,27421,524,Business Loan,322798,36,12.36,10777.1,2023-07-29,0,0
CUST100440,24,Bengaluru,Salaried,39415,582,Gold Loan,72556,12,12.12,6450.59,2024-06-24,312,1
CUST100441,35,Jaipur,Salaried,96200,744,Personal Loan,182212,36,18.86,6666.28,2024-11-29,0,0
CUST100442,48,Pune,Salaried,39985,581,Personal Loan,113735,12,13.38,10178.79,2024-11-08,0,0
CUST100443,31,Ahmedabad,Business Owner,27613,748,Business Loan,189883,24,14.09,9124.91,2024-05-14,299,1
CUST100444,32,Bengaluru,Business Owner,45464,590,Personal Loan,104746,36,16.57,3712.1,2024-01-20,0,0
CUST100445,32,Mumbai,Salaried,54684,639,Gold Loan,283981,24,9.24,13004.89,2023-12-18,1,0
CUST100446,21,Mumbai,Salaried,33709,583,Personal Loan,139832,36,14.38,4804.97,2024-02-12,7,0
CUST100447,33,Mumbai,Self-Employed,51625,546,Vehicle Loan,510096,36,10.03,16466.55,2023-06-23,0,0
CUST100448,29,Lucknow,Salaried,67588,872,Personal Loan,389209,36,15.56,13599.04,2023-10-16,0,0
CUST100449,41,Bengaluru,Salaried,149731,600,Vehicle Loan,983841,24,9.88,45344.8,2023-10-15,0,0
CUST100450,46,Ahmedabad,Salaried,60593,546,Home Loan,1554643,300,9.75,13854.01,2023-08-31,0,0
CUST100451,21,Bengaluru,Self-Employed,93717,637,Personal Loan,79105,24,14.09,3801.42,2023-06-27,0,0
CUST100452,50,Mumbai,Salaried,178787,780,Gold Loan,195646,12,10.6,17255.04,2023-07-18,0,0
CUST100453,27,Lucknow,Self-Employed,85855,632,Business Loan,314195,24,13.13,14956.6,2023-07-07,0,0
CUST100454,30,Bengaluru,Salaried,35000,641,Home Loan,1141844,240,9.75,10830.58,2023-02-22,0,0
CUST100455,34,Delhi,Self-Employed,98700,712,Personal Loan,486651,48,12.17,12856.04,2023-04-23,0,0
CUST100456,44,Pune,Business Owner,51358,716,Home Loan,1229965,120,10.21,16397.45,2024-11-25,0,0
CUST100457,32,Jaipur,Self-Employed,177150,728,Personal Loan,593699,48,11.51,15491.92,2023-04-22,0,0
CUST100458,32,Jaipur,Salaried,32834,896,Business Loan,489838,60,13.3,11220.69,2024-05-30,0,0
CUST100459,42,Pune,Self-Employed,104353,487,Personal Loan,941783,36,13.87,32128.48,2024-08-01,0,0
CUST100460,29,Mumbai,Self-Employed,21974,646,Personal Loan,82061,24,11.93,3860.21,2023-10-26,0,0
CUST100461,34,Chennai,Self-Employed,82929,731,Personal Loan,659743,24,12.48,31204.49,2024-11-13,0,0
CUST100462,32,Lucknow,Salaried,64177,748,Vehicle Loan,289645,48,11.8,7599.05,2024-11-08,0,0
CUST100463,33,Chennai,Self-Employed,51513,831,Business Loan,324224,24,12.36,15316.91,2024-09-27,15,0
CUST100464,48,Jaipur,Business Owner,25000,509,Business Loan,66566,12,13.2,5951.74,2023-08-24,0,0
CUST100465,41,Pune,Business Owner,37674,632,Home Loan,801104,300,10.61,7626.9,2023-01-04,1,0
CUST100466,37,Jaipur,Business Owner,90628,664,Vehicle Loan,665917,36,10.0,21487.27,2024-03-16,1,0
CUST100467,21,Delhi,Salaried,69145,624,Personal Loan,72577,36,14.33,2492.16,2024-06-12,0,0
CUST100468,41,Hyderabad,Salaried,134304,859,Vehicle Loan,596310,24,12.45,28195.86,2023-04-22,0,0
CUST100469,49,Kolkata,Business Owner,84549,612,Home Loan,2104231,180,10.77,23613.6,2024-09-09,169,1
CUST100470,42,Pune,Salaried,33535,673,Vehicle Loan,443750,60,11.12,9674.78,2024-10-29,0,0
CUST100471,29,Pune,Salaried,39914,771,Personal Loan,125534,24,14.61,6063.49,2023-04-28,0,0
CUST100472,22,Kolkata,Salaried,26195,746,Personal Loan,57207,24,13.94,2745.05,2024-07-15,1,0
CUST100473,38,Mumbai,Salaried,52458,745,Personal Loan,93866,12,14.92,8468.64,2024-04-28,0,0
CUST100474,22,Chennai,Salaried,27438,712,Business Loan,207434,36,14.53,7143.12,2024-01-21,0,0
CUST100475,26,Mumbai,Salaried,33023,825,Gold Loan,67314,18,9.16,4016.7,2024-02-15,0,0
CUST100476,50,Pune,Business Owner,44408,642,Personal Loan,112728,12,14.46,10145.94,2023-05-24,0,0
CUST100477,44,Jaipur,Salaried,42005,509,Gold Loan,61811,6,10.96,10633.64,2023-12-31,15,0
CUST100478,48,Kolkata,Salaried,69272,554,Personal Loan,298967,24,12.87,14195.19,2024-02-06,0,0
CUST100479,31,Mumbai,Self-Employed,87882,614,Business Loan,437957,36,14.22,15015.17,2024-11-27,0,0
CUST100480,54,Mumbai,Salaried,46289,784,Home Loan,1614076,180,10.46,17801.97,2023-08-07,0,0
CUST100481,41,Ahmedabad,Salaried,44049,767,Personal Loan,96657,24,13.09,4599.34,2023-01-08,0,0
CUST100482,31,Kolkata,Salaried,58156,634,Gold Loan,244537,24,9.28,11203.05,2024-06-18,0,0
CUST100483,21,Hyderabad,Self-Employed,103176,780,Gold Loan,130053,6,12.1,22446.86,2024-09-15,0,0
CUST100484,29,Bengaluru,Self-Employed,49289,754,Personal Loan,170130,36,17.67,6122.48,2024-03-16,0,0
CUST100485,32,Ahmedabad,Salaried,30446,708,Business Loan,205737,24,12.84,9765.66,2023-03-09,0,0
CUST100486,40,Kolkata,Salaried,48724,643,Home Loan,1686916,300,9.18,14365.05,2023-12-07,0,0
CUST100487,30,Hyderabad,Self-Employed,41633,727,Gold Loan,70436,6,12.06,12155.71,2024-10-15,0,0
CUST100488,32,Ahmedabad,Self-Employed,35000,715,Home Loan,1549446,240,10.2,15158.38,2023-07-31,0,0
CUST100489,42,Hyderabad,Salaried,149110,813,Gold Loan,93616,24,10.69,4349.78,2024-03-05,0,0
CUST100490,41,Pune,Self-Employed,75040,687,Vehicle Loan,547078,48,13.21,14733.82,2024-08-06,0,0
CUST100491,27,Hyderabad,Self-Employed,35242,777,Home Loan,1048122,120,10.51,14148.7,2023-12-06,0,0
CUST100492,24,Bengaluru,Salaried,28191,607,Personal Loan,52988,12,17.19,4837.54,2023-12-19,0,0
CUST100493,56,Mumbai,Business Owner,20000,741,Vehicle Loan,174956,60,9.85,3704.4,2023-09-12,0,0
CUST100494,28,Bengaluru,Salaried,58080,668,Business Loan,355877,36,13.08,12004.62,2023-02-16,0,0
CUST100495,35,Hyderabad,Self-Employed,73336,644,Personal Loan,113335,48,15.49,3182.42,2023-05-13,0,0
CUST100496,23,Jaipur,Salaried,58809,682,Personal Loan,141431,24,16.7,6972.3,2024-10-20,0,0
CUST100497,26,Chennai,Self-Employed,54828,632,Personal Loan,190699,12,18.59,17536.87,2023-12-03,0,0
CUST100498,36,Pune,Salaried,20000,526,Personal Loan,60395,12,12.09,5368.57,2024-11-21,0,0
CUST100499,31,Ahmedabad,Self-Employed,65027,652,Business Loan,309867,36,13.0,10440.64,2023-02-13,0,0
CUST100500,26,Pune,Self-Employed,73885,722,Personal Loan,211463,36,13.13,7138.27,2023-06-27,0,0
CUST100501,21,Chennai,Salaried,39828,747,Business Loan,111880,12,11.6,9919.48,2023-11-25,0,0
CUST100502,30,Delhi,Salaried,43016,592,Gold Loan,177563,24,9.77,8174.79,2023-03-31,0,0
CUST100503,44,Lucknow,Self-Employed,65284,720,Home Loan,1167029,120,9.27,14954.5,2024-02-27,0,0
CUST100504,23,Hyderabad,Salaried,113111,744,Home Loan,3674168,180,11.2,42223.07,2023-08-24,0,0
CUST100505,35,Jaipur,Self-Employed,43927,681,Business Loan,350463,36,13.4,11876.12,2024-11-03,0,0
CUST100506,50,Kolkata,Business Owner,60055,631,Business Loan,475674,60,11.55,10473.26,2023-03-29,0,0
CUST100507,30,Chennai,Self-Employed,27882,754,Personal Loan,400659,48,16.05,11365.05,2024-07-28,257,1
CUST100508,28,Lucknow,Self-Employed,32924,761,Personal Loan,256791,48,16.96,7404.4,2023-03-01,0,0
CUST100509,50,Delhi,Self-Employed,37530,404,Personal Loan,78996,12,17.42,7220.57,2024-11-23,252,1
CUST100510,30,Bengaluru,Self-Employed,73482,836,Vehicle Loan,719704,60,11.89,15969.44,2023-01-20,0,0
CUST100511,28,Chennai,Salaried,79846,680,Business Loan,388036,60,16.83,9608.26,2023-07-28,0,0
CUST100512,23,Bengaluru,Self-Employed,39186,765,Home Loan,1227463,240,10.1,11926.72,2023-05-15,0,0
CUST100513,49,Ahmedabad,Salaried,38654,785,Gold Loan,69229,12,12.99,6183.02,2024-04-14,0,0
CUST100514,42,Hyderabad,Self-Employed,27305,737,Business Loan,321812,60,13.78,7451.35,2024-08-25,0,0
CUST100515,34,Chennai,Salaried,94914,579,Business Loan,1288015,60,17.23,32169.99,2024-11-19,0,0
CUST100516,34,Pune,Self-Employed,51963,676,Personal Loan,390994,48,11.85,10267.6,2024-04-24,222,1
CUST100517,33,Kolkata,Salaried,94208,706,Gold Loan,121815,6,12.01,21019.58,2024-06-28,260,1
CUST100518,21,Jaipur,Salaried,49159,653,Business Loan,227481,12,16.39,20681.55,2024-06-08,0,0
CUST100519,49,Chennai,Salaried,50244,745,Personal Loan,163367,36,15.67,5716.92,2024-02-03,0,0
CUST100520,31,Delhi,Self-Employed,60731,604,Vehicle Loan,202568,36,13.54,6878.12,2024-07-11,0,0
CUST100521,55,Delhi,Self-Employed,90277,692,Gold Loan,103461,6,10.31,17765.72,2023-04-10,0,0
CUST100522,32,Delhi,Salaried,53028,747,Personal Loan,287121,24,12.22,13545.3,2024-07-21,0,0
CUST100523,39,Hyderabad,Self-Employed,65105,825,Home Loan,1857339,300,10.31,17285.22,2024-06-03,0,0
CUST100524,48,Jaipur,Salaried,26039,684,Gold Loan,115300,12,11.99,10243.73,2023-10-02,0,0
CUST100525,47,Jaipur,Business Owner,63481,719,Home Loan,1565421,120,10.66,21263.5,2023-08-27,0,0
CUST100526,38,Lucknow,Salaried,49556,678,Personal Loan,229355,36,17.89,8279.08,2024-10-15,0,0
CUST100527,44,Jaipur,Salaried,38388,624,Vehicle Loan,296918,36,10.71,9679.99,2023-06-23,30,0
CUST100528,50,Lucknow,Salaried,49584,665,Personal Loan,437747,48,14.22,12010.45,2024-01-14,15,0
CUST100529,28,Ahmedabad,Self-Employed,69954,506,Home Loan,1523630,120,9.72,19899.39,2024-09-26,0,0
CUST100530,36,Jaipur,Self-Employed,91060,674,Home Loan,1572246,240,11.03,16260.65,2023-06-25,0,0
CUST100531,30,Kolkata,Salaried,20000,812,Personal Loan,71960,48,12.52,1913.41,2024-11-12,0,0
CUST100532,32,Jaipur,Salaried,28322,687,Gold Loan,62787,12,9.06,5492.56,2023-12-25,0,0
CUST100533,47,Delhi,Salaried,38627,562,Gold Loan,107667,18,10.93,6512.36,2024-09-19,0,0
CUST100534,37,Chennai,Business Owner,55011,614,Business Loan,169640,12,14.35,15259.44,2024-07-17,0,0
CUST100535,29,Kolkata,Salaried,72825,579,Home Loan,1597127,240,9.92,15328.06,2023-08-08,176,1
CUST100536,29,Chennai,Self-Employed,56239,728,Personal Loan,65853,12,18.83,6063.45,2023-02-03,1,0
CUST100537,44,Lucknow,Self-Employed,67080,780,Personal Loan,73905,24,18.63,3712.18,2024-08-05,0,0
CUST100538,34,Bengaluru,Business Owner,71033,759,Gold Loan,109261,18,12.58,6692.43,2024-10-07,0,0
CUST100539,54,Chennai,Salaried,61813,790,Personal Loan,432746,36,16.66,15355.45,2024-08-10,0,0
CUST100540,26,Pune,Self-Employed,68827,555,Vehicle Loan,709802,48,13.59,19250.72,2023-09-12,0,0
CUST100541,45,Bengaluru,Salaried,138259,609,Business Loan,944811,36,14.65,32590.48,2023-06-24,0,0
CUST100542,47,Jaipur,Salaried,35000,633,Home Loan,1263319,300,10.96,12345.44,2024-08-18,1,0
CUST100543,44,Delhi,Salaried,52549,675,Gold Loan,58072,6,10.83,9986.68,2023-11-27,0,0
CUST100544,32,Delhi,Salaried,117172,767,Vehicle Loan,397726,24,11.11,18557.47,2023-10-05,0,0
CUST100545,44,Chennai,Business Owner,20000,658,Personal Loan,51457,12,13.07,4597.69,2024-01-24,0,0
CUST100546,40,Lucknow,Salaried,116502,646,Personal Loan,444985,48,18.2,13117.98,2023-09-18,0,0
CUST100547,33,Bengaluru,Self-Employed,77131,686,Vehicle Loan,311867,60,11.34,6833.74,2024-10-30,0,0
CUST100548,24,Lucknow,Self-Employed,41784,592,Home Loan,1605438,240,10.72,16266.32,2024-11-20,0,0
CUST100549,55,Bengaluru,Salaried,40829,725,Personal Loan,124046,12,15.75,11240.13,2024-04-28,0,0
CUST100550,47,Lucknow,Salaried,43262,840,Personal Loan,101220,24,13.78,4849.35,2024-10-22,0,0
CUST100551,42,Kolkata,Self-Employed,70780,843,Home Loan,1891738,240,8.88,16874.73,2023-11-02,278,1
CUST100552,43,Pune,Salaried,38184,740,Personal Loan,53760,12,13.27,4808.51,2024-11-28,0,0
CUST100553,40,Kolkata,Business Owner,36131,581,Home Loan,1226650,300,9.59,10794.04,2023-08-10,0,0
CUST100554,26,Kolkata,Self-Employed,80659,660,Business Loan,319822,24,12.79,15173.39,2023-01-12,0,0
CUST100555,28,Mumbai,Salaried,57219,694,Personal Loan,127676,12,12.94,11400.08,2024-02-17,0,0
CUST100556,23,Chennai,Salaried,52086,667,Personal Loan,73552,12,16.77,6700.27,2023-10-16,0,0
CUST100557,28,Hyderabad,Self-Employed,42637,689,Home Loan,1503734,240,10.89,15408.95,2023-06-26,1,0
CUST100558,38,Chennai,Salaried,54411,569,Personal Loan,397896,48,17.62,11609.33,2023-04-25,0,0
CUST100559,52,Kolkata,Salaried,76708,523,Home Loan,2994522,240,8.88,26711.82,2023-03-07,0,0
CUST100560,50,Lucknow,Self-Employed,50965,618,Business Loan,668268,60,12.68,15095.91,2024-03-07,0,0
CUST100561,46,Pune,Self-Employed,34505,662,Gold Loan,77973,12,12.43,6943.5,2024-07-31,0,0
CUST100562,36,Hyderabad,Salaried,85481,500,Personal Loan,724744,48,18.56,21502.02,2023-11-24,0,0
CUST100563,51,Chennai,Business Owner,66772,714,Personal Loan,253354,24,16.35,12447.41,2023-07-17,0,0
CUST100564,31,Jaipur,Business Owner,50133,811,Gold Loan,87572,24,10.79,4073.01,2024-06-04,0,0
CUST100565,47,Delhi,Salaried,49066,518,Personal Loan,245581,36,14.68,8474.71,2024-11-13,0,0
CUST100566,47,Delhi,Business Owner,20950,512,Gold Loan,39382,6,12.43,6803.67,2023-11-15,0,0
CUST100567,48,Bengaluru,Business Owner,35000,708,Home Loan,931201,300,9.55,8168.26,2024-06-16,0,0
CUST100568,40,Lucknow,Salaried,27790,616,Personal Loan,60761,12,11.51,5384.62,2023-10-21,0,0
CUST100569,34,Delhi,Salaried,37532,699,Business Loan,307431,36,12.45,10277.31,2023-03-24,1,0
CUST100570,44,Kolkata,Self-Employed,84323,607,Business Loan,1356859,60,17.7,34234.25,2023-06-26,30,0
CUST100571,44,Ahmedabad,Salaried,78499,785,Business Loan,301229,24,15.55,14684.42,2024-05-19,15,0
CUST100572,35,Chennai,Salaried,53491,643,Vehicle Loan,222625,36,13.97,7605.55,2024-11-11,0,0
CUST100573,45,Hyderabad,Salaried,43525,721,Business Loan,197517,12,17.19,18032.3,2023-12-05,0,0
CUST100574,30,Delhi,Salaried,25394,612,Gold Loan,94028,12,9.09,8226.81,2024-01-25,0,0
CUST100575,41,Jaipur,Self-Employed,37110,604,Personal Loan,112313,12,15.03,10138.77,2023-12-26,0,0
CUST100576,33,Mumbai,Salaried,89195,637,Home Loan,2354383,240,9.36,21731.14,2023-07-24,0,0
CUST100577,39,Chennai,Business Owner,20841,644,Gold Loan,67371,24,10.78,3133.14,2024-04-06,0,0
CUST100578,28,Pune,Self-Employed,34575,662,Gold Loan,147214,18,9.55,8810.77,2024-02-25,0,0
CUST100579,22,Chennai,Salaried,111940,678,Home Loan,2765571,180,8.96,27984.49,2023-10-20,1,0
CUST100580,35,Kolkata,Business Owner,40772,879,Gold Loan,72678,6,12.98,12575.69,2024-08-26,0,0
CUST100581,39,Ahmedabad,Salaried,59790,656,Home Loan,2118567,180,9.73,22417.57,2024-08-02,0,0
CUST100582,21,Jaipur,Salaried,37275,602,Home Loan,1637880,300,9.72,14561.38,2023-12-02,211,1
CUST100583,36,Bengaluru,Salaried,44925,770,Personal Loan,400615,24,11.56,18776.13,2023-01-18,0,0
CUST100584,65,Delhi,Salaried,73218,719,Personal Loan,987853,48,14.49,27237.98,2023-10-19,0,0
CUST100585,30,Hyderabad,Salaried,42187,562,Personal Loan,52052,48,17.43,1513.57,2023-10-18,341,1
CUST100586,21,Hyderabad,Salaried,36995,682,Personal Loan,183690,36,17.98,6638.99,2024-06-03,0,0
CUST100587,21,Delhi,Self-Employed,69658,711,Home Loan,1790389,120,10.97,24632.22,2024-04-11,0,0
CUST100588,44,Kolkata,Self-Employed,35000,429,Home Loan,1383571,240,8.77,12244.43,2023-12-28,0,0
CUST100589,27,Jaipur,Salaried,26311,720,Personal Loan,72189,24,17.33,3580.64,2024-05-30,0,0
CUST100590,39,Jaipur,Salaried,44641,704,Business Loan,361972,36,12.78,12157.95,2023-06-11,30,0
CUST100591,21,Kolkata,Self-Employed,36809,769,Home Loan,868028,120,10.48,11703.02,2024-04-12,0,0
CUST100592,42,Bengaluru,Salaried,34248,347,Personal Loan,115745,24,15.07,5615.94,2023-10-18,0,0
CUST100593,38,Chennai,Salaried,82090,826,Personal Loan,601545,36,17.84,21699.04,2023-08-28,0,0
CUST100594,34,Hyderabad,Self-Employed,69651,696,Business Loan,301804,24,14.58,14573.31,2024-02-06,0,0
CUST100595,32,Pune,Self-Employed,50310,557,Personal Loan,236763,24,14.79,11456.24,2023-03-29,0,0
CUST100596,57,Ahmedabad,Salaried,87730,732,Gold Loan,336863,18,11.78,20508.19,2024-04-15,0,0
CUST100597,43,Chennai,Business Owner,59953,637,Business Loan,437662,36,13.61,14875.48,2024-04-27,0,0
CUST100598,47,Bengaluru,Salaried,83852,654,Personal Loan,236676,12,15.27,21392.14,2023-01-15,0,0
CUST100599,37,Pune,Self-Employed,96113,809,Business Loan,269236,12,12.03,23925.07,2024-08-04,0,0
CUST100600,52,Jaipur,Salaried,68180,650,Business Loan,306297,12,11.04,27076.75,2023-03-17,0,0
CUST100601,41,Hyderabad,Self-Employed,25000,596,Business Loan,193324,36,17.75,6964.9,2024-07-31,0,0
CUST100602,38,Mumbai,Salaried,56294,681,Gold Loan,63054,6,12.5,10895.45,2024-03-22,0,0
CUST100603,37,Lucknow,Business Owner,52717,805,Gold Loan,174302,24,11.29,8147.33,2024-01-24,208,1
CUST100604,50,Ahmedabad,Salaried,30687,749,Personal Loan,119673,24,15.65,5839.57,2023-06-26,0,0
CUST100605,45,Delhi,Self-Employed,33106,701,Business Loan,84504,12,12.16,7514.4,2024-05-22,0,0
CUST100606,57,Mumbai,Salaried,35000,863,Home Loan,617394,120,9.26,7908.02,2023-07-10,271,1
CUST100607,32,Delhi,Salaried,98293,683,Home Loan,2151017,180,11.49,25114.29,2024-05-18,0,0
CUST100608,29,Kolkata,Salaried,69121,840,Home Loan,2207696,180,9.69,23307.09,2023-08-09,0,0
CUST100609,28,Ahmedabad,Salaried,52199,703,Home Loan,1975728,180,9.1,20156.85,2023-06-27,0,0
CUST100610,32,Jaipur,Business Owner,49152,591,Personal Loan,444915,36,14.27,15264.55,2023-11-25,182,1
CUST100611,38,Pune,Self-Employed,71395,806,Home Loan,1787796,180,11.44,20816.71,2023-12-26,0,0
CUST100612,34,Ahmedabad,Salaried,69113,569,Gold Loan,87556,18,11.86,5333.65,2024-10-22,0,0
CUST100613,38,Ahmedabad,Salaried,81635,861,Personal Loan,894674,48,18.89,26698.95,2023-10-03,1,0
CUST100614,37,Lucknow,Self-Employed,62775,753,Vehicle Loan,681560,48,12.56,18136.06,2024-10-19,0,0
CUST100615,29,Lucknow,Salaried,116988,687,Vehicle Loan,833512,48,11.39,21700.76,2024-07-26,0,0
CUST100616,24,Lucknow,Salaried,82160,710,Personal Loan,471324,24,16.28,23140.6,2023-07-09,0,0
CUST100617,22,Chennai,Salaried,97302,828,Home Loan,1506321,120,9.2,19244.86,2024-04-18,0,0
CUST100618,48,Delhi,Salaried,79491,900,Personal Loan,276853,24,17.57,13764.19,2024-10-23,0,0
CUST100619,24,Ahmedabad,Salaried,15000,709,Gold Loan,60228,12,11.0,5323.05,2023-10-09,0,0
CUST100620,46,Kolkata,Self-Employed,50981,469,Business Loan,246670,12,12.86,22015.69,2024-05-30,0,0
CUST100621,45,Lucknow,Salaried,38974,715,Gold Loan,139207,24,9.4,6385.21,2023-12-11,0,0
CUST100622,37,Chennai,Salaried,75466,691,Personal Loan,646680,36,18.08,23404.99,2023-06-28,0,0
CUST100623,33,Delhi,Salaried,70610,740,Personal Loan,254069,48,13.6,6891.94,2024-05-18,0,0
CUST100624,25,Kolkata,Salaried,30064,682,Vehicle Loan,231222,24,12.75,10965.58,2023-06-05,0,0
CUST100625,47,Pune,Self-Employed,86201,811,Home Loan,1556478,180,10.9,17593.27,2024-06-07,0,0
CUST100626,33,Hyderabad,Salaried,36291,606,Home Loan,1303018,240,10.17,12721.52,2023-09-07,15,0
CUST100627,25,Bengaluru,Salaried,27012,854,Gold Loan,74207,18,9.3,4432.78,2024-09-26,0,0
CUST100628,26,Chennai,Salaried,51368,858,Business Loan,166393,12,17.19,15190.84,2023-08-16,1,0
CUST100629,33,Hyderabad,Business Owner,74826,649,Personal Loan,181241,12,13.72,16249.24,2023-03-21,0,0
CUST100630,55,Kolkata,Salaried,59891,804,Home Loan,2188561,300,10.35,20429.97,2024-01-30,0,0
CUST100631,39,Delhi,Salaried,68587,525,Gold Loan,145188,6,11.46,25013.22,2024-02-11,0,0
CUST100632,33,Kolkata,Salaried,56101,678,Personal Loan,420286,48,15.45,11792.97,2023-03-09,0,0
CUST100633,35,Mumbai,Salaried,26519,682,Personal Loan,79161,12,11.89,7029.29,2024-08-06,0,0
CUST100634,22,Jaipur,Self-Employed,99386,659,Personal Loan,413890,24,13.55,19784.18,2024-05-02,0,0
CUST100635,49,Hyderabad,Salaried,103790,608,Home Loan,2451707,300,9.64,21659.56,2023-11-10,0,0
CUST100636,27,Kolkata,Business Owner,58684,765,Personal Loan,131934,12,18.93,12154.18,2024-05-15,0,0
CUST100637,34,Bengaluru,Salaried,86866,596,Gold Loan,651951,24,12.54,30854.26,2023-03-16,0,0
CUST100638,34,Lucknow,Salaried,35821,884,Gold Loan,141634,24,9.17,6481.57,2024-10-31,0,0
CUST100639,38,Chennai,Self-Employed,67160,685,Personal Loan,129967,36,12.16,4326.7,2024-05-03,0,0
CUST100640,26,Lucknow,Self-Employed,61961,616,Personal Loan,65036,12,16.08,5903.23,2024-11-23,0,0
CUST100641,29,Jaipur,Self-Employed,39200,629,Vehicle Loan,452020,48,11.38,11766.28,2023-08-31,0,0
CUST100642,33,Pune,Salaried,35000,563,Home Loan,1513562,300,11.36,15230.19,2023-03-16,0,0
CUST100643,21,Lucknow,Self-Employed,58165,852,Business Loan,357454,24,15.97,17496.94,2023-04-20,1,0
CUST100644,44,Hyderabad,Salaried,29527,614,Business Loan,147510,24,13.36,7037.86,2023-11-15,230,1
CUST100645,29,Kolkata,Self-Employed,59234,626,Home Loan,1523992,120,10.62,20666.52,2023-12-30,7,0
CUST100646,31,Ahmedabad,Self-Employed,69602,677,Gold Loan,131407,12,9.61,11528.94,2024-05-09,1,0
CUST100647,51,Hyderabad,Salaried,21536,628,Vehicle Loan,181707,48,11.25,4718.4,2023-09-27,0,0
CUST100648,42,Pune,Self-Employed,32062,676,Personal Loan,67475,24,17.44,3350.4,2024-08-06,0,0
CUST100649,34,Ahmedabad,Salaried,66745,681,Home Loan,2607807,300,9.17,22189.0,2024-01-28,0,0
CUST100650,29,Jaipur,Self-Employed,31447,668,Personal Loan,90711,12,16.8,8264.67,2024-02-10,0,0
CUST100651,31,Ahmedabad,Salaried,40909,696,Personal Loan,109120,24,17.65,5429.28,2024-11-08,0,0
CUST100652,21,Pune,Self-Employed,27162,684,Personal Loan,105366,36,15.49,3677.88,2023-05-01,0,0
CUST100653,47,Mumbai,Business Owner,40699,637,Home Loan,1016917,120,9.27,13030.94,2023-04-29,0,0
CUST100654,47,Lucknow,Self-Employed,71647,635,Business Loan,389937,24,11.92,18341.12,2024-05-23,0,0
CUST100655,43,Chennai,Self-Employed,39912,812,Home Loan,1079812,300,11.06,10630.25,2023-01-26,0,0
CUST100656,36,Bengaluru,Salaried,64419,703,Gold Loan,175188,18,9.97,10518.86,2024-10-25,30,0
CUST100657,38,Pune,Salaried,44971,523,Gold Loan,73780,6,10.36,12670.89,2023-10-07,30,0
CUST100658,22,Jaipur,Self-Employed,95043,818,Vehicle Loan,205001,60,12.41,4602.72,2023-12-08,0,0
CUST100659,40,Bengaluru,Self-Employed,28920,841,Vehicle Loan,357508,60,10.57,7696.64,2023-06-29,0,0
CUST100660,35,Jaipur,Salaried,50118,752,Gold Loan,82927,12,12.51,7387.76,2024-08-27,0,0
CUST100661,30,Hyderabad,Salaried,46130,811,Home Loan,1055970,300,9.69,9365.82,2024-10-03,0,0
CUST100662,32,Delhi,Self-Employed,88955,728,Home Loan,2339843,300,9.72,20802.09,2023-02-09,30,0
CUST100663,47,Ahmedabad,Self-Employed,47820,778,Vehicle Loan,469695,48,10.99,12137.23,2023-01-04,0,0
CUST100664,24,Kolkata,Self-Employed,41776,736,Personal Loan,99533,24,15.99,4872.97,2024-02-01,0,0
CUST100665,54,Hyderabad,Business Owner,70302,708,Personal Loan,173639,48,12.85,4645.38,2024-07-09,0,0
CUST100666,38,Lucknow,Self-Employed,61422,674,Personal Loan,492780,36,14.58,16981.2,2023-09-17,0,0
CUST100667,35,Ahmedabad,Business Owner,29734,877,Personal Loan,169475,24,13.48,8095.41,2024-01-01,0,0
CUST100668,25,Pune,Business Owner,68091,660,Gold Loan,291921,18,12.81,17911.98,2023-05-20,0,0
CUST100669,34,Kolkata,Self-Employed,45457,603,Personal Loan,291001,48,13.52,7882.14,2023-04-27,0,0
CUST100670,50,Ahmedabad,Self-Employed,32977,817,Personal Loan,154805,24,17.93,7723.27,2023-08-24,0,0
CUST100671,57,Lucknow,Business Owner,46889,618,Vehicle Loan,448153,60,11.62,9883.07,2023-11-04,0,0
CUST100672,39,Delhi,Salaried,63479,505,Personal Loan,121408,24,15.14,5894.75,2024-04-25,0,0
CUST100673,32,Bengaluru,Salaried,60186,664,Vehicle Loan,730951,48,12.93,19584.2,2023-01-10,0,0
CUST100674,35,Lucknow,Self-Employed,39002,665,Vehicle Loan,476017,48,10.18,12114.21,2024-09-06,360,1
CUST100675,38,Mumbai,Business Owner,83224,613,Personal Loan,88235,12,12.25,7849.9,2023-06-12,0,0
CUST100676,47,Chennai,Salaried,46871,584,Personal Loan,57723,24,15.45,2811.15,2024-04-02,0,0
CUST100677,32,Hyderabad,Business Owner,43209,622,Business Loan,305609,36,12.92,10285.4,2024-04-04,0,0
CUST100678,32,Hyderabad,Self-Employed,48940,609,Home Loan,1803989,300,9.44,15686.22,2023-07-31,0,0
CUST100679,45,Bengaluru,Salaried,53730,684,Vehicle Loan,247854,24,10.45,11488.75,2024-01-25,0,0
CUST100680,24,Mumbai,Salaried,69309,699,Business Loan,305971,36,17.93,11050.84,2023-01-11,0,0
CUST100681,34,Jaipur,Self-Employed,66519,561,Vehicle Loan,947768,60,10.05,20160.59,2023-07-21,174,1
CUST100682,31,Pune,Salaried,44535,760,Gold Loan,151006,18,10.91,9132.38,2023-04-02,0,0
CUST100683,35,Delhi,Self-Employed,25000,629,Business Loan,229169,36,11.24,7528.77,2023-01-15,0,0
CUST100684,36,Delhi,Salaried,22620,853,Gold Loan,78238,24,10.79,3638.88,2023-03-09,0,0
CUST100685,26,Jaipur,Salaried,43035,713,Business Loan,336154,36,16.21,11853.06,2024-08-18,0,0
CUST100686,43,Kolkata,Self-Employed,47091,687,Personal Loan,498634,36,17.88,17996.81,2023-04-27,0,0
CUST100687,35,Pune,Salaried,62614,649,Personal Loan,723201,48,11.64,18917.08,2023-08-20,0,0
CUST100688,37,Hyderabad,Business Owner,86516,593,Personal Loan,142647,12,13.56,12778.35,2023-04-23,30,0
CUST100689,21,Chennai,Salaried,44347,723,Gold Loan,54358,24,9.16,2487.32,2023-02-28,1,0
CUST100690,49,Mumbai,Self-Employed,87665,780,Vehicle Loan,700757,48,11.45,18264.95,2023-09-10,0,0
CUST100691,32,Lucknow,Business Owner,73051,786,Home Loan,1305606,120,8.82,16411.95,2023-01-06,0,0
CUST100692,49,Pune,Self-Employed,27170,572,Gold Loan,59423,12,12.38,5290.23,2024-09-27,0,0
CUST100693,39,Lucknow,Salaried,66257,666,Personal Loan,211194,48,15.08,5886.26,2023-01-21,15,0
CUST100694,31,Lucknow,Self-Employed,33959,519,Personal Loan,116359,48,15.85,3288.71,2023-09-03,0,0
CUST100695,42,Hyderabad,Self-Employed,92312,664,Vehicle Loan,515439,24,11.46,24133.73,2023-03-16,0,0
CUST100696,35,Delhi,Self-Employed,92752,627,Business Loan,1029400,36,17.16,36782.94,2023-09-14,0,0
CUST100697,42,Hyderabad,Self-Employed,50357,721,Personal Loan,124895,36,14.99,4328.91,2024-07-06,0,0
CUST100698,27,Jaipur,Salaried,75249,655,Personal Loan,210348,12,18.01,19285.7,2024-06-05,0,0
CUST100699,40,Jaipur,Salaried,35000,756,Home Loan,842079,180,9.34,8712.08,2024-02-18,0,0
CUST100700,27,Ahmedabad,Self-Employed,58196,707,Personal Loan,335739,48,15.65,9454.86,2024-06-06,0,0
CUST100701,36,Chennai,Self-Employed,77692,636,Gold Loan,372034,12,10.51,32796.01,2024-05-28,0,0
CUST100702,26,Bengaluru,Salaried,25000,732,Business Loan,140016,24,12.08,6596.27,2023-01-01,0,0
CUST100703,42,Ahmedabad,Salaried,26831,590,Gold Loan,56591,12,10.01,4975.51,2024-09-30,30,0
CUST100704,33,Kolkata,Salaried,28910,900,Gold Loan,81946,18,12.36,5010.95,2024-11-01,0,0
CUST100705,46,Jaipur,Salaried,33679,751,Business Loan,283382,24,15.25,13773.93,2023-01-18,0,0
CUST100706,42,Delhi,Self-Employed,93725,900,Personal Loan,102032,48,16.01,2892.14,2024-05-18,300,1
CUST100707,45,Ahmedabad,Self-Employed,71647,625,Personal Loan,167962,12,13.95,15076.87,2024-05-09,0,0
CUST100708,57,Hyderabad,Salaried,59197,699,Personal Loan,207993,24,12.03,9793.87,2024-02-22,0,0
CUST100709,39,Chennai,Salaried,31215,900,Personal Loan,81800,24,17.69,4071.55,2023-12-13,0,0
CUST100710,32,Bengaluru,Salaried,25955,626,Personal Loan,211140,36,12.29,7042.15,2023-06-11,0,0
CUST100711,40,Jaipur,Self-Employed,71195,669,Gold Loan,133688,24,10.01,6169.64,2024-04-01,0,0
CUST100712,33,Mumbai,Salaried,71020,568,Gold Loan,86131,6,12.58,14886.46,2024-08-24,0,0
CUST100713,37,Hyderabad,Salaried,47648,599,Business Loan,151866,12,12.47,13526.52,2024-11-05,0,0
CUST100714,45,Delhi,Salaried,57415,702,Personal Loan,485752,48,13.09,13053.22,2023-01-17,0,0
CUST100715,21,Ahmedabad,Self-Employed,23649,691,Gold Loan,59277,12,11.32,5247.85,2024-10-14,0,0
CUST100716,47,Mumbai,Salaried,72438,697,Home Loan,2979766,180,8.72,29728.46,2024-08-14,0,0
CUST100717,21,Ahmedabad,Salaried,53341,561,Business Loan,320443,60,14.12,7476.1,2023-04-08,0,0
CUST100718,32,Jaipur,Salaried,56815,720,Personal Loan,59718,48,15.76,1685.09,2023-03-14,7,0
CUST100719,41,Pune,Salaried,35652,746,Personal Loan,167133,24,11.79,7851.15,2024-06-05,98,1
CUST100720,36,Chennai,Self-Employed,46740,638,Personal Loan,329430,24,15.66,16076.45,2023-05-17,168,1
CUST100721,40,Pune,Self-Employed,81117,682,Personal Loan,475027,36,17.88,17144.78,2024-02-27,0,0
CUST100722,41,Jaipur,Salaried,39722,541,Gold Loan,48799,6,10.58,8385.98,2023-01-13,270,1
CUST100723,37,Ahmedabad,Salaried,76560,594,Home Loan,1618314,180,10.17,17559.18,2024-05-11,0,0
CUST100724,36,Kolkata,Self-Employed,37136,751,Personal Loan,94587,12,14.15,8499.37,2023-05-30,0,0
CUST100725,25,Hyderabad,Self-Employed,44157,570,Gold Loan,164771,12,12.84,14704.53,2023-01-07,150,1
CUST100726,28,Jaipur,Salaried,93359,665,Gold Loan,92526,6,11.69,15951.04,2024-10-25,0,0
CUST100727,36,Ahmedabad,Self-Employed,37921,602,Personal Loan,93671,36,15.97,3291.81,2024-09-14,0,0
CUST100728,28,Bengaluru,Self-Employed,67537,599,Personal Loan,145304,12,16.73,13233.8,2023-03-27,0,0
CUST100729,35,Delhi,Business Owner,35000,797,Home Loan,1158330,240,9.93,11124.47,2024-08-21,0,0
CUST100730,47,Pune,Business Owner,54406,784,Business Loan,456495,36,16.56,16175.5,2024-10-26,0,0
CUST100731,37,Mumbai,Salaried,93381,655,Business Loan,433420,24,11.27,20255.14,2023-07-16,0,0
CUST100732,35,Delhi,Self-Employed,64759,837,Home Loan,1539597,180,10.3,16828.29,2024-08-21,0,0
CUST100733,21,Pune,Self-Employed,35000,711,Home Loan,1163550,120,9.98,15363.52,2024-07-08,0,0
CUST100734,21,Jaipur,Salaried,47806,638,Home Loan,1373597,240,9.8,13074.01,2023-02-12,0,0
CUST100735,43,Pune,Self-Employed,48755,654,Home Loan,1645611,300,9.14,13968.01,2023-05-27,0,0
CUST100736,34,Ahmedabad,Salaried,101994,674,Business Loan,304251,12,15.36,27512.89,2024-10-12,0,0
CUST100737,49,Jaipur,Salaried,41868,576,Personal Loan,160561,24,17.9,8008.11,2023-04-15,0,0
CUST100738,56,Lucknow,Salaried,76824,576,Home Loan,2955901,300,10.72,28374.8,2024-02-19,0,0
CUST100739,35,Lucknow,Salaried,59425,751,Personal Loan,117387,12,12.03,10431.34,2023-12-29,0,0
CUST100740,40,Jaipur,Salaried,77604,650,Business Loan,858760,36,11.98,28514.92,2023-10-04,1,0
CUST100741,36,Ahmedabad,Business Owner,63276,698,Vehicle Loan,329220,36,9.64,10567.45,2024-08-12,0,0
CUST100742,29,Ahmedabad,Salaried,47209,756,Personal Loan,86542,48,13.5,2343.24,2023-03-27,0,0
CUST100743,44,Jaipur,Salaried,46354,639,Business Loan,429015,36,12.18,14286.35,2023-11-11,253,1
CUST100744,22,Pune,Self-Employed,38455,690,Gold Loan,271702,18,11.21,16469.41,2024-01-19,0,0
CUST100745,21,Ahmedabad,Salaried,102647,546,Gold Loan,114903,18,10.76,6941.02,2024-05-29,0,0
CUST100746,23,Delhi,Business Owner,45487,668,Business Loan,413423,36,16.14,14563.32,2023-05-27,0,0
CUST100747,33,Bengaluru,Business Owner,60674,640,Home Loan,1417144,120,10.09,18798.36,2024-03-19,0,0
CUST100748,34,Lucknow,Salaried,86777,715,Home Loan,1619079,180,10.54,17937.45,2024-06-20,30,0
CUST100749,44,Ahmedabad,Salaried,54474,614,Personal Loan,221539,12,15.02,19997.83,2023-10-18,0,0
CUST100750,32,Pune,Self-Employed,76789,606,Business Loan,714082,60,11.08,15554.38,2023-10-19,262,1
CUST100751,26,Mumbai,Self-Employed,58694,694,Vehicle Loan,249864,60,11.18,5455.11,2024-02-03,0,0
CUST100752,22,Delhi,Salaried,29127,759,Business Loan,127280,24,16.84,6283.23,2024-06-01,0,0
CUST100753,24,Chennai,Salaried,37310,558,Vehicle Loan,182341,36,12.93,6137.64,2024-11-29,340,1
CUST100754,45,Mumbai,Salaried,37859,530,Business Loan,136366,12,13.99,12243.27,2024-08-12,0,0
CUST100755,21,Hyderabad,Salaried,62049,794,Home Loan,1249011,240,11.0,12892.15,2024-04-14,0,0
CUST100756,38,Jaipur,Salaried,40195,730,Home Loan,1088047,240,11.39,11520.9,2024-02-10,30,0
CUST100757,31,Ahmedabad,Salaried,47375,656,Vehicle Loan,292311,24,11.3,13664.73,2023-05-26,0,0
CUST100758,49,Ahmedabad,Salaried,24089,592,Personal Loan,72168,36,18.0,2609.05,2024-04-30,130,1
CUST100759,39,Hyderabad,Self-Employed,52625,630,Personal Loan,154050,24,14.8,7454.74,2023-01-08,0,0
CUST100760,27,Jaipur,Salaried,46076,757,Personal Loan,178131,24,11.88,8375.27,2023-11-22,0,0
CUST100761,51,Lucknow,Salaried,75823,790,Gold Loan,276635,18,10.42,16667.44,2023-08-08,349,1
CUST100762,28,Hyderabad,Self-Employed,45542,709,Personal Loan,91691,12,15.27,8287.56,2023-12-24,1,0
CUST100763,43,Bengaluru,Salaried,88629,660,Personal Loan,89555,12,17.97,8209.12,2023-03-19,0,0
CUST100764,39,Lucknow,Self-Employed,54983,620,Home Loan,1569047,240,11.31,16527.84,2023-02-15,0,0
CUST100765,51,Chennai,Salaried,110998,649,Vehicle Loan,320149,24,12.69,15173.89,2023-09-02,289,1
CUST100766,46,Pune,Salaried,21539,785,Personal Loan,81812,24,16.26,4015.94,2023-10-25,30,0
CUST100767,53,Jaipur,Salaried,25881,713,Gold Loan,73466,12,12.56,6546.63,2023-03-03,0,0
CUST100768,45,Delhi,Self-Employed,117738,586,Home Loan,2053795,180,9.84,21869.59,2023-11-11,0,0
CUST100769,46,Bengaluru,Self-Employed,51702,712,Personal Loan,625000,48,15.22,17464.0,2023-11-07,0,0
CUST100770,50,Ahmedabad,Salaried,47551,660,Personal Loan,367294,48,13.58,9959.64,2024-01-28,0,0
CUST100771,40,Mumbai,Salaried,23362,783,Personal Loan,97543,24,18.49,4892.87,2023-04-19,0,0
CUST100772,39,Lucknow,Salaried,93959,596,Business Loan,358748,60,11.81,7945.75,2023-06-24,0,0
CUST100773,49,Bengaluru,Salaried,34892,530,Vehicle Loan,430521,60,10.11,9170.62,2024-11-29,0,0
CUST100774,39,Hyderabad,Salaried,20000,678,Personal Loan,182091,36,14.01,6224.32,2023-09-20,0,0
CUST100775,44,Bengaluru,Self-Employed,109023,613,Vehicle Loan,944301,60,10.47,20282.68,2024-04-27,0,0
CUST100776,48,Bengaluru,Self-Employed,41699,607,Home Loan,1060757,120,8.86,13356.98,2024-10-23,0,0
CUST100777,50,Hyderabad,Business Owner,72844,724,Business Loan,926472,60,15.75,22407.12,2023-10-17,323,1
CUST100778,43,Hyderabad,Salaried,40516,773,Personal Loan,172881,36,12.25,5762.79,2023-04-17,0,0
CUST100779,21,Jaipur,Business Owner,47936,505,Business Loan,352970,24,12.76,16741.07,2024-07-03,0,0
CUST100780,34,Hyderabad,Salaried,132876,704,Personal Loan,688239,24,12.63,32600.65,2024-05-07,0,0
CUST100781,41,Bengaluru,Self-Employed,73373,659,Home Loan,1647171,300,10.99,16132.23,2024-05-04,0,0
CUST100782,46,Jaipur,Salaried,36883,671,Personal Loan,73986,48,14.88,2054.59,2024-08-22,0,0
CUST100783,54,Jaipur,Self-Employed,53384,676,Home Loan,1514348,180,10.01,16282.53,2023-07-20,0,0
CUST100784,31,Pune,Self-Employed,35000,800,Home Loan,1268823,300,11.08,12509.35,2024-02-06,0,0
CUST100785,36,Bengaluru,Business Owner,23716,519,Personal Loan,75109,24,13.82,3599.82,2023-07-09,0,0
CUST100786,37,Lucknow,Self-Employed,67964,830,Personal Loan,121541,12,15.78,11014.87,2024-09-22,7,0
CUST100787,34,Chennai,Salaried,42199,611,Home Loan,1505455,240,9.5,14032.82,2024-01-11,0,0
CUST100788,21,Mumbai,Self-Employed,84001,821,Personal Loan,593539,48,12.41,15749.91,2024-06-05,0,0
CUST100789,39,Lucknow,Salaried,20000,671,Personal Loan,70912,12,15.06,6402.41,2023-08-14,0,0
CUST100790,21,Delhi,Business Owner,36621,818,Personal Loan,145463,12,14.49,13094.26,2023-03-20,0,0
CUST100791,33,Delhi,Self-Employed,92145,769,Home Loan,1570744,240,8.53,13661.12,2023-08-03,30,0
CUST100792,39,Lucknow,Salaried,28810,774,Personal Loan,75066,12,18.03,6883.12,2024-11-25,0,0
CUST100793,48,Ahmedabad,Self-Employed,35000,766,Home Loan,1532193,300,9.62,13514.75,2023-03-15,98,1
CUST100794,33,Kolkata,Self-Employed,40012,785,Personal Loan,261633,48,13.82,7125.91,2023-08-26,0,0
CUST100795,31,Ahmedabad,Salaried,65920,624,Gold Loan,69729,12,12.09,6198.27,2023-05-01,0,0
CUST100796,38,Hyderabad,Salaried,45211,799,Home Loan,1629505,240,10.94,16753.07,2024-01-30,0,0
CUST100797,23,Kolkata,Salaried,68198,747,Home Loan,1549652,120,10.98,21328.92,2024-05-23,0,0
CUST100798,48,Delhi,Salaried,80336,618,Home Loan,1500102,300,9.97,13599.73,2023-07-28,0,0
CUST100799,33,Hyderabad,Self-Employed,33759,500,Business Loan,102739,12,14.49,9248.34,2023-03-27,0,0
CUST100800,30,Ahmedabad,Business Owner,117388,600,Vehicle Loan,363311,60,9.55,7639.09,2024-09-03,30,0
CUST100801,45,Ahmedabad,Self-Employed,42074,661,Gold Loan,126586,24,9.41,5806.89,2024-06-04,0,0
CUST100802,43,Chennai,Self-Employed,79252,676,Home Loan,1900935,180,9.33,19655.5,2023-08-18,0,0
CUST100803,28,Kolkata,Self-Employed,76228,726,Vehicle Loan,528138,60,10.98,11477.73,2024-02-17,0,0
CUST100804,39,Kolkata,Salaried,53412,654,Gold Loan,139374,18,10.49,8401.87,2024-04-09,0,0
CUST100805,31,Ahmedabad,Salaried,43469,601,Home Loan,1304920,300,11.4,13168.8,2024-08-09,278,1
CUST100806,30,Ahmedabad,Salaried,109874,714,Gold Loan,184041,6,11.16,31679.62,2024-09-25,0,0
CUST100807,36,Bengaluru,Salaried,46718,703,Vehicle Loan,218792,48,10.51,5602.87,2023-08-19,7,0
CUST100808,48,Chennai,Business Owner,88952,529,Home Loan,1992719,240,9.26,18263.57,2024-07-04,170,1
CUST100809,58,Ahmedabad,Salaried,80913,642,Business Loan,939178,36,11.17,30823.15,2024-03-24,0,0
CUST100810,47,Bengaluru,Self-Employed,50383,655,Home Loan,1291128,180,8.55,12752.12,2023-01-23,0,0
CUST100811,51,Delhi,Business Owner,40041,502,Gold Loan,198851,18,10.67,12003.85,2024-04-14,0,0
CUST100812,38,Mumbai,Salaried,39325,661,Personal Loan,244906,36,12.02,8136.72,2024-06-02,0,0
CUST100813,33,Chennai,Salaried,59046,731,Personal Loan,84693,36,14.13,2899.96,2024-08-17,0,0
CUST100814,42,Bengaluru,Self-Employed,47501,733,Vehicle Loan,497911,36,9.84,16028.81,2024-02-21,0,0
CUST100815,41,Delhi,Salaried,60402,550,Home Loan,1673415,240,10.51,16718.28,2023-09-01,121,1
CUST100816,43,Mumbai,Self-Employed,98255,570,Personal Loan,69779,24,12.81,3311.2,2023-10-28,159,1
CUST100817,60,Chennai,Business Owner,36549,736,Personal Loan,106445,48,11.6,2782.25,2023-06-11,0,0
CUST100818,49,Hyderabad,Self-Employed,25000,557,Business Loan,326705,60,13.43,7505.66,2024-07-20,0,0
CUST100819,24,Bengaluru,Self-Employed,35000,863,Home Loan,1227710,240,10.64,12372.88,2023-06-13,0,0
CUST100820,39,Bengaluru,Salaried,67363,634,Gold Loan,138301,12,12.88,12344.88,2024-10-15,1,0
CUST100821,29,Delhi,Salaried,55799,680,Business Loan,300312,36,17.03,10711.43,2023-04-29,0,0
CUST100822,28,Kolkata,Self-Employed,47147,625,Home Loan,879171,120,11.05,12135.48,2023-01-24,0,0
CUST100823,35,Bengaluru,Self-Employed,85966,740,Gold Loan,205678,18,10.5,12399.82,2024-11-24,0,0
CUST100824,24,Delhi,Salaried,68710,643,Gold Loan,85971,12,12.17,7645.26,2023-02-24,0,0
CUST100825,36,Mumbai,Self-Employed,53093,723,Business Loan,307006,24,17.93,15316.62,2023-02-26,0,0
CUST100826,37,Lucknow,Self-Employed,43942,676,Gold Loan,209503,18,9.38,12522.41,2023-07-11,7,0
CUST100827,57,Bengaluru,Salaried,52150,689,Home Loan,1272348,180,9.44,13240.15,2024-11-10,0,0
CUST100828,42,Pune,Salaried,47425,666,Business Loan,334400,36,11.79,11073.35,2023-08-28,15,0
CUST100829,35,Mumbai,Salaried,38899,714,Home Loan,1308942,120,9.55,16973.24,2023-03-26,268,1
CUST100830,40,Pune,Salaried,23047,731,Personal Loan,57205,12,15.08,5165.39,2023-04-14,226,1
CUST100831,44,Mumbai,Salaried,21555,562,Personal Loan,93914,12,12.74,8376.69,2024-06-07,0,0
CUST100832,35,Pune,Salaried,40148,652,Personal Loan,117986,48,16.61,3380.73,2024-02-14,0,0
CUST100833,53,Kolkata,Salaried,71596,604,Home Loan,1674211,240,10.41,16613.89,2023-03-26,0,0
CUST100834,39,Bengaluru,Salaried,35000,720,Home Loan,1028421,180,9.6,10801.17,2024-08-05,0,0
CUST100835,45,Chennai,Self-Employed,59555,762,Home Loan,1704663,240,8.65,14955.69,2023-05-08,0,0
CUST100836,44,Lucknow,Salaried,37990,583,Personal Loan,191029,48,15.31,5346.55,2024-07-25,0,0
CUST100837,41,Bengaluru,Salaried,67041,714,Personal Loan,272667,12,12.79,24327.02,2023-04-06,0,0
CUST100838,59,Jaipur,Salaried,83059,717,Personal Loan,174418,24,14.12,8384.2,2023-06-03,1,0
CUST100839,46,Bengaluru,Salaried,56064,900,Personal Loan,137403,24,13.2,6545.3,2024-11-25,0,0
CUST100840,43,Ahmedabad,Salaried,136905,710,Business Loan,647622,24,15.66,31604.48,2023-12-28,0,0
CUST100841,39,Ahmedabad,Business Owner,74200,705,Gold Loan,51282,6,12.37,8858.0,2024-03-07,90,1
CUST100842,32,Jaipur,Salaried,37836,531,Business Loan,110224,12,15.63,9981.43,2024-10-24,207,1
CUST100843,22,Hyderabad,Salaried,109802,765,Personal Loan,549090,48,11.65,14365.47,2024-03-20,0,0
CUST100844,51,Delhi,Self-Employed,59762,738,Personal Loan,515565,48,16.5,14743.62,2023-12-13,0,0
CUST100845,40,Kolkata,Salaried,42918,672,Business Loan,297242,36,15.0,10303.99,2024-09-26,0,0
CUST100846,39,Kolkata,Salaried,35821,674,Business Loan,230300,36,13.71,7838.71,2024-01-22,0,0
CUST100847,22,Mumbai,Salaried,35000,624,Home Loan,1161380,180,9.66,12239.79,2023-05-02,0,0
CUST100848,40,Lucknow,Business Owner,38910,705,Home Loan,1710878,300,10.39,16019.57,2023-09-09,0,0
CUST100849,50,Mumbai,Self-Employed,29981,574,Personal Loan,132352,48,11.98,3484.04,2024-06-06,0,0
CUST100850,54,Kolkata,Salaried,31242,750,Personal Loan,141550,24,13.03,6731.54,2023-07-23,0,0
CUST100851,27,Delhi,Self-Employed,21463,683,Vehicle Loan,210127,36,10.7,6849.47,2024-06-14,0,0
CUST100852,31,Chennai,Self-Employed,42076,768,Business Loan,326069,24,16.27,16007.45,2023-10-06,0,0
CUST100853,34,Hyderabad,Salaried,28657,721,Vehicle Loan,225667,36,10.46,7330.47,2023-06-25,0,0
CUST100854,34,Delhi,Self-Employed,29461,733,Personal Loan,123965,36,12.86,4168.52,2024-01-21,0,0
CUST100855,31,Lucknow,Business Owner,49980,618,Gold Loan,222981,24,9.23,10210.38,2024-07-22,7,0
CUST100856,40,Pune,Salaried,90860,846,Home Loan,1694520,120,9.28,21723.08,2024-02-12,0,0
CUST100857,43,Mumbai,Salaried,41245,660,Gold Loan,95990,12,10.29,8452.0,2024-07-09,0,0
CUST100858,50,Kolkata,Salaried,89869,596,Home Loan,1974239,120,10.34,26462.83,2024-05-17,0,0
CUST100859,48,Delhi,Salaried,35000,591,Home Loan,787728,180,10.7,8805.46,2023-01-01,0,0
CUST100860,37,Mumbai,Salaried,44114,490,Vehicle Loan,298655,36,13.9,10192.82,2023-09-25,0,0
CUST100861,31,Bengaluru,Salaried,52795,649,Business Loan,202228,12,16.36,18382.79,2024-06-09,220,1
CUST100862,29,Bengaluru,Salaried,55066,691,Personal Loan,318203,36,14.32,10924.95,2024-11-30,1,0
CUST100863,36,Lucknow,Salaried,31996,699,Gold Loan,98607,24,9.69,4536.12,2023-05-15,0,0
CUST100864,44,Delhi,Salaried,39173,524,Personal Loan,97682,12,12.65,8708.66,2023-08-31,0,0
CUST100865,34,Hyderabad,Salaried,36697,883,Gold Loan,218611,18,12.4,13372.0,2024-05-25,0,0
CUST100866,50,Jaipur,Self-Employed,52106,682,Personal Loan,79382,12,16.17,7208.78,2023-12-08,0,0
CUST100867,43,Pune,Salaried,52893,657,Personal Loan,100395,24,17.38,4982.11,2023-12-12,0,0
CUST100868,52,Jaipur,Self-Employed,125540,749,Business Loan,432342,12,17.97,39630.94,2023-12-21,0,0
CUST100869,21,Hyderabad,Self-Employed,67284,553,Vehicle Loan,614935,36,11.48,20272.25,2023-08-25,0,0
CUST100870,50,Chennai,Salaried,77836,590,Personal Loan,104769,36,17.48,3760.38,2023-05-13,0,0
CUST100871,28,Bengaluru,Salaried,37158,513,Personal Loan,184367,36,16.8,6554.85,2024-07-30,97,1
CUST100872,33,Delhi,Business Owner,23184,805,Gold Loan,60261,12,9.25,5276.9,2024-10-06,0,0
CUST100873,46,Jaipur,Salaried,82453,616,Home Loan,1592103,180,10.06,17167.31,2023-09-14,1,0
CUST100874,40,Chennai,Self-Employed,35000,675,Home Loan,932738,180,11.04,10624.91,2024-10-29,1,0
CUST100875,36,Bengaluru,Salaried,36557,612,Personal Loan,101851,24,13.45,4863.74,2024-05-23,0,0
CUST100876,58,Bengaluru,Business Owner,35000,714,Home Loan,1298275,180,11.44,15116.83,2023-01-30,0,0
CUST100877,34,Ahmedabad,Salaried,27078,653,Business Loan,88339,12,12.36,7863.7,2024-10-02,0,0
CUST100878,28,Jaipur,Business Owner,113529,654,Vehicle Loan,1141712,48,13.18,30731.37,2024-05-06,0,0
CUST100879,32,Delhi,Salaried,22565,739,Gold Loan,57276,12,10.42,5046.67,2023-08-19,0,0
CUST100880,23,Pune,Self-Employed,44677,774,Gold Loan,61290,6,10.55,10531.62,2023-11-02,0,0
CUST100881,21,Lucknow,Salaried,65164,684,Personal Loan,613195,36,18.49,22319.49,2024-08-29,0,0
CUST100882,45,Chennai,Self-Employed,44891,556,Personal Loan,303838,36,16.83,10806.96,2023-08-27,0,0
CUST100883,55,Bengaluru,Self-Employed,104466,749,Vehicle Loan,345524,24,13.66,16534.16,2024-01-07,0,0
CUST100884,45,Jaipur,Salaried,25339,597,Business Loan,118857,12,16.63,10819.46,2024-04-07,0,0
CUST100885,38,Delhi,Self-Employed,32740,543,Gold Loan,61396,18,10.68,3706.52,2023-12-19,141,1
CUST100886,33,Delhi,Salaried,65529,520,Vehicle Loan,610279,36,9.83,19643.31,2023-05-11,0,0
CUST100887,31,Ahmedabad,Self-Employed,49234,504,Personal Loan,124983,36,18.37,4541.67,2023-05-13,0,0
CUST100888,21,Delhi,Business Owner,40393,586,Gold Loan,71228,12,12.14,6333.19,2023-07-09,0,0
CUST100889,45,Hyderabad,Self-Employed,31761,740,Personal Loan,231792,24,18.49,11626.96,2023-04-14,0,0
CUST100890,48,Ahmedabad,Salaried,78591,632,Personal Loan,778471,48,13.87,21222.14,2024-10-25,0,0
CUST100891,64,Bengaluru,Salaried,37849,634,Home Loan,839676,300,10.24,7772.66,2023-04-28,1,0
CUST100892,28,Kolkata,Salaried,37953,694,Gold Loan,67519,24,10.69,3137.21,2024-10-31,0,0
CUST100893,44,Kolkata,Self-Employed,68023,672,Business Loan,355549,36,14.84,12297.38,2023-03-06,0,0
CUST100894,23,Hyderabad,Business Owner,51205,760,Personal Loan,137184,24,18.45,6878.65,2023-12-17,0,0
CUST100895,27,Kolkata,Salaried,111981,639,Personal Loan,475010,48,16.61,13610.78,2023-07-27,225,1
CUST100896,40,Ahmedabad,Self-Employed,46953,659,Personal Loan,193522,24,17.75,9638.05,2023-05-19,0,0
CUST100897,42,Bengaluru,Salaried,66375,644,Vehicle Loan,381691,60,9.96,8102.3,2023-12-02,0,0
CUST100898,47,Bengaluru,Salaried,43264,704,Business Loan,537821,60,15.4,12907.92,2024-07-18,0,0
CUST100899,35,Ahmedabad,Business Owner,44309,691,Business Loan,293885,24,15.61,14334.82,2024-05-05,1,0
CUST100900,50,Ahmedabad,Salaried,74696,690,Business Loan,175149,12,14.84,15795.43,2023-09-13,0,0
CUST100901,40,Ahmedabad,Salaried,82508,747,Business Loan,322070,24,12.29,15204.61,2023-11-18,7,0
CUST100902,41,Chennai,Self-Employed,62947,705,Business Loan,263182,12,12.0,23383.4,2023-07-13,7,0
CUST100903,41,Chennai,Salaried,86449,619,Vehicle Loan,322207,36,12.96,10850.22,2024-03-14,298,1
CUST100904,36,Lucknow,Salaried,94799,760,Gold Loan,436862,24,11.47,20456.65,2023-01-20,0,0
CUST100905,40,Delhi,Self-Employed,27662,625,Personal Loan,87835,48,17.83,2572.36,2023-11-26,0,0
CUST100906,31,Delhi,Self-Employed,120157,595,Personal Loan,308025,24,15.48,15005.44,2023-11-08,163,1
CUST100907,39,Jaipur,Salaried,66174,728,Home Loan,1646541,240,10.63,16582.77,2024-01-22,7,0
CUST100908,31,Hyderabad,Salaried,84126,756,Vehicle Loan,1071726,36,11.79,35489.24,2024-11-29,350,1
CUST100909,47,Lucknow,Self-Employed,45082,643,Business Loan,271020,24,17.41,13453.3,2023-09-20,0,0
CUST100910,42,Pune,Salaried,61012,749,Personal Loan,135847,48,15.87,3840.9,2023-06-01,0,0
CUST100911,41,Jaipur,Salaried,113124,804,Personal Loan,621022,48,15.36,17397.05,2023-06-08,0,0
CUST100912,44,Lucknow,Self-Employed,47590,763,Business Loan,610722,60,16.47,15004.52,2023-05-23,0,0
CUST100913,24,Pune,Business Owner,74330,662,Home Loan,1872456,300,8.53,15115.4,2023-10-15,0,0
CUST100914,22,Lucknow,Business Owner,58009,668,Personal Loan,179580,12,12.99,16038.75,2023-07-28,1,0
CUST100915,23,Delhi,Salaried,113446,673,Personal Loan,158463,48,18.93,4732.21,2024-09-03,0,0
CUST100916,44,Kolkata,Salaried,83896,792,Gold Loan,144901,24,11.31,6774.4,2023-12-11,0,0
CUST100917,50,Bengaluru,Self-Employed,76063,801,Business Loan,359092,24,15.72,17534.26,2024-01-25,0,0
CUST100918,30,Ahmedabad,Salaried,101708,735,Gold Loan,135854,12,9.84,11933.62,2024-11-29,0,0
CUST100919,23,Jaipur,Salaried,50379,719,Personal Loan,234436,24,16.17,11497.77,2023-07-30,236,1
CUST100920,30,Kolkata,Business Owner,22958,675,Personal Loan,161909,48,14.23,4443.11,2023-09-30,0,0
CUST100921,52,Bengaluru,Salaried,125701,534,Gold Loan,701728,24,9.44,32200.11,2024-07-03,0,0
CUST100922,36,Hyderabad,Salaried,43741,654,Personal Loan,542241,48,18.6,16098.84,2023-08-11,0,0
CUST100923,48,Delhi,Salaried,43899,584,Personal Loan,175060,36,17.71,6303.4,2023-03-08,0,0
CUST100924,49,Pune,Self-Employed,76929,611,Business Loan,363017,24,15.02,17604.93,2023-02-09,222,1
CUST100925,48,Mumbai,Salaried,48126,782,Personal Loan,279877,24,17.19,13863.32,2024-10-18,1,0
CUST100926,52,Delhi,Salaried,20000,617,Vehicle Loan,154757,36,10.76,5048.97,2023-06-25,0,0
CUST100927,29,Jaipur,Self-Employed,51094,722,Gold Loan,51653,12,12.91,4611.32,2024-09-14,0,0
CUST100928,31,Hyderabad,Salaried,20281,709,Gold Loan,55709,12,12.27,4956.72,2024-10-22,0,0
CUST100929,25,Chennai,Self-Employed,32854,678,Personal Loan,161408,24,18.19,8072.98,2023-03-22,0,0
CUST100930,40,Kolkata,Self-Employed,39996,517,Personal Loan,121619,48,11.69,3184.21,2024-07-07,7,0
CUST100931,38,Lucknow,Salaried,39392,633,Business Loan,354949,60,17.13,8846.23,2024-05-21,1,0
CUST100932,48,Lucknow,Business Owner,66340,744,Personal Loan,61284,12,16.32,5569.63,2024-10-27,0,0
CUST100933,21,Delhi,Salaried,42692,639,Business Loan,190076,24,12.03,8950.2,2024-04-23,0,0
CUST100934,43,Mumbai,Salaried,57083,613,Home Loan,1567488,120,9.26,20077.51,2023-01-26,7,0
CUST100935,23,Kolkata,Salaried,25320,712,Business Loan,374066,60,17.22,9340.81,2023-05-02,0,0
CUST100936,39,Chennai,Salaried,27939,709,Personal Loan,100395,24,16.38,4933.9,2023-07-20,0,0
CUST100937,49,Jaipur,Business Owner,38394,656,Personal Loan,85365,12,16.39,7761.0,2024-05-07,1,0
CUST100938,34,Jaipur,Self-Employed,54118,689,Personal Loan,259303,36,15.83,9094.58,2024-06-17,15,0
CUST100939,21,Chennai,Salaried,90161,607,Gold Loan,151243,12,12.16,13449.08,2024-08-12,0,0
CUST100940,29,Pune,Self-Employed,29957,758,Business Loan,96279,12,15.15,8696.8,2023-12-15,7,0
CUST100941,56,Lucknow,Salaried,20360,681,Vehicle Loan,194347,36,11.69,6426.36,2024-08-04,30,0
CUST100942,35,Hyderabad,Salaried,58448,841,Personal Loan,214965,36,18.74,7851.53,2023-09-01,0,0
CUST100943,55,Ahmedabad,Salaried,43317,900,Home Loan,823409,120,10.94,11314.51,2023-10-14,0,0
CUST100944,26,Jaipur,Salaried,50848,719,Business Loan,365819,36,13.36,12389.42,2024-04-15,0,0
CUST100945,42,Mumbai,Salaried,24810,899,Personal Loan,106196,12,14.55,9562.54,2024-09-08,0,0
CUST100946,37,Mumbai,Salaried,53194,634,Home Loan,1212247,120,8.5,15030.13,2023-11-06,0,0
CUST100947,27,Mumbai,Self-Employed,36274,630,Vehicle Loan,188193,60,12.76,4258.88,2023-08-10,0,0
CUST100948,37,Kolkata,Self-Employed,28613,775,Gold Loan,52939,24,9.63,2433.84,2023-07-31,0,0
CUST100949,46,Chennai,Salaried,35000,573,Home Loan,855977,180,8.71,8534.84,2023-12-27,0,0
CUST100950,35,Chennai,Salaried,21354,515,Gold Loan,34417,6,10.87,5919.39,2024-02-02,278,1
CUST100951,39,Hyderabad,Self-Employed,50443,541,Business Loan,281978,24,15.45,13732.53,2024-09-03,265,1
CUST100952,26,Bengaluru,Salaried,41673,724,Gold Loan,125506,18,9.06,7483.32,2023-08-06,0,0
CUST100953,47,Lucknow,Salaried,54025,659,Personal Loan,584867,36,16.55,20721.35,2023-06-30,0,0
CUST100954,35,Hyderabad,Salaried,36025,749,Home Loan,1272889,300,11.41,12854.84,2024-07-23,224,1
CUST100955,44,Delhi,Salaried,25000,733,Business Loan,116933,12,14.96,10551.97,2024-03-25,0,0
CUST100956,49,Jaipur,Salaried,46001,685,Vehicle Loan,259893,36,9.86,8368.94,2023-12-29,0,0
CUST100957,47,Ahmedabad,Salaried,35000,739,Home Loan,1155302,180,9.55,12098.83,2023-11-23,1,0
CUST100958,34,Kolkata,Salaried,62347,639,Personal Loan,136834,12,14.69,12330.4,2024-07-13,0,0
CUST100959,53,Lucknow,Salaried,91006,656,Personal Loan,152694,36,15.56,5335.16,2023-01-20,0,0
CUST100960,51,Ahmedabad,Self-Employed,36910,900,Business Loan,389592,36,16.59,13810.65,2024-04-27,0,0
CUST100961,43,Mumbai,Business Owner,35777,561,Business Loan,158691,12,16.46,14432.74,2023-04-19,0,0
CUST100962,31,Pune,Salaried,55212,652,Business Loan,385167,24,17.2,19080.56,2024-04-28,0,0
CUST100963,34,Delhi,Salaried,50338,662,Gold Loan,215731,24,12.36,10191.51,2024-04-09,0,0
CUST100964,33,Mumbai,Salaried,110638,699,Vehicle Loan,816331,36,11.72,27004.83,2024-02-15,0,0
CUST100965,38,Pune,Salaried,31083,649,Personal Loan,158415,36,17.44,5682.68,2023-01-16,0,0
CUST100966,43,Lucknow,Salaried,162814,714,Home Loan,1881579,300,9.02,15815.92,2023-05-11,0,0
CUST100967,44,Delhi,Self-Employed,56021,654,Personal Loan,135193,12,18.44,12422.82,2023-01-08,0,0
CUST100968,34,Kolkata,Self-Employed,55925,744,Vehicle Loan,321933,24,11.43,15068.95,2024-07-18,258,1
CUST100969,25,Jaipur,Self-Employed,106632,803,Personal Loan,261296,12,12.12,23230.5,2024-03-19,0,0
CUST100970,35,Kolkata,Salaried,20000,799,Vehicle Loan,291526,48,11.1,7548.81,2023-07-11,0,0
CUST100971,29,Delhi,Business Owner,65675,685,Home Loan,1717850,300,10.01,15622.23,2024-03-20,0,0
CUST100972,32,Pune,Business Owner,44954,734,Personal Loan,72277,36,11.77,2392.7,2023-02-24,0,0
CUST100973,35,Pune,Business Owner,42667,683,Personal Loan,471801,48,16.54,13501.81,2023-09-06,0,0
CUST100974,30,Jaipur,Salaried,32907,693,Business Loan,314915,60,14.16,7353.67,2024-09-11,218,1
CUST100975,42,Ahmedabad,Salaried,76986,637,Vehicle Loan,245702,36,9.97,7924.65,2023-10-31,15,0
CUST100976,35,Chennai,Salaried,58327,588,Home Loan,1573139,240,9.86,15035.5,2024-03-04,0,0
CUST100977,62,Chennai,Salaried,25708,760,Vehicle Loan,190517,36,10.78,6217.45,2023-08-04,0,0
CUST100978,41,Lucknow,Self-Employed,38176,590,Home Loan,1011477,300,8.62,8226.64,2023-04-15,0,0
CUST100979,39,Delhi,Business Owner,26249,648,Gold Loan,96910,24,12.54,4586.37,2023-04-02,0,0
CUST100980,33,Ahmedabad,Salaried,37467,711,Gold Loan,165764,12,12.39,14758.19,2023-03-23,0,0
CUST100981,25,Mumbai,Salaried,38648,620,Vehicle Loan,360397,60,9.58,7583.11,2024-01-01,0,0
CUST100982,37,Bengaluru,Salaried,42968,652,Personal Loan,272904,36,14.1,9340.47,2024-04-04,0,0
CUST100983,44,Mumbai,Salaried,73754,844,Personal Loan,118740,12,16.02,10774.51,2024-06-21,0,0
CUST100984,44,Lucknow,Business Owner,97239,882,Business Loan,438882,24,14.82,21242.4,2024-04-19,0,0
CUST100985,36,Bengaluru,Salaried,35000,632,Home Loan,880283,240,9.49,8199.64,2024-03-30,0,0
CUST100986,37,Bengaluru,Self-Employed,20000,812,Personal Loan,44834,12,18.04,4111.23,2023-04-28,307,1
CUST100987,40,Hyderabad,Self-Employed,84821,641,Vehicle Loan,806035,48,11.26,20934.32,2024-10-07,0,0
CUST100988,40,Jaipur,Self-Employed,26437,900,Vehicle Loan,213435,24,11.3,9977.5,2024-11-22,0,0
CUST100989,42,Mumbai,Business Owner,86862,537,Personal Loan,310630,48,14.09,8502.45,2024-01-10,119,1
CUST100990,28,Chennai,Salaried,52418,646,Business Loan,386619,60,14.66,9128.78,2023-06-23,7,0
CUST100991,38,Kolkata,Business Owner,21895,830,Vehicle Loan,270406,60,11.87,5997.28,2023-01-18,0,0
CUST100992,47,Hyderabad,Self-Employed,53629,680,Home Loan,996299,180,11.44,11600.69,2023-12-26,0,0
CUST100993,42,Jaipur,Self-Employed,48645,647,Personal Loan,255025,48,18.7,7584.96,2024-09-14,15,0
CUST100994,64,Jaipur,Salaried,113555,811,Home Loan,2935213,240,10.12,28559.2,2024-03-07,0,0
CUST100995,48,Pune,Salaried,30307,707,Personal Loan,122014,24,18.78,6137.52,2023-11-09,0,0
CUST100996,21,Chennai,Salaried,56358,682,Home Loan,1782372,180,11.17,20449.06,2024-05-11,0,0
CUST100997,26,Lucknow,Self-Employed,57736,748,Business Loan,868558,60,12.61,19589.39,2023-10-07,0,0
CUST100998,43,Pune,Salaried,71314,879,Gold Loan,84098,6,11.73,14499.75,2024-05-27,0,0
CUST100999,38,Pune,Self-Employed,21475,695,Personal Loan,54800,48,17.04,1582.39,2024-07-27,0,0
CUST101000,41,Jaipur,Business Owner,35000,600,Home Loan,824318,300,10.55,7812.52,2024-01-12,108,1
CUST101001,31,Pune,Self-Employed,35026,665,Vehicle Loan,362070,36,9.85,11657.5,2023-02-18,0,0
CUST101002,40,Ahmedabad,Business Owner,21422,616,Personal Loan,70845,12,14.23,6368.64,2023-12-25,0,0
CUST101003,45,Chennai,Salaried,33706,607,Personal Loan,149007,36,12.45,4981.25,2024-08-10,0,0
CUST101004,51,Delhi,Salaried,35153,888,Vehicle Loan,286348,48,10.85,7379.97,2024-09-14,0,0
CUST101005,40,Delhi,Self-Employed,54874,536,Business Loan,573238,60,17.14,14289.63,2024-02-26,0,0
CUST101006,37,Kolkata,Salaried,49864,830,Personal Loan,98731,12,14.21,8874.53,2024-08-12,0,0
CUST101007,60,Jaipur,Self-Employed,76491,717,Gold Loan,83336,6,10.91,14334.64,2024-07-11,0,0
CUST101008,27,Hyderabad,Self-Employed,41642,615,Business Loan,400723,36,15.7,14028.95,2023-01-23,0,0
CUST101009,29,Kolkata,Salaried,66110,592,Business Loan,355813,36,13.6,12091.83,2024-03-28,0,0
CUST101010,39,Chennai,Business Owner,46576,697,Personal Loan,264776,36,13.23,8950.71,2023-01-07,0,0
CUST101011,45,Delhi,Self-Employed,44962,578,Business Loan,492060,60,16.36,12060.27,2023-01-23,0,0
CUST101012,48,Pune,Salaried,45569,647,Personal Loan,139923,24,17.15,6928.2,2024-04-22,0,0
CUST101013,35,Ahmedabad,Salaried,83078,698,Personal Loan,578756,48,12.39,15351.92,2023-06-08,0,0
CUST101014,31,Chennai,Self-Employed,141551,728,Home Loan,3486281,300,11.03,34245.14,2024-01-04,0,0
CUST101015,21,Ahmedabad,Self-Employed,72181,755,Personal Loan,403426,36,15.02,13988.85,2023-05-04,177,1
CUST101016,28,Lucknow,Self-Employed,43957,755,Personal Loan,275492,36,13.05,9289.05,2024-03-31,0,0
CUST101017,24,Hyderabad,Salaried,72829,628,Personal Loan,99975,24,12.36,4723.0,2023-02-11,0,0
CUST101018,31,Jaipur,Business Owner,44280,681,Vehicle Loan,510989,48,11.44,13316.23,2023-08-20,0,0
CUST101019,23,Pune,Salaried,78888,651,Gold Loan,90315,6,12.14,15589.95,2023-08-17,0,0
CUST101020,40,Bengaluru,Self-Employed,20000,695,Personal Loan,91133,24,11.58,4272.09,2023-02-21,30,0
CUST101021,21,Hyderabad,Self-Employed,52911,765,Gold Loan,81752,6,9.81,14017.83,2023-10-08,0,0
CUST101022,44,Delhi,Salaried,70285,664,Personal Loan,235030,12,11.94,20875.53,2024-08-29,0,0
CUST101023,41,Jaipur,Business Owner,40011,594,Vehicle Loan,222894,24,11.95,10487.19,2024-11-04,30,0
CUST101024,51,Mumbai,Business Owner,39959,726,Personal Loan,95476,24,18.65,4796.59,2024-11-07,0,0
CUST101025,32,Pune,Self-Employed,64427,784,Personal Loan,713603,36,15.24,24821.23,2024-05-31,110,1
CUST101026,33,Bengaluru,Self-Employed,95198,619,Home Loan,1679037,180,10.37,18424.97,2023-10-03,0,0
CUST101027,51,Mumbai,Salaried,68018,709,Business Loan,450283,36,17.82,16238.18,2024-04-29,0,0
CUST101028,48,Bengaluru,Salaried,38840,625,Home Loan,850042,120,9.55,11022.62,2024-01-12,0,0
CUST101029,40,Lucknow,Salaried,62826,813,Gold Loan,237221,18,11.68,14430.98,2023-08-28,240,1
CUST101030,28,Jaipur,Business Owner,26403,701,Business Loan,165484,24,16.36,8131.11,2023-01-22,0,0
CUST101031,56,Bengaluru,Salaried,40978,782,Business Loan,316264,60,17.82,8000.09,2024-11-16,0,0
CUST101032,23,Ahmedabad,Salaried,53242,666,Personal Loan,280562,24,17.37,13921.55,2023-10-06,0,0
CUST101033,49,Delhi,Self-Employed,54595,665,Gold Loan,364696,24,12.69,17285.26,2023-09-19,0,0
CUST101034,41,Chennai,Salaried,152102,593,Business Loan,826851,24,16.62,40730.57,2024-10-14,0,0
CUST101035,30,Mumbai,Salaried,52325,561,Gold Loan,110796,12,11.99,9843.57,2023-10-08,0,0
CUST101036,21,Pune,Self-Employed,42983,601,Business Loan,380255,60,14.96,9038.26,2024-02-21,30,0
CUST101037,36,Jaipur,Business Owner,68917,487,Home Loan,1712726,240,10.6,17214.71,2023-08-27,0,0
CUST101038,21,Lucknow,Salaried,41568,679,Personal Loan,243222,24,15.26,11823.09,2023-04-29,0,0
CUST101039,40,Mumbai,Salaried,68751,750,Vehicle Loan,676925,36,13.54,22984.74,2023-02-18,0,0
CUST101040,29,Bengaluru,Salaried,49449,667,Home Loan,2019649,300,9.13,17128.98,2023-08-29,0,0
CUST101041,58,Delhi,Salaried,93364,614,Business Loan,307635,24,13.73,14731.23,2024-04-26,30,0
CUST101042,43,Lucknow,Salaried,44967,709,Business Loan,507257,36,12.3,16920.97,2023-02-09,0,0
CUST101043,22,Jaipur,Self-Employed,41972,693,Personal Loan,258694,24,15.51,12605.98,2024-04-04,0,0
CUST101044,42,Bengaluru,Salaried,42911,752,Vehicle Loan,501277,60,12.85,11367.14,2023-12-10,312,1
CUST101045,54,Mumbai,Salaried,85478,630,Personal Loan,117130,12,13.71,10500.79,2024-10-12,0,0
CUST101046,28,Delhi,Salaried,55107,774,Personal Loan,534300,36,18.21,19372.56,2023-12-16,0,0
CUST101047,36,Pune,Business Owner,55431,552,Home Loan,1493715,180,11.45,17401.97,2023-02-15,257,1
CUST101048,25,Jaipur,Self-Employed,127322,627,Business Loan,445776,24,11.79,20940.53,2023-11-30,265,1
CUST101049,26,Chennai,Self-Employed,49769,714,Business Loan,358934,36,15.92,12604.88,2023-11-21,0,0
CUST101050,47,Delhi,Business Owner,22045,572,Personal Loan,63014,12,15.15,5692.0,2024-09-21,201,1
CUST101051,21,Bengaluru,Business Owner,62606,722,Personal Loan,308275,36,13.54,10467.37,2023-01-30,0,0
CUST101052,35,Mumbai,Salaried,35000,814,Home Loan,1364247,300,10.05,12445.04,2023-10-10,0,0
CUST101053,28,Mumbai,Salaried,68814,642,Home Loan,1414778,300,10.96,13825.53,2024-10-13,0,0
CUST101054,34,Delhi,Salaried,39542,756,Gold Loan,145982,12,10.14,12843.64,2023-03-25,0,0
CUST101055,25,Mumbai,Business Owner,70064,674,Home Loan,1500429,300,11.33,15065.24,2023-09-11,298,1
CUST101056,31,Delhi,Self-Employed,104053,840,Personal Loan,309375,36,11.86,10255.0,2024-02-04,0,0
CUST101057,36,Pune,Self-Employed,28828,634,Vehicle Loan,243155,36,13.63,8266.83,2023-01-27,116,1
CUST101058,50,Jaipur,Self-Employed,45022,625,Vehicle Loan,278852,36,9.57,8941.58,2024-03-18,0,0
CUST101059,58,Chennai,Self-Employed,33241,657,Personal Loan,55569,12,16.88,5064.99,2023-12-25,15,0
CUST101060,40,Ahmedabad,Salaried,31928,537,Business Loan,455731,60,13.39,10460.49,2023-06-04,0,0
CUST101061,33,Kolkata,Salaried,19998,675,Gold Loan,47122,12,9.71,4136.42,2023-08-06,0,0
CUST101062,53,Bengaluru,Business Owner,65009,605,Business Loan,159332,12,11.45,14115.49,2023-02-28,0,0
CUST101063,52,Bengaluru,Salaried,43546,667,Business Loan,124820,12,17.04,11386.55,2023-09-01,0,0
CUST101064,54,Delhi,Self-Employed,46409,581,Vehicle Loan,212674,48,10.84,5480.16,2023-10-14,0,0
CUST101065,23,Jaipur,Business Owner,72192,638,Personal Loan,422649,48,18.97,12630.57,2023-05-08,0,0
CUST101066,38,Chennai,Business Owner,61798,665,Personal Loan,301856,48,12.72,8056.15,2024-09-11,0,0
CUST101067,37,Delhi,Salaried,64970,615,Personal Loan,69242,12,15.2,6256.2,2023-12-07,0,0
CUST101068,46,Pune,Self-Employed,76590,579,Gold Loan,68629,24,11.5,3214.6,2024-10-31,0,0
CUST101069,30,Ahmedabad,Self-Employed,22771,626,Gold Loan,53215,18,9.42,3181.74,2023-07-27,0,0
CUST101070,37,Bengaluru,Business Owner,47418,642,Personal Loan,160031,12,14.35,14395.09,2023-07-17,0,0
CUST101071,37,Pune,Salaried,46721,862,Personal Loan,101574,24,11.88,4775.75,2023-05-29,0,0
CUST101072,40,Pune,Self-Employed,60865,575,Personal Loan,187362,36,13.49,6357.28,2023-10-09,0,0
CUST101073,52,Lucknow,Business Owner,40657,714,Home Loan,1074818,300,11.05,10573.31,2023-08-02,0,0
CUST101074,45,Delhi,Salaried,35000,704,Home Loan,1098759,120,10.65,14918.54,2023-01-21,219,1
CUST101075,29,Chennai,Salaried,35862,774,Personal Loan,225514,24,11.83,10597.83,2024-07-08,30,0
CUST101076,57,Lucknow,Self-Employed,46565,797,Personal Loan,278282,36,17.09,9933.98,2024-06-09,0,0
CUST101077,50,Mumbai,Self-Employed,22539,597,Vehicle Loan,180772,48,9.99,4583.98,2023-04-17,7,0
CUST101078,53,Lucknow,Salaried,59341,736,Business Loan,483385,36,11.16,15862.06,2024-11-06,0,0
CUST101079,42,Pune,Salaried,63014,533,Business Loan,340261,24,15.34,16553.13,2023-09-11,7,0
CUST101080,30,Pune,Business Owner,39297,673,Business Loan,307212,36,17.08,10965.18,2024-01-05,0,0
CUST101081,39,Ahmedabad,Self-Employed,41086,682,Personal Loan,155992,12,16.48,14188.75,2023-02-12,0,0
CUST101082,33,Bengaluru,Business Owner,139669,564,Vehicle Loan,1101412,60,13.83,25530.96,2024-01-11,0,0
CUST101083,27,Mumbai,Business Owner,53087,688,Home Loan,1197129,300,11.42,12098.48,2023-10-23,0,0
CUST101084,37,Chennai,Business Owner,61896,593,Vehicle Loan,865218,60,13.9,20087.28,2024-05-08,344,1
CUST101085,37,Delhi,Salaried,56601,813,Home Loan,1629150,300,10.31,15161.59,2023-11-04,30,0
CUST101086,33,Chennai,Salaried,52740,708,Personal Loan,122864,36,15.82,4308.62,2023-07-16,0,0
CUST101087,50,Jaipur,Self-Employed,42402,596,Personal Loan,95329,12,16.34,8664.63,2024-05-12,0,0
CUST101088,39,Ahmedabad,Salaried,37568,565,Personal Loan,192611,48,18.52,5710.42,2023-10-27,226,1
CUST101089,40,Lucknow,Self-Employed,58968,708,Personal Loan,160230,24,15.81,7830.82,2024-10-18,0,0
CUST101090,21,Bengaluru,Self-Employed,82863,831,Business Loan,546103,24,17.0,27000.57,2024-08-20,0,0
CUST101091,34,Lucknow,Salaried,44126,651,Home Loan,916401,120,10.58,12406.54,2024-03-19,0,0
CUST101092,48,Ahmedabad,Salaried,93366,616,Home Loan,2675606,120,9.51,34636.34,2023-05-29,0,0
CUST101093,39,Kolkata,Self-Employed,55997,725,Business Loan,588407,36,14.25,20181.88,2023-08-13,94,1
CUST101094,43,Mumbai,Salaried,37918,793,Personal Loan,143760,36,14.62,4956.78,2023-04-15,0,0
CUST101095,49,Ahmedabad,Salaried,50483,501,Gold Loan,90806,12,11.01,8026.01,2024-11-02,7,0
CUST101096,40,Ahmedabad,Self-Employed,53198,717,Home Loan,1610804,120,9.06,20457.33,2023-09-02,0,0
CUST101097,45,Chennai,Salaried,21244,603,Personal Loan,71945,24,15.42,3502.75,2023-01-07,297,1
CUST101098,38,Bengaluru,Salaried,65602,686,Personal Loan,61146,48,13.45,1654.08,2023-10-30,0,0
CUST101099,36,Bengaluru,Salaried,64434,666,Personal Loan,109218,12,12.16,9712.06,2024-02-24,0,0
CUST101100,55,Lucknow,Self-Employed,203068,614,Business Loan,859396,24,11.12,40102.49,2023-11-18,0,0
CUST101101,25,Chennai,Business Owner,105245,601,Home Loan,3884411,180,9.79,41244.46,2024-09-22,0,0
CUST101102,49,Lucknow,Self-Employed,35000,877,Home Loan,1015069,240,10.33,10018.6,2024-05-15,0,0
CUST101103,38,Bengaluru,Self-Employed,26868,870,Personal Loan,208224,48,14.55,5747.64,2024-05-22,15,0
CUST101104,33,Lucknow,Salaried,44266,703,Business Loan,464960,60,13.42,10679.5,2024-10-06,0,0
CUST101105,40,Bengaluru,Self-Employed,42574,689,Personal Loan,301088,36,15.91,10571.99,2024-07-25,0,0
CUST101106,32,Ahmedabad,Salaried,101939,638,Home Loan,3204259,240,10.23,31411.65,2023-01-01,0,0
CUST101107,42,Lucknow,Self-Employed,57661,680,Vehicle Loan,413720,48,9.84,10461.25,2024-04-16,0,0
CUST101108,37,Pune,Salaried,25205,615,Gold Loan,72862,24,10.48,3378.38,2024-03-13,0,0
CUST101109,37,Delhi,Self-Employed,23274,722,Personal Loan,94927,12,12.34,8449.26,2023-11-04,0,0
CUST101110,30,Lucknow,Self-Employed,57590,599,Business Loan,282858,12,15.05,25536.96,2023-10-24,0,0
CUST101111,33,Lucknow,Self-Employed,55231,875,Home Loan,1125276,120,11.04,15526.17,2024-04-30,0,0
CUST101112,40,Lucknow,Self-Employed,59936,721,Home Loan,1155789,240,11.1,12008.68,2024-10-05,0,0
CUST101113,49,Hyderabad,Business Owner,29841,630,Personal Loan,80306,24,12.73,3807.72,2023-07-08,234,1
CUST101114,43,Pune,Self-Employed,24925,559,Personal Loan,73981,12,18.87,6813.25,2023-07-23,0,0
CUST101115,22,Mumbai,Salaried,51511,683,Business Loan,352387,60,12.5,7927.98,2023-10-17,0,0
CUST101116,22,Lucknow,Salaried,63022,649,Personal Loan,134996,48,13.41,3649.14,2024-03-29,0,0
CUST101117,36,Hyderabad,Self-Employed,57375,585,Personal Loan,426814,36,11.66,14107.12,2024-05-15,1,0
CUST101118,61,Jaipur,Business Owner,39028,630,Personal Loan,126668,12,11.73,11238.31,2023-01-05,0,0
CUST101119,30,Jaipur,Salaried,66933,724,Personal Loan,303429,36,16.32,10715.66,2024-02-16,0,0
CUST101120,44,Ahmedabad,Self-Employed,99205,672,Personal Loan,80882,12,15.64,7324.72,2024-05-25,0,0
CUST101121,34,Mumbai,Self-Employed,36571,725,Personal Loan,261844,48,12.97,7020.72,2023-11-29,0,0
CUST101122,23,Delhi,Salaried,50805,686,Vehicle Loan,668358,60,10.38,14325.92,2023-07-06,0,0
CUST101123,41,Delhi,Salaried,35000,546,Home Loan,868780,240,10.38,8603.81,2023-12-20,0,0
CUST101124,52,Hyderabad,Business Owner,30827,900,Vehicle Loan,222029,48,13.07,5964.2,2023-11-03,319,1
CUST101125,38,Lucknow,Salaried,62600,634,Gold Loan,93798,18,10.49,5654.42,2024-05-23,0,0
CUST101126,54,Kolkata,Salaried,45550,627,Home Loan,1543270,300,10.86,14969.85,2024-11-10,0,0
CUST101127,44,Ahmedabad,Salaried,45010,755,Business Loan,376922,60,13.8,8731.28,2023-04-24,0,0
CUST101128,49,Bengaluru,Salaried,52948,590,Vehicle Loan,180901,24,10.76,8411.26,2024-04-01,0,0
CUST101129,50,Jaipur,Business Owner,54344,636,Home Loan,1300242,120,11.0,17910.84,2023-12-22,0,0
CUST101130,30,Chennai,Self-Employed,110713,671,Business Loan,713793,60,15.11,17022.33,2024-08-09,247,1
CUST101131,44,Bengaluru,Salaried,84841,602,Business Loan,337616,12,16.95,30784.17,2023-08-18,0,0
CUST101132,46,Mumbai,Salaried,43135,654,Business Loan,357036,36,15.81,12518.86,2023-10-29,0,0
CUST101133,50,Kolkata,Business Owner,35000,688,Home Loan,1383021,240,11.2,14464.1,2023-10-30,0,0
CUST101134,30,Ahmedabad,Self-Employed,32438,771,Business Loan,151801,12,12.99,13557.74,2024-08-19,0,0
CUST101135,61,Hyderabad,Salaried,119886,807,Business Loan,395114,36,17.55,14195.28,2024-11-07,0,0
CUST101136,32,Chennai,Self-Employed,44905,681,Business Loan,263472,24,14.42,12702.39,2023-04-25,0,0
CUST101137,32,Ahmedabad,Salaried,131546,687,Gold Loan,389844,12,10.07,34286.17,2023-04-27,0,0
CUST101138,21,Pune,Business Owner,42269,648,Home Loan,1253080,120,10.8,17119.62,2024-07-03,0,0
CUST101139,21,Bengaluru,Self-Employed,48415,717,Vehicle Loan,315182,60,11.66,6957.02,2023-06-06,0,0
CUST101140,49,Hyderabad,Self-Employed,28863,681,Business Loan,84735,12,12.16,7534.95,2024-07-07,270,1
CUST101141,28,Lucknow,Salaried,37020,772,Business Loan,303107,24,12.97,14405.99,2023-09-22,0,0
CUST101142,41,Ahmedabad,Salaried,20000,810,Personal Loan,153345,24,18.17,7668.21,2024-05-15,15,0
CUST101143,61,Jaipur,Salaried,49280,718,Personal Loan,169434,24,18.77,8522.01,2023-11-25,0,0
CUST101144,46,Bengaluru,Self-Employed,39376,791,Personal Loan,227413,24,14.04,10923.05,2024-02-16,30,0
CUST101145,39,Lucknow,Salaried,33885,738,Personal Loan,294279,48,15.8,8309.84,2023-05-23,0,0
CUST101146,38,Pune,Self-Employed,38080,682,Personal Loan,54294,12,13.18,4853.98,2024-11-01,0,0
CUST101147,40,Hyderabad,Business Owner,141110,769,Home Loan,2691594,120,11.01,37091.95,2023-02-16,0,0
CUST101148,39,Bengaluru,Self-Employed,64655,698,Gold Loan,69019,6,9.18,11813.12,2024-03-27,0,0
CUST101149,21,Delhi,Salaried,56382,703,Personal Loan,294649,36,13.64,10018.96,2023-09-05,114,1
CUST101150,37,Pune,Business Owner,43861,611,Business Loan,299620,36,12.95,10088.17,2023-04-28,30,0
CUST101151,36,Hyderabad,Self-Employed,31569,525,Personal Loan,101777,36,17.89,3673.87,2023-02-05,0,0
CUST101152,36,Hyderabad,Self-Employed,47035,833,Vehicle Loan,163797,60,10.15,3492.3,2023-08-03,0,0
CUST101153,50,Delhi,Self-Employed,79934,635,Gold Loan,150399,18,11.92,9166.05,2023-04-17,0,0
CUST101154,40,Delhi,Self-Employed,26393,544,Personal Loan,237197,36,14.43,8156.46,2023-12-02,0,0
CUST101155,33,Delhi,Self-Employed,35000,615,Home Loan,1008323,240,9.42,9346.28,2023-02-06,0,0
CUST101156,27,Hyderabad,Salaried,29025,633,Personal Loan,79217,12,14.36,7126.09,2024-06-09,0,0
CUST101157,33,Mumbai,Self-Employed,30937,816,Personal Loan,79137,24,18.04,3952.37,2023-04-30,0,0
CUST101158,30,Pune,Salaried,51919,812,Business Loan,309496,36,11.65,10228.04,2023-06-27,0,0
CUST101159,45,Jaipur,Salaried,35000,757,Home Loan,1502270,240,10.84,15343.01,2024-01-31,0,0
CUST101160,46,Bengaluru,Salaried,72759,778,Business Loan,428873,36,13.05,14460.76,2023-09-11,0,0
CUST101161,43,Ahmedabad,Salaried,79973,755,Home Loan,1998219,180,9.58,20962.46,2024-05-18,0,0
CUST101162,21,Lucknow,Salaried,123723,704,Home Loan,2727965,120,11.13,37778.74,2023-03-04,0,0
CUST101163,24,Lucknow,Salaried,34935,790,Personal Loan,209153,24,13.62,10004.53,2023-12-16,0,0
CUST101164,46,Delhi,Salaried,55025,600,Personal Loan,139503,24,15.28,6782.61,2024-03-03,0,0
CUST101165,40,Chennai,Business Owner,32622,622,Personal Loan,112651,36,16.9,4010.71,2023-11-03,0,0
CUST101166,35,Lucknow,Self-Employed,199654,593,Business Loan,676762,12,14.29,60856.89,2023-12-07,294,1
CUST101167,42,Chennai,Salaried,35466,624,Gold Loan,71729,6,12.29,12387.0,2023-08-23,115,1
CUST101168,33,Kolkata,Salaried,35211,788,Home Loan,1377557,300,10.89,13392.21,2023-12-13,0,0
CUST101169,31,Delhi,Salaried,104364,561,Vehicle Loan,621644,60,10.49,13358.47,2023-02-15,0,0
CUST101170,55,Kolkata,Salaried,24670,685,Personal Loan,76579,36,18.89,2802.82,2023-08-11,0,0
CUST101171,46,Hyderabad,Salaried,39715,688,Personal Loan,351960,36,13.41,11928.55,2024-07-30,0,0
CUST101172,21,Pune,Self-Employed,25000,481,Business Loan,303051,60,17.88,7675.73,2023-10-01,15,0
CUST101173,24,Lucknow,Salaried,35654,695,Personal Loan,211404,48,16.84,6082.59,2023-08-07,0,0
CUST101174,38,Delhi,Salaried,81418,709,Home Loan,2000934,120,10.74,27269.21,2023-10-28,0,0
CUST101175,44,Mumbai,Business Owner,51820,523,Vehicle Loan,557697,48,12.14,14724.67,2023-05-08,0,0
CUST101176,53,Kolkata,Salaried,118969,702,Personal Loan,435939,12,15.59,39468.59,2024-01-28,0,0
CUST101177,45,Lucknow,Salaried,80356,739,Personal Loan,507808,36,16.92,18084.53,2024-09-26,0,0
CUST101178,36,Hyderabad,Business Owner,62336,762,Home Loan,1430298,120,9.12,18211.43,2023-11-12,0,0
CUST101179,44,Chennai,Salaried,61957,603,Home Loan,2583231,240,10.08,25065.81,2023-01-29,1,0
CUST101180,43,Bengaluru,Business Owner,80968,596,Vehicle Loan,563751,48,9.85,14257.61,2024-08-13,0,0
CUST101181,39,Chennai,Self-Employed,47324,686,Business Loan,358222,36,13.54,12163.3,2024-05-10,0,0
CUST101182,37,Hyderabad,Self-Employed,47073,727,Gold Loan,52357,6,11.03,9009.04,2023-02-01,0,0
CUST101183,29,Kolkata,Self-Employed,50217,660,Home Loan,1519516,120,9.77,19887.49,2024-11-23,15,0
CUST101184,21,Ahmedabad,Self-Employed,23805,678,Gold Loan,81465,24,10.32,3771.24,2023-05-24,325,1
CUST101185,54,Chennai,Salaried,31233,796,Personal Loan,91090,36,17.54,3272.14,2023-02-21,30,0
CUST101186,32,Lucknow,Salaried,46396,602,Home Loan,1725300,300,11.13,17072.29,2024-09-05,0,0
CUST101187,41,Chennai,Self-Employed,23989,754,Personal Loan,131698,24,15.05,6388.72,2023-12-23,0,0
CUST101188,36,Jaipur,Salaried,45311,706,Gold Loan,317403,24,9.5,14573.4,2024-06-26,0,0
CUST101189,51,Kolkata,Salaried,26180,717,Business Loan,231539,24,11.98,10897.18,2023-08-29,0,0
CUST101190,26,Lucknow,Salaried,33309,652,Personal Loan,55499,12,17.06,5063.35,2024-02-24,0,0
CUST101191,51,Delhi,Self-Employed,52172,486,Home Loan,1542185,300,9.85,13851.11,2023-09-06,0,0
CUST101192,32,Chennai,Self-Employed,40619,649,Home Loan,633882,120,9.61,8240.5,2024-08-12,0,0
CUST101193,30,Kolkata,Salaried,37844,806,Personal Loan,231863,36,13.44,7861.61,2023-06-29,0,0
CUST101194,21,Jaipur,Salaried,77062,651,Business Loan,308611,12,16.77,28113.12,2023-05-19,1,0
CUST101195,37,Bengaluru,Self-Employed,47901,641,Vehicle Loan,183168,24,13.63,8762.44,2024-04-03,225,1
CUST101196,27,Mumbai,Self-Employed,55190,673,Gold Loan,286968,18,9.49,17167.15,2024-04-18,0,0
CUST101197,41,Pune,Salaried,45790,721,Gold Loan,121242,24,9.94,5591.35,2023-10-28,0,0
CUST101198,44,Pune,Salaried,77629,821,Business Loan,350029,12,16.9,31907.7,2024-01-22,364,1
CUST101199,51,Jaipur,Salaried,35000,637,Home Loan,1199436,240,10.58,12039.45,2023-10-04,0,0
CUST101200,28,Hyderabad,Salaried,47662,644,Personal Loan,293316,36,14.64,10116.26,2023-08-11,0,0
CUST101201,37,Lucknow,Salaried,24126,741,Personal Loan,71314,36,16.19,2513.88,2023-02-09,0,0
CUST101202,45,Hyderabad,Salaried,43563,561,Vehicle Loan,226688,24,10.04,10464.69,2024-04-30,165,1
CUST101203,21,Pune,Self-Employed,51355,740,Personal Loan,120736,12,13.48,10811.02,2024-07-27,0,0
CUST101204,43,Kolkata,Salaried,25000,749,Business Loan,147911,24,17.15,7323.72,2023-08-03,0,0
CUST101205,47,Mumbai,Self-Employed,90689,715,Vehicle Loan,489409,60,11.16,10680.03,2023-06-21,354,1
CUST101206,37,Mumbai,Salaried,44541,664,Home Loan,1055737,300,9.79,9437.65,2024-01-13,291,1
CUST101207,34,Ahmedabad,Salaried,34269,730,Business Loan,348223,60,14.23,8144.12,2024-08-19,0,0
CUST101208,45,Lucknow,Self-Employed,40270,718,Business Loan,466370,60,15.52,11222.61,2024-10-13,0,0
CUST101209,25,Lucknow,Salaried,51213,889,Home Loan,1539262,120,10.74,20977.43,2023-11-30,0,0
CUST101210,47,Chennai,Self-Employed,29843,816,Gold Loan,69412,12,11.7,6157.43,2023-12-04,0,0
CUST101211,35,Ahmedabad,Self-Employed,65544,860,Business Loan,588656,24,13.51,28127.0,2024-07-17,15,0
CUST101212,39,Kolkata,Salaried,74465,705,Gold Loan,459736,18,10.77,27773.67,2023-05-22,0,0
CUST101213,23,Bengaluru,Business Owner,58012,777,Gold Loan,63715,6,12.78,11018.49,2023-10-21,0,0
CUST101214,35,Chennai,Salaried,68904,587,Vehicle Loan,292264,24,13.95,14025.53,2023-05-21,0,0
CUST101215,40,Pune,Salaried,102511,549,Personal Loan,64960,24,15.29,3158.65,2024-10-01,334,1
CUST101216,51,Ahmedabad,Business Owner,44888,701,Business Loan,344731,24,15.48,16793.58,2024-07-21,0,0
CUST101217,40,Lucknow,Salaried,52442,444,Home Loan,895157,120,8.95,11315.26,2023-08-23,0,0
CUST101218,61,Jaipur,Self-Employed,47272,811,Personal Loan,132440,48,14.84,3675.17,2024-09-07,104,1
CUST101219,49,Hyderabad,Self-Employed,64754,735,Business Loan,408431,24,15.49,19898.67,2023-10-30,108,1
CUST101220,44,Hyderabad,Self-Employed,120281,650,Gold Loan,69977,6,12.51,12092.06,2024-06-12,0,0
CUST101221,39,Ahmedabad,Salaried,63361,612,Home Loan,2285506,240,10.22,22389.79,2024-03-11,1,0
CUST101222,36,Jaipur,Salaried,42872,569,Personal Loan,316900,36,12.88,10659.31,2023-03-11,0,0
CUST101223,32,Hyderabad,Salaried,33059,659,Business Loan,142528,12,12.21,12677.45,2023-05-15,0,0
CUST101224,53,Ahmedabad,Self-Employed,65190,650,Personal Loan,82047,36,15.95,2882.5,2024-01-28,0,0
CUST101225,46,Jaipur,Business Owner,37418,751,Business Loan,309969,36,11.69,10249.57,2023-02-26,0,0
CUST101226,38,Kolkata,Salaried,69471,589,Personal Loan,58886,12,15.34,5324.4,2024-06-01,0,0
CUST101227,42,Lucknow,Business Owner,47769,601,Personal Loan,258056,24,12.17,12168.09,2023-04-03,242,1
CUST101228,39,Kolkata,Self-Employed,20000,746,Personal Loan,54860,24,15.49,2672.77,2024-06-01,0,0
CUST101229,51,Pune,Salaried,23449,665,Gold Loan,148991,24,12.06,7017.7,2023-06-29,0,0
CUST101230,31,Kolkata,Salaried,36143,777,Business Loan,460572,60,14.84,10918.33,2023-03-19,0,0
CUST101231,44,Kolkata,Salaried,49773,822,Gold Loan,94515,6,9.12,16174.16,2023-08-25,0,0
CUST101232,57,Delhi,Business Owner,39937,658,Personal Loan,136383,48,16.23,3881.22,2023-08-22,0,0
CUST101233,21,Jaipur,Salaried,30662,711,Business Loan,450970,60,12.45,10134.43,2023-06-02,0,0
CUST101234,38,Chennai,Salaried,64697,613,Personal Loan,217268,36,16.99,7745.12,2023-09-20,255,1
CUST101235,47,Bengaluru,Self-Employed,103267,570,Business Loan,315785,36,17.9,11400.55,2024-03-08,0,0
CUST101236,43,Jaipur,Business Owner,48737,672,Gold Loan,168099,12,9.68,14753.57,2024-09-25,0,0
CUST101237,39,Delhi,Self-Employed,35000,650,Home Loan,1038086,180,10.88,11720.75,2023-03-01,189,1
CUST101238,50,Hyderabad,Self-Employed,46056,733,Personal Loan,143679,48,12.57,3823.95,2024-04-09,0,0
CUST101239,40,Kolkata,Business Owner,68881,575,Personal Loan,349314,36,13.97,11933.64,2024-10-06,0,0
CUST101240,41,Hyderabad,Self-Employed,37268,802,Gold Loan,320648,24,11.3,14989.41,2023-05-10,0,0
CUST101241,23,Kolkata,Salaried,32578,621,Business Loan,150541,24,17.22,7459.01,2023-09-18,0,0
CUST101242,31,Jaipur,Salaried,105637,577,Home Loan,3083124,120,9.89,40556.14,2023-06-12,0,0
CUST101243,45,Jaipur,Self-Employed,156295,591,Gold Loan,85168,6,10.25,14622.04,2023-06-04,0,0
CUST101244,21,Bengaluru,Salaried,37793,593,Gold Loan,106241,18,12.85,6520.82,2024-08-21,0,0
CUST101245,26,Lucknow,Business Owner,15000,870,Gold Loan,64545,18,12.65,3955.6,2024-06-02,0,0
CUST101246,38,Ahmedabad,Self-Employed,108716,689,Gold Loan,55242,6,12.47,9544.75,2024-03-17,0,0
CUST101247,59,Jaipur,Self-Employed,78869,556,Gold Loan,441793,24,12.04,20804.98,2023-06-15,0,0
CUST101248,50,Delhi,Salaried,37243,739,Personal Loan,92230,48,13.59,2501.39,2024-08-06,0,0
CUST101249,31,Ahmedabad,Salaried,106951,719,Business Loan,851546,36,15.23,29615.12,2023-06-03,0,0
CUST101250,53,Ahmedabad,Salaried,97999,718,Personal Loan,338668,36,18.82,12383.42,2024-01-21,0,0
CUST101251,42,Delhi,Self-Employed,53060,872,Home Loan,1385715,180,10.91,15671.77,2023-12-22,0,0
CUST101252,42,Hyderabad,Self-Employed,32796,656,Business Loan,321392,36,16.87,11437.72,2024-01-05,0,0
CUST101253,25,Mumbai,Salaried,46957,703,Business Loan,266100,24,13.13,12667.13,2023-11-04,0,0
CUST101254,42,Mumbai,Self-Employed,67938,708,Business Loan,300795,12,12.92,26854.9,2024-06-21,1,0
CUST101255,32,Bengaluru,Salaried,33548,798,Personal Loan,109629,24,16.59,5398.73,2023-02-19,1,0
CUST101256,36,Chennai,Salaried,37814,648,Business Loan,246486,24,13.36,11760.12,2024-08-06,0,0
CUST101257,38,Hyderabad,Salaried,49493,543,Personal Loan,321483,36,18.34,11677.29,2024-03-24,0,0
CUST101258,36,Bengaluru,Salaried,104726,583,Business Loan,432773,12,11.85,38421.0,2024-06-24,0,0
CUST101259,33,Delhi,Business Owner,27855,599,Business Loan,161054,24,16.51,7925.01,2024-07-03,0,0
CUST101260,42,Kolkata,Salaried,106813,638,Gold Loan,134398,18,11.97,8193.99,2024-02-21,0,0
CUST101261,28,Kolkata,Self-Employed,54198,593,Vehicle Loan,194282,24,9.86,8952.58,2023-05-13,112,1
CUST101262,41,Kolkata,Salaried,77820,678,Personal Loan,69737,12,13.39,6241.49,2023-03-16,0,0
CUST101263,32,Mumbai,Salaried,56958,740,Home Loan,1152826,120,9.88,15158.18,2024-05-10,0,0
CUST101264,28,Hyderabad,Business Owner,90190,731,Personal Loan,149098,36,13.34,5048.15,2024-01-28,299,1
CUST101265,36,Chennai,Salaried,76533,785,Personal Loan,142390,24,14.89,6896.57,2023-07-12,0,0
CUST101266,31,Hyderabad,Self-Employed,51967,849,Personal Loan,143990,36,12.2,4796.29,2024-09-28,334,1
CUST101267,52,Delhi,Self-Employed,28085,740,Business Loan,233051,36,13.86,7949.29,2024-05-29,0,0
CUST101268,34,Jaipur,Salaried,25000,812,Business Loan,164538,24,15.04,7981.02,2023-12-03,7,0
CUST101269,26,Jaipur,Salaried,65875,631,Vehicle Loan,689707,36,10.62,22456.21,2023-09-06,0,0
CUST101270,37,Delhi,Salaried,97180,821,Vehicle Loan,643528,36,10.63,20955.7,2024-10-07,0,0
CUST101271,42,Pune,Salaried,63041,704,Gold Loan,166052,24,12.64,7866.37,2023-05-20,7,0
CUST101272,51,Ahmedabad,Salaried,95234,711,Home Loan,3054645,300,9.28,26222.69,2023-04-09,0,0
CUST101273,25,Chennai,Salaried,53762,548,Home Loan,1166798,300,11.47,11834.55,2023-06-29,0,0
CUST101274,37,Hyderabad,Salaried,75256,667,Gold Loan,140464,18,9.99,8435.21,2023-03-01,0,0
CUST101275,39,Chennai,Salaried,34944,550,Gold Loan,65120,18,10.56,3927.73,2023-08-06,1,0
CUST101276,32,Chennai,Salaried,43964,559,Business Loan,238091,24,13.02,11321.52,2024-09-19,118,1
CUST101277,46,Mumbai,Salaried,248057,829,Personal Loan,882464,12,11.52,78207.84,2024-05-09,0,0
CUST101278,45,Kolkata,Self-Employed,52009,683,Personal Loan,629210,36,16.06,22139.8,2023-07-10,293,1
CUST101279,24,Pune,Business Owner,110616,721,Personal Loan,851024,36,12.38,28420.88,2023-05-12,0,0
CUST101280,28,Ahmedabad,Self-Employed,43806,458,Business Loan,343265,24,11.76,16120.23,2024-10-08,317,1
CUST101281,35,Chennai,Salaried,39136,733,Business Loan,103690,12,11.26,9176.87,2024-04-07,0,0
CUST101282,29,Bengaluru,Self-Employed,55325,680,Home Loan,1106869,180,9.36,11464.88,2023-09-26,0,0
CUST101283,46,Kolkata,Self-Employed,86139,603,Home Loan,1802557,180,9.04,18325.65,2024-08-03,30,0
CUST101284,44,Lucknow,Salaried,53000,774,Home Loan,1597994,300,9.63,14106.3,2024-09-10,340,1
CUST101285,28,Pune,Business Owner,48883,714,Business Loan,450907,36,17.23,16127.73,2024-11-01,163,1
CUST101286,28,Pune,Self-Employed,29096,556,Personal Loan,94646,36,17.52,3398.93,2024-09-23,0,0
CUST101287,42,Ahmedabad,Salaried,59705,474,Personal Loan,615144,48,14.83,17066.96,2024-06-11,0,0
CUST101288,33,Delhi,Self-Employed,125650,524,Vehicle Loan,855983,36,12.04,28447.24,2023-02-17,0,0
CUST101289,41,Hyderabad,Salaried,65850,670,Gold Loan,199821,12,9.49,17520.08,2024-09-20,0,0
CUST101290,21,Jaipur,Business Owner,28054,681,Gold Loan,178279,24,12.82,8460.64,2024-11-13,0,0
CUST101291,25,Ahmedabad,Salaried,147510,736,Personal Loan,395656,12,18.63,36392.47,2023-04-10,0,0
CUST101292,42,Lucknow,Salaried,34256,657,Gold Loan,51060,6,11.73,8803.51,2023-06-13,0,0
CUST101293,28,Delhi,Salaried,28870,483,Vehicle Loan,156754,24,11.5,7342.41,2024-02-05,139,1
CUST101294,28,Ahmedabad,Business Owner,25000,724,Business Loan,254692,36,16.08,8964.28,2023-10-07,0,0
CUST101295,42,Mumbai,Business Owner,58818,830,Personal Loan,54794,36,18.72,2000.78,2024-07-02,30,0
CUST101296,34,Hyderabad,Business Owner,50690,679,Vehicle Loan,275930,36,10.08,8913.85,2023-12-13,0,0
CUST101297,39,Mumbai,Salaried,75232,697,Gold Loan,92356,18,11.02,5590.1,2023-09-01,0,0
CUST101298,43,Chennai,Self-Employed,52195,837,Personal Loan,178308,48,15.93,5046.91,2024-10-06,0,0
CUST101299,46,Chennai,Salaried,77667,776,Personal Loan,268867,24,14.61,12986.7,2023-04-12,0,0
CUST101300,21,Kolkata,Salaried,43687,530,Gold Loan,51560,24,12.2,2431.93,2024-05-06,351,1
CUST101301,44,Pune,Salaried,62802,723,Gold Loan,82588,6,11.38,14225.13,2024-02-04,0,0
CUST101302,47,Mumbai,Business Owner,70525,644,Home Loan,1579940,120,8.66,19724.45,2023-05-10,7,0
CUST101303,44,Mumbai,Business Owner,35000,639,Home Loan,804215,120,11.0,11078.06,2024-02-23,15,0
CUST101304,33,Jaipur,Salaried,35948,737,Personal Loan,200677,48,18.45,5942.18,2024-09-17,0,0
CUST101305,41,Pune,Salaried,25000,576,Business Loan,122622,12,15.78,11112.84,2023-08-24,289,1
CUST101306,47,Bengaluru,Business Owner,105782,650,Business Loan,330940,12,13.84,29689.24,2023-04-17,0,0
CUST101307,43,Ahmedabad,Business Owner,79527,555,Gold Loan,69316,6,11.58,11945.98,2023-06-17,0,0
CUST101308,32,Chennai,Salaried,79470,571,Personal Loan,333571,24,16.42,16399.69,2024-07-17,0,0
CUST101309,39,Kolkata,Self-Employed,40964,615,Personal Loan,128206,12,18.99,11814.41,2024-04-10,150,1
CUST101310,41,Bengaluru,Self-Employed,68445,693,Personal Loan,214465,12,13.69,19224.93,2023-02-05,1,0
CUST101311,32,Delhi,Salaried,43199,573,Personal Loan,77962,24,18.45,3909.16,2023-10-22,0,0
CUST101312,41,Lucknow,Salaried,61897,715,Business Loan,278876,24,14.47,13451.64,2023-03-25,0,0
CUST101313,47,Lucknow,Self-Employed,35835,642,Home Loan,1116750,180,10.67,12462.5,2023-11-15,0,0
CUST101314,31,Lucknow,Salaried,65726,718,Personal Loan,345168,24,17.02,17069.2,2023-04-25,0,0
CUST101315,35,Kolkata,Salaried,55842,788,Personal Loan,56072,12,16.95,5112.7,2023-09-09,30,0
CUST101316,35,Bengaluru,Salaried,74421,724,Personal Loan,247454,24,14.28,11913.74,2024-06-26,0,0
CUST101317,21,Kolkata,Self-Employed,170214,707,Personal Loan,669884,36,12.88,22532.34,2023-12-22,340,1
CUST101318,54,Lucknow,Salaried,35000,613,Home Loan,815994,120,8.81,10252.95,2024-07-18,0,0
CUST101319,30,Pune,Salaried,129860,663,Personal Loan,86807,36,16.09,3055.74,2023-09-12,0,0
CUST101320,50,Bengaluru,Business Owner,36718,716,Business Loan,273725,24,16.97,13529.64,2023-10-27,0,0
CUST101321,22,Hyderabad,Salaried,40524,655,Personal Loan,107162,48,13.45,2898.88,2024-08-07,0,0
CUST101322,31,Bengaluru,Salaried,45094,666,Vehicle Loan,211066,24,12.41,9976.07,2024-03-09,0,0
CUST101323,43,Chennai,Salaried,87859,712,Personal Loan,220073,24,15.65,10738.69,2023-01-18,0,0
CUST101324,39,Chennai,Salaried,35000,644,Home Loan,1361990,180,8.88,13717.15,2023-12-15,0,0
CUST101325,46,Hyderabad,Self-Employed,38903,438,Personal Loan,79717,12,16.83,7264.14,2024-05-02,1,0
CUST101326,41,Jaipur,Salaried,65308,555,Vehicle Loan,244907,36,12.11,8147.29,2024-05-15,0,0
CUST101327,26,Chennai,Self-Employed,32177,504,Personal Loan,165169,36,14.46,5682.06,2024-11-22,0,0
CUST101328,39,Ahmedabad,Self-Employed,123558,699,Business Loan,279311,12,15.35,25256.29,2023-02-20,0,0
CUST101329,46,Ahmedabad,Self-Employed,51219,570,Personal Loan,122033,24,16.05,5978.03,2023-02-20,15,0
CUST101330,63,Jaipur,Self-Employed,40969,689,Home Loan,1393533,120,9.97,18392.5,2023-08-10,0,0
CUST101331,50,Delhi,Business Owner,96463,552,Personal Loan,190734,12,14.47,17167.66,2024-10-14,0,0
CUST101332,47,Jaipur,Self-Employed,63609,674,Gold Loan,291914,18,9.64,17483.15,2023-01-31,0,0
CUST101333,36,Pune,Salaried,92368,617,Vehicle Loan,366942,36,10.58,11940.36,2024-10-30,321,1
CUST101334,47,Lucknow,Salaried,77371,692,Vehicle Loan,801360,60,11.12,17471.5,2023-10-31,0,0
CUST101335,40,Mumbai,Salaried,46015,846,Personal Loan,161595,12,11.97,14355.25,2024-11-18,0,0
CUST101336,42,Ahmedabad,Salaried,106463,659,Business Loan,326142,24,17.42,16191.09,2023-10-30,114,1
CUST101337,36,Ahmedabad,Salaried,37297,592,Personal Loan,80805,48,12.27,2138.63,2024-09-02,0,0
CUST101338,35,Mumbai,Salaried,69676,664,Personal Loan,777801,36,18.65,28373.64,2024-05-31,0,0
CUST101339,45,Lucknow,Self-Employed,35047,708,Vehicle Loan,367247,36,10.25,11893.18,2023-07-15,0,0
CUST101340,37,Pune,Salaried,26205,821,Vehicle Loan,175602,24,13.1,8356.69,2023-02-26,0,0
CUST101341,53,Hyderabad,Business Owner,54578,646,Personal Loan,89271,12,12.49,7952.1,2023-10-23,0,0
CUST101342,36,Mumbai,Business Owner,42785,640,Home Loan,1703396,300,10.51,16095.32,2023-05-15,0,0
CUST101343,46,Ahmedabad,Salaried,35951,682,Personal Loan,253857,48,16.97,7321.11,2023-03-23,30,0
CUST101344,28,Lucknow,Self-Employed,71601,696,Home Loan,1584408,240,11.42,16809.34,2024-01-07,0,0
CUST101345,39,Hyderabad,Salaried,42111,660,Personal Loan,95399,36,15.32,3322.01,2024-02-29,0,0
CUST101346,30,Mumbai,Self-Employed,49153,652,Business Loan,341637,24,13.1,16258.1,2024-11-27,0,0
CUST101347,36,Mumbai,Self-Employed,37608,643,Vehicle Loan,185612,60,12.99,4222.29,2023-08-26,351,1
CUST101348,43,Pune,Business Owner,114445,773,Personal Loan,424507,24,12.74,20130.03,2024-07-11,0,0
CUST101349,26,Kolkata,Salaried,31496,551,Personal Loan,168100,36,16.8,5976.5,2024-02-23,0,0
CUST101350,26,Hyderabad,Self-Employed,29676,717,Gold Loan,93446,12,10.83,8251.5,2023-08-20,0,0
CUST101351,52,Delhi,Self-Employed,20000,677,Vehicle Loan,160452,36,13.83,5470.63,2024-04-12,168,1
CUST101352,35,Lucknow,Salaried,46199,684,Home Loan,1532177,300,9.03,12889.46,2024-04-01,0,0
CUST101353,47,Pune,Business Owner,81927,678,Personal Loan,356879,12,13.33,31930.74,2024-05-01,0,0
CUST101354,42,Hyderabad,Business Owner,55636,627,Business Loan,391859,60,14.88,9297.63,2024-11-15,0,0
CUST101355,50,Lucknow,Salaried,30211,629,Personal Loan,128382,24,14.77,6210.79,2023-04-11,0,0
CUST101356,43,Ahmedabad,Self-Employed,71589,577,Business Loan,519763,36,16.99,18528.38,2024-09-22,0,0
CUST101357,52,Ahmedabad,Business Owner,68360,779,Personal Loan,202167,48,15.49,5676.8,2023-07-17,0,0
CUST101358,41,Bengaluru,Business Owner,26176,709,Personal Loan,75993,24,18.23,3802.33,2023-06-16,0,0
CUST101359,47,Mumbai,Self-Employed,38033,755,Gold Loan,62858,6,9.61,10771.93,2023-03-27,0,0
CUST101360,27,Bengaluru,Salaried,35000,620,Home Loan,1271067,240,10.03,12291.35,2024-03-15,7,0
CUST101361,39,Kolkata,Salaried,37757,488,Business Loan,291291,24,12.61,13795.2,2024-08-22,0,0
CUST101362,41,Delhi,Salaried,33257,703,Personal Loan,94657,36,17.21,3384.68,2024-04-21,0,0
CUST101363,45,Kolkata,Salaried,67101,702,Personal Loan,364795,36,15.55,12744.21,2024-03-02,0,0
CUST101364,29,Lucknow,Salaried,99185,612,Vehicle Loan,153486,48,10.76,3949.06,2024-11-20,0,0
CUST101365,49,Ahmedabad,Salaried,41952,849,Home Loan,1271223,120,9.36,16352.03,2024-03-31,0,0
CUST101366,31,Pune,Salaried,91843,684,Gold Loan,76400,6,9.82,13100.51,2023-05-06,0,0
CUST101367,32,Pune,Salaried,24277,727,Vehicle Loan,209859,36,13.36,7107.42,2023-08-15,0,0
CUST101368,36,Delhi,Salaried,49101,627,Business Loan,150682,12,15.07,13605.28,2023-07-26,0,0
CUST101369,21,Bengaluru,Salaried,62822,584,Personal Loan,60118,36,18.4,2185.49,2023-11-02,0,0
CUST101370,35,Bengaluru,Self-Employed,35000,612,Home Loan,1065561,240,10.63,10731.56,2023-10-19,0,0
CUST101371,44,Hyderabad,Self-Employed,31862,802,Personal Loan,373403,36,13.06,12592.22,2024-02-21,0,0
CUST101372,45,Hyderabad,Salaried,51203,670,Business Loan,429339,36,17.39,15390.57,2024-08-06,0,0
CUST101373,49,Pune,Self-Employed,35000,623,Home Loan,1168222,180,10.51,12920.76,2024-10-07,229,1
CUST101374,51,Jaipur,Self-Employed,86744,480,Personal Loan,851397,48,16.43,24316.74,2023-01-28,0,0
CUST101375,46,Lucknow,Salaried,31280,655,Personal Loan,267749,48,13.28,7220.3,2023-08-09,0,0
CUST101376,35,Bengaluru,Salaried,101104,701,Personal Loan,103429,48,13.22,2786.05,2023-10-11,30,0
CUST101377,34,Mumbai,Self-Employed,38586,429,Personal Loan,155676,48,11.8,4084.28,2023-01-21,0,0
CUST101378,21,Lucknow,Business Owner,128389,664,Business Loan,1135219,60,17.78,28691.41,2023-03-29,0,0
CUST101379,39,Kolkata,Business Owner,35000,645,Home Loan,896664,240,10.25,8802.04,2023-08-22,0,0
CUST101380,32,Hyderabad,Salaried,53590,794,Personal Loan,412412,36,11.76,13650.75,2023-10-14,244,1
CUST101381,41,Ahmedabad,Salaried,31739,806,Business Loan,313682,36,14.79,10841.66,2023-08-08,0,0
CUST101382,29,Delhi,Self-Employed,63058,798,Vehicle Loan,247619,36,11.5,8165.49,2024-06-17,0,0
CUST101383,43,Lucknow,Self-Employed,114494,669,Personal Loan,131362,36,17.96,4746.42,2024-11-07,0,0
CUST101384,38,Jaipur,Self-Employed,48360,638,Personal Loan,166502,24,17.72,8289.95,2023-03-26,0,0
CUST101385,31,Bengaluru,Business Owner,45056,375,Home Loan,1924393,240,9.33,17724.78,2023-08-30,7,0
CUST101386,32,Delhi,Self-Employed,56875,653,Business Loan,918668,60,13.12,20959.0,2023-10-18,0,0
CUST101387,28,Delhi,Self-Employed,77811,815,Personal Loan,312225,24,17.6,15527.28,2024-06-11,0,0
CUST101388,39,Ahmedabad,Business Owner,35000,549,Home Loan,870243,300,10.95,8497.93,2023-07-06,0,0
CUST101389,52,Lucknow,Salaried,29593,900,Personal Loan,201691,48,15.58,5672.69,2023-08-21,0,0
CUST101390,23,Hyderabad,Business Owner,32741,641,Personal Loan,364010,36,14.55,12538.46,2024-09-22,0,0
CUST101391,28,Hyderabad,Salaried,27942,580,Vehicle Loan,310442,48,11.32,8071.86,2023-01-27,0,0
CUST101392,41,Pune,Salaried,64175,707,Personal Loan,372223,48,15.04,10366.79,2023-05-30,161,1
CUST101393,53,Chennai,Self-Employed,52171,715,Gold Loan,155350,18,11.23,9418.09,2024-09-26,239,1
CUST101394,33,Hyderabad,Salaried,28572,592,Personal Loan,183237,48,12.15,4838.84,2024-03-22,0,0
CUST101395,27,Lucknow,Self-Employed,46153,629,Personal Loan,149821,24,17.82,7466.66,2023-02-10,1,0
CUST101396,43,Jaipur,Self-Employed,35014,819,Personal Loan,255027,36,18.03,9223.68,2024-10-15,0,0
CUST101397,38,Jaipur,Business Owner,25000,751,Business Loan,179424,24,11.02,8364.23,2023-12-01,0,0
CUST101398,35,Bengaluru,Salaried,95177,744,Home Loan,1884737,300,9.94,17046.97,2023-12-24,1,0
CUST101399,33,Lucknow,Salaried,68004,535,Vehicle Loan,421218,48,10.03,10689.25,2023-08-14,1,0
CUST101400,41,Pune,Salaried,18085,629,Gold Loan,87340,24,12.05,4113.44,2023-10-29,30,0
CUST101401,44,Ahmedabad,Salaried,27995,765,Gold Loan,67279,24,12.8,3192.25,2024-07-05,0,0
CUST101402,27,Pune,Salaried,69406,663,Business Loan,488058,60,15.83,11824.58,2024-11-04,191,1
CUST101403,42,Bengaluru,Salaried,87443,648,Gold Loan,102401,12,9.28,8968.42,2024-09-13,0,0
CUST101404,44,Jaipur,Salaried,50807,707,Personal Loan,181793,24,16.4,8935.93,2023-12-14,0,0
CUST101405,40,Kolkata,Salaried,46231,721,Home Loan,1364536,300,10.59,12971.51,2023-01-27,0,0
CUST101406,49,Pune,Salaried,121619,711,Gold Loan,786302,24,9.62,36146.09,2024-05-29,0,0
CUST101407,41,Kolkata,Self-Employed,48915,699,Home Loan,1712097,240,11.43,18175.8,2024-10-23,0,0
CUST101408,26,Bengaluru,Salaried,26335,755,Vehicle Loan,217639,36,11.02,7127.28,2023-06-25,0,0
CUST101409,35,Lucknow,Self-Employed,60899,617,Home Loan,1931827,120,9.36,24849.53,2023-02-24,7,0
CUST101410,39,Pune,Salaried,93059,709,Business Loan,886549,60,11.23,19377.57,2024-06-24,0,0
CUST101411,59,Ahmedabad,Self-Employed,83143,532,Personal Loan,118336,48,16.31,3372.49,2024-04-24,0,0
CUST101412,50,Mumbai,Salaried,30484,773,Gold Loan,54926,6,11.76,9470.88,2023-12-22,0,0
CUST101413,33,Chennai,Business Owner,76173,709,Home Loan,2631612,240,11.46,27991.79,2023-01-17,15,0
CUST101414,23,Ahmedabad,Salaried,54178,729,Business Loan,288820,24,17.82,14393.97,2023-01-09,0,0
CUST101415,38,Jaipur,Self-Employed,25000,582,Business Loan,116456,12,15.39,10532.57,2024-03-17,0,0
CUST101416,44,Lucknow,Self-Employed,25377,660,Personal Loan,207034,36,12.72,6947.9,2023-01-22,0,0
CUST101417,43,Delhi,Self-Employed,25505,722,Gold Loan,54920,12,11.55,4868.02,2024-04-09,127,1
CUST101418,25,Chennai,Business Owner,51012,624,Personal Loan,113271,12,15.86,10269.67,2024-05-16,309,1
CUST101419,40,Pune,Self-Employed,39386,764,Gold Loan,129962,12,10.1,11431.77,2023-12-03,0,0
CUST101420,34,Bengaluru,Salaried,85628,700,Personal Loan,81448,24,15.31,3961.15,2023-01-31,0,0
CUST101421,27,Bengaluru,Self-Employed,165194,802,Personal Loan,607379,48,12.84,16246.27,2023-09-26,0,0
CUST101422,37,Jaipur,Business Owner,27435,689,Business Loan,132703,12,13.43,11879.46,2024-09-11,0,0
CUST101423,44,Bengaluru,Salaried,45346,650,Gold Loan,155612,12,12.63,13871.84,2024-11-12,0,0
CUST101424,44,Delhi,Salaried,101889,752,Gold Loan,187129,18,11.66,11381.98,2023-10-17,0,0
CUST101425,47,Jaipur,Salaried,108225,521,Personal Loan,397078,48,14.31,10912.59,2024-02-04,0,0
CUST101426,21,Kolkata,Self-Employed,42008,674,Personal Loan,102165,24,12.74,4844.64,2024-07-27,1,0
CUST101427,43,Pune,Self-Employed,32274,535,Personal Loan,103149,12,17.49,9431.68,2023-11-21,0,0
CUST101428,46,Jaipur,Salaried,20000,657,Personal Loan,92414,24,17.14,4575.38,2023-12-20,0,0
CUST101429,30,Delhi,Business Owner,35000,679,Home Loan,744089,180,8.77,7445.58,2023-07-06,0,0
CUST101430,44,Lucknow,Self-Employed,68955,657,Home Loan,1851445,240,9.51,17269.99,2024-05-15,0,0
CUST101431,33,Delhi,Salaried,62047,721,Home Loan,1684644,300,8.64,13724.51,2024-07-04,0,0
CUST101432,37,Lucknow,Self-Employed,75902,624,Gold Loan,123871,6,11.0,21312.57,2024-07-25,0,0
CUST101433,33,Chennai,Business Owner,44447,754,Home Loan,1510185,300,9.07,12745.89,2023-08-03,0,0
CUST101434,44,Ahmedabad,Salaried,35690,706,Home Loan,1037406,180,11.49,12112.28,2023-05-29,15,0
CUST101435,44,Ahmedabad,Salaried,35356,667,Business Loan,325688,36,17.8,11741.75,2024-11-29,0,0
CUST101436,33,Jaipur,Salaried,35174,870,Vehicle Loan,322436,60,12.41,7239.39,2023-09-29,0,0
CUST101437,32,Pune,Salaried,45678,605,Home Loan,1521582,180,10.99,17284.7,2024-05-21,323,1
CUST101438,55,Mumbai,Business Owner,55110,687,Business Loan,320085,24,16.13,15692.25,2023-01-13,0,0
CUST101439,44,Mumbai,Salaried,68906,606,Personal Loan,166732,12,17.43,15240.8,2023-05-28,0,0
CUST101440,21,Bengaluru,Business Owner,96443,554,Home Loan,3019765,300,10.26,27996.03,2024-09-19,248,1
CUST101441,26,Mumbai,Salaried,41865,765,Personal Loan,59012,12,15.53,5341.09,2023-12-22,0,0
CUST101442,44,Mumbai,Business Owner,41304,708,Personal Loan,58070,24,16.97,2870.28,2023-12-21,0,0
CUST101443,35,Lucknow,Salaried,24580,659,Personal Loan,107471,12,15.7,9735.69,2024-05-30,15,0
CUST101444,48,Pune,Business Owner,73221,582,Business Loan,323523,24,11.13,15098.24,2023-12-13,0,0
CUST101445,46,Mumbai,Business Owner,27442,808,Business Loan,183998,36,12.34,6141.29,2023-03-09,0,0
CUST101446,39,Chennai,Salaried,63563,662,Vehicle Loan,442479,48,12.31,11719.63,2023-12-24,1,0
CUST101447,36,Chennai,Business Owner,52359,778,Personal Loan,154801,36,15.89,5433.94,2024-07-14,1,0
CUST101448,34,Kolkata,Salaried,71622,501,Business Loan,312930,12,16.39,28450.19,2023-06-04,285,1
CUST101449,46,Lucknow,Salaried,100939,822,Home Loan,2425067,240,10.37,23999.98,2023-10-05,15,0
CUST101450,54,Kolkata,Salaried,39202,576,Vehicle Loan,223697,36,13.33,7572.84,2024-03-06,0,0
CUST101451,42,Kolkata,Self-Employed,71370,706,Business Loan,607099,60,17.1,15120.64,2023-09-27,0,0
CUST101452,45,Pune,Self-Employed,51886,823,Personal Loan,129212,36,11.57,4265.2,2023-02-12,7,0
CUST101453,29,Ahmedabad,Salaried,55156,783,Personal Loan,51216,12,12.38,4559.59,2023-10-25,0,0
CUST101454,56,Mumbai,Salaried,92644,551,Personal Loan,158443,36,18.72,5785.48,2023-11-30,0,0
CUST101455,43,Bengaluru,Self-Employed,42753,695,Personal Loan,110849,48,13.04,2976.0,2023-07-16,0,0
CUST101456,39,Pune,Salaried,90166,660,Business Loan,306126,12,11.57,27137.38,2023-01-10,0,0
CUST101457,41,Jaipur,Salaried,32158,707,Personal Loan,75085,12,13.73,6732.13,2023-12-29,30,0
CUST101458,35,Hyderabad,Salaried,71434,658,Vehicle Loan,261442,24,13.37,12474.91,2023-01-24,0,0
CUST101459,45,Jaipur,Salaried,35117,597,Gold Loan,122819,24,11.89,5775.21,2024-11-20,0,0
CUST101460,47,Bengaluru,Self-Employed,34661,724,Personal Loan,190830,36,13.5,6475.87,2023-11-05,0,0
CUST101461,37,Hyderabad,Self-Employed,30810,667,Personal Loan,166007,48,15.07,4625.99,2024-10-09,0,0
CUST101462,30,Ahmedabad,Business Owner,35000,484,Home Loan,1351490,240,10.01,13051.13,2023-09-13,0,0
CUST101463,41,Mumbai,Self-Employed,49338,652,Home Loan,952965,120,10.74,12987.23,2023-06-09,0,0
CUST101464,27,Bengaluru,Self-Employed,74852,620,Home Loan,1833968,180,8.84,18427.17,2024-02-16,273,1
CUST101465,54,Chennai,Salaried,26832,460,Business Loan,228911,24,13.36,10921.59,2023-09-03,313,1
CUST101466,29,Lucknow,Salaried,99739,600,Business Loan,673477,60,14.33,15786.09,2023-11-26,0,0
CUST101467,39,Delhi,Salaried,32319,753,Business Loan,97472,12,17.13,8895.92,2024-04-09,0,0
CUST101468,50,Hyderabad,Salaried,51805,766,Gold Loan,53530,6,12.42,9247.63,2024-03-05,98,1
CUST101469,44,Kolkata,Self-Employed,60681,618,Gold Loan,126671,12,9.72,11119.9,2023-08-30,342,1
CUST101470,21,Mumbai,Salaried,29212,651,Business Loan,117310,12,13.39,10499.29,2024-06-02,30,0
CUST101471,57,Mumbai,Salaried,71597,717,Business Loan,527875,36,14.59,18193.15,2024-09-06,0,0
CUST101472,38,Ahmedabad,Business Owner,90611,772,Home Loan,2906735,180,9.04,29551.25,2023-10-01,0,0
CUST101473,51,Mumbai,Salaried,51508,695,Business Loan,246232,12,16.91,22447.01,2024-06-28,0,0
CUST101474,33,Hyderabad,Salaried,35000,699,Home Loan,1005938,300,9.67,8908.01,2023-02-25,0,0
CUST101475,34,Pune,Salaried,36547,665,Vehicle Loan,206037,48,12.24,5450.06,2024-11-20,0,0
CUST101476,36,Ahmedabad,Salaried,33499,804,Gold Loan,130400,12,11.73,11569.42,2023-05-21,1,0
CUST101477,52,Chennai,Salaried,196551,633,Home Loan,3478436,120,9.38,44781.89,2023-09-25,0,0
CUST101478,21,Delhi,Self-Employed,29606,572,Personal Loan,109102,36,14.31,3745.3,2024-03-27,0,0
CUST101479,58,Bengaluru,Business Owner,35000,683,Home Loan,1049023,240,10.22,10276.68,2024-11-03,0,0
CUST101480,47,Ahmedabad,Self-Employed,31807,617,Business Loan,262859,24,14.64,12700.24,2024-04-21,252,1
CUST101481,54,Mumbai,Business Owner,26326,687,Business Loan,100989,12,13.73,9054.69,2024-06-23,0,0
CUST101482,32,Pune,Salaried,88550,608,Personal Loan,250640,48,18.37,7411.1,2023-11-18,0,0
CUST101483,46,Mumbai,Salaried,117438,649,Personal Loan,867335,48,18.41,25664.16,2023-08-17,329,1
CUST101484,24,Delhi,Self-Employed,20000,675,Vehicle Loan,151258,24,10.97,7047.7,2023-10-19,0,0
CUST101485,34,Lucknow,Salaried,37028,540,Vehicle Loan,235259,36,12.16,7831.96,2024-05-20,0,0
CUST101486,35,Delhi,Salaried,34374,641,Business Loan,413579,60,17.89,10477.46,2024-07-24,0,0
CUST101487,26,Mumbai,Self-Employed,45880,687,Personal Loan,182262,48,12.9,4880.59,2023-09-03,0,0
CUST101488,45,Pune,Salaried,40020,681,Business Loan,130610,12,13.92,11722.18,2024-01-25,0,0
CUST101489,46,Pune,Salaried,104215,614,Business Loan,964180,36,13.0,32487.03,2023-08-04,191,1
CUST101490,35,Chennai,Salaried,20144,849,Gold Loan,57679,12,10.36,5080.56,2024-06-03,0,0
CUST101491,37,Chennai,Business Owner,42081,805,Personal Loan,67343,12,12.89,6011.42,2024-03-13,196,1
CUST101492,34,Chennai,Salaried,45160,554,Home Loan,1084024,120,10.23,14463.88,2024-09-07,294,1
CUST101493,21,Jaipur,Business Owner,67048,596,Personal Loan,119468,12,13.4,10692.99,2023-09-13,1,0
CUST101494,27,Kolkata,Salaried,50735,754,Personal Loan,142647,12,17.47,13041.92,2024-09-29,0,0
CUST101495,40,Bengaluru,Salaried,25000,794,Business Loan,105439,12,11.3,9333.63,2023-09-27,305,1
CUST101496,40,Hyderabad,Salaried,40241,629,Home Loan,953173,300,10.94,9300.86,2024-10-15,0,0
CUST101497,44,Jaipur,Salaried,52717,680,Personal Loan,144387,12,15.7,13079.87,2024-05-20,0,0
CUST101498,34,Bengaluru,Salaried,82240,702,Personal Loan,243627,48,12.69,6498.48,2023-12-09,0,0
CUST101499,43,Hyderabad,Salaried,70056,624,Business Loan,235666,12,17.82,21585.67,2024-11-20,231,1
CUST101500,45,Hyderabad,Self-Employed,30782,715,Personal Loan,71283,48,16.88,2052.45,2023-01-11,0,0
CUST101501,37,Jaipur,Salaried,42288,761,Home Loan,1181881,180,9.35,12234.74,2023-05-01,342,1
CUST101502,40,Jaipur,Business Owner,42858,701,Gold Loan,195482,24,9.27,8954.78,2023-05-10,15,0
CUST101503,42,Ahmedabad,Self-Employed,35000,698,Home Loan,1021195,240,9.43,9472.25,2023-09-12,0,0
CUST101504,49,Delhi,Business Owner,74948,475,Gold Loan,102451,6,12.84,17720.3,2023-04-02,0,0
CUST101505,22,Mumbai,Salaried,48521,566,Home Loan,1255524,240,9.23,11482.66,2024-07-24,0,0
CUST101506,36,Chennai,Self-Employed,72392,684,Business Loan,630324,36,16.26,22241.32,2023-07-17,0,0
CUST101507,29,Delhi,Salaried,53464,727,Personal Loan,187825,12,15.81,17024.64,2023-08-11,0,0
CUST101508,24,Kolkata,Self-Employed,27174,835,Business Loan,116294,12,14.17,10451.01,2024-05-02,0,0
CUST101509,21,Pune,Self-Employed,20000,564,Personal Loan,65271,36,14.22,2237.79,2023-04-15,244,1
CUST101510,46,Bengaluru,Business Owner,25290,790,Personal Loan,103736,12,13.17,9273.69,2024-07-22,0,0
CUST101511,24,Jaipur,Salaried,59825,618,Home Loan,2397215,300,10.5,22634.07,2023-07-23,0,0
CUST101512,41,Ahmedabad,Salaried,65098,596,Business Loan,682529,60,13.95,15863.57,2024-07-01,0,0
CUST101513,35,Pune,Salaried,47182,793,Home Loan,1403644,300,9.39,12156.43,2024-03-13,0,0
CUST101514,33,Hyderabad,Self-Employed,39881,619,Business Loan,338437,24,13.92,16236.55,2023-10-24,30,0
CUST101515,43,Ahmedabad,Salaried,47041,741,Gold Loan,177386,18,10.71,10711.37,2024-09-03,30,0
CUST101516,64,Hyderabad,Salaried,101003,675,Vehicle Loan,801295,36,9.88,25810.41,2023-08-14,0,0
CUST101517,49,Pune,Business Owner,53871,724,Gold Loan,275737,24,12.08,12990.2,2023-06-11,0,0
CUST101518,37,Hyderabad,Salaried,60208,628,Personal Loan,110869,24,12.32,5235.57,2023-02-23,30,0
CUST101519,38,Bengaluru,Salaried,58815,532,Home Loan,1548266,180,10.82,17422.94,2023-07-06,273,1
CUST101520,43,Kolkata,Salaried,45005,691,Gold Loan,55502,6,10.31,9530.48,2023-09-07,15,0
CUST101521,31,Ahmedabad,Business Owner,71972,585,Vehicle Loan,168379,48,10.45,4307.01,2023-11-01,0,0
CUST101522,37,Hyderabad,Business Owner,34441,615,Business Loan,139106,12,12.56,12395.87,2024-06-20,0,0
CUST101523,34,Pune,Business Owner,54208,674,Personal Loan,207405,36,17.03,7397.65,2023-09-05,0,0
CUST101524,21,Delhi,Self-Employed,90503,759,Personal Loan,563885,48,16.69,16180.63,2024-01-26,0,0
CUST101525,36,Chennai,Business Owner,45158,741,Personal Loan,99401,12,12.56,8857.72,2024-01-06,0,0
CUST101526,35,Hyderabad,Salaried,40899,633,Business Loan,318014,60,11.56,7003.54,2024-01-16,0,0
CUST101527,38,Ahmedabad,Self-Employed,35275,658,Gold Loan,63412,6,9.16,10852.82,2024-03-30,248,1
CUST101528,24,Ahmedabad,Business Owner,50785,705,Business Loan,358241,60,13.36,8217.25,2024-10-25,30,0
CUST101529,30,Bengaluru,Self-Employed,58063,697,Gold Loan,181122,12,10.65,15978.31,2024-11-04,0,0
CUST101530,37,Lucknow,Business Owner,39422,819,Home Loan,1371003,240,9.23,12538.8,2024-04-16,0,0
CUST101531,34,Hyderabad,Self-Employed,69714,759,Vehicle Loan,553790,60,13.4,12714.11,2023-03-06,0,0
CUST101532,35,Jaipur,Business Owner,103437,512,Home Loan,1782114,300,8.67,14554.8,2023-11-07,1,0
CUST101533,38,Mumbai,Salaried,39707,516,Business Loan,178718,12,17.59,16350.01,2023-10-06,0,0
CUST101534,53,Hyderabad,Self-Employed,27624,554,Personal Loan,235199,36,12.24,7838.96,2024-08-17,0,0
CUST101535,36,Lucknow,Salaried,73030,541,Business Loan,270098,12,12.22,24025.69,2023-07-03,168,1
CUST101536,32,Lucknow,Self-Employed,30153,553,Vehicle Loan,331405,48,10.07,8416.43,2023-03-07,0,0
CUST101537,51,Mumbai,Salaried,68174,693,Home Loan,2546526,180,10.04,27427.45,2024-05-10,289,1
CUST101538,33,Lucknow,Business Owner,57393,732,Business Loan,280345,12,15.62,25385.56,2024-09-22,0,0
CUST101539,38,Chennai,Salaried,39529,803,Personal Loan,66000,12,14.11,5929.37,2024-03-06,0,0
CUST101540,47,Chennai,Self-Employed,226353,753,Personal Loan,887321,48,18.07,26097.52,2023-10-13,0,0
CUST101541,21,Kolkata,Business Owner,43101,765,Personal Loan,106879,24,17.96,5333.77,2024-03-30,0,0
CUST101542,24,Kolkata,Salaried,30153,665,Personal Loan,54843,12,17.29,5009.49,2024-07-26,0,0
CUST101543,34,Pune,Self-Employed,22251,732,Personal Loan,121957,48,16.88,3511.51,2024-07-28,0,0
CUST101544,39,Delhi,Salaried,44905,662,Home Loan,1480424,120,8.59,18426.48,2024-06-18,7,0
CUST101545,39,Hyderabad,Salaried,36596,604,Home Loan,1327875,180,11.35,15385.7,2023-12-31,294,1
CUST101546,30,Bengaluru,Self-Employed,30290,751,Personal Loan,79288,36,17.3,2838.69,2023-06-19,0,0
CUST101547,31,Jaipur,Self-Employed,33971,599,Business Loan,267570,36,16.17,9429.44,2024-07-04,0,0
CUST101548,46,Ahmedabad,Salaried,23483,782,Gold Loan,60858,12,12.72,5427.68,2024-09-25,0,0
CUST101549,36,Bengaluru,Salaried,83800,688,Home Loan,1824765,180,8.69,18172.99,2023-12-16,0,0
CUST101550,38,Kolkata,Self-Employed,119560,569,Personal Loan,131959,48,18.62,3919.18,2023-12-26,0,0
CUST101551,48,Jaipur,Self-Employed,35417,741,Personal Loan,258279,48,11.74,6768.55,2024-06-10,0,0
CUST101552,34,Kolkata,Self-Employed,28459,602,Gold Loan,164232,24,10.83,7641.54,2023-12-02,0,0
CUST101553,51,Pune,Self-Employed,28369,636,Gold Loan,50910,6,10.59,8749.0,2023-02-03,0,0
CUST101554,51,Delhi,Salaried,79175,765,Personal Loan,154673,12,18.24,14198.09,2023-06-05,0,0
CUST101555,48,Kolkata,Business Owner,42983,812,Business Loan,245223,24,16.55,12071.42,2023-12-05,301,1
CUST101556,36,Hyderabad,Self-Employed,65606,753,Business Loan,308348,24,15.71,15054.99,2024-04-06,30,0
CUST101557,40,Lucknow,Salaried,157995,600,Business Loan,1629990,60,14.63,38461.5,2023-11-28,0,0
CUST101558,30,Kolkata,Business Owner,42110,490,Personal Loan,479426,48,12.11,12651.03,2023-06-05,0,0
CUST101559,42,Lucknow,Self-Employed,54297,646,Personal Loan,264546,48,15.9,7483.77,2024-03-30,0,0
CUST101560,21,Pune,Salaried,31239,624,Personal Loan,142584,36,11.82,4723.58,2024-07-16,0,0
CUST101561,38,Bengaluru,Salaried,98259,651,Business Loan,477831,60,17.63,12037.79,2024-11-16,144,1
CUST101562,34,Kolkata,Salaried,39128,608,Personal Loan,85276,24,18.83,4291.61,2023-05-18,155,1
CUST101563,33,Delhi,Salaried,97680,706,Personal Loan,81155,12,15.57,7346.76,2024-11-11,0,0
CUST101564,40,Bengaluru,Business Owner,35000,643,Home Loan,1096366,120,8.74,13734.5,2023-01-08,0,0
CUST101565,44,Kolkata,Salaried,32804,844,Personal Loan,135902,36,17.91,4907.05,2024-06-01,0,0
CUST101566,28,Mumbai,Self-Employed,51723,757,Business Loan,334159,36,14.8,11551.03,2023-03-16,1,0
CUST101567,23,Jaipur,Salaried,50838,833,Business Loan,387471,60,16.58,9542.37,2024-02-02,0,0
CUST101568,46,Ahmedabad,Salaried,70997,672,Home Loan,1786076,300,9.59,15716.77,2023-01-02,0,0
CUST101569,30,Hyderabad,Salaried,88843,698,Business Loan,428389,36,17.8,15444.34,2023-01-16,258,1
CUST101570,30,Jaipur,Business Owner,62343,674,Vehicle Loan,923889,48,13.32,24932.62,2024-11-22,123,1
CUST101571,35,Mumbai,Salaried,77003,595,Gold Loan,136803,12,12.16,12165.02,2023-04-19,1,0
CUST101572,21,Mumbai,Salaried,21248,778,Personal Loan,215086,36,14.93,7448.66,2023-08-23,0,0
CUST101573,43,Ahmedabad,Business Owner,35000,812,Home Loan,691842,120,8.65,8633.45,2023-08-11,0,0
CUST101574,48,Pune,Salaried,76395,668,Gold Loan,397143,24,11.39,18581.97,2023-10-03,0,0
CUST101575,31,Delhi,Business Owner,25000,724,Business Loan,314909,60,11.71,6958.92,2024-04-01,0,0
CUST101576,35,Chennai,Self-Employed,75395,626,Gold Loan,70835,24,11.13,3305.74,2024-10-23,0,0
CUST101577,32,Chennai,Salaried,37859,659,Gold Loan,188748,24,11.14,8809.41,2024-05-10,7,0
CUST101578,48,Bengaluru,Salaried,77651,667,Business Loan,582633,36,16.0,20483.65,2024-06-27,0,0
CUST101579,32,Mumbai,Salaried,65381,842,Vehicle Loan,295257,24,9.8,13597.37,2023-08-21,0,0
CUST101580,53,Delhi,Business Owner,25734,675,Personal Loan,101718,12,18.31,9340.52,2023-02-19,15,0
CUST101581,28,Bengaluru,Self-Employed,99931,698,Home Loan,2496896,180,11.11,28552.35,2024-11-08,0,0
CUST101582,37,Ahmedabad,Self-Employed,58257,691,Vehicle Loan,358754,60,12.46,8063.93,2023-09-29,1,0
CUST101583,34,Hyderabad,Self-Employed,19408,744,Gold Loan,54775,12,11.72,4859.52,2024-10-02,15,0
CUST101584,32,Kolkata,Salaried,25000,720,Business Loan,143052,24,17.52,7108.61,2023-02-15,0,0
CUST101585,22,Hyderabad,Salaried,22977,674,Personal Loan,197680,48,15.56,5557.86,2024-03-13,15,0
CUST101586,32,Ahmedabad,Salaried,114145,654,Personal Loan,488048,48,18.36,14428.38,2023-09-13,0,0
CUST101587,21,Ahmedabad,Salaried,148108,791,Personal Loan,193087,24,14.9,9352.97,2023-09-14,15,0
CUST101588,38,Jaipur,Salaried,59335,644,Personal Loan,702967,48,17.38,20422.61,2024-07-25,0,0
CUST101589,37,Kolkata,Business Owner,45575,677,Business Loan,168847,12,13.64,15131.7,2024-11-11,297,1
CUST101590,48,Hyderabad,Salaried,58129,816,Business Loan,210407,12,16.25,19115.31,2024-03-16,0,0
CUST101591,37,Bengaluru,Self-Employed,65351,614,Gold Loan,67001,18,10.11,4027.28,2024-01-17,0,0
CUST101592,53,Hyderabad,Salaried,47911,576,Business Loan,227965,24,17.49,11324.85,2023-11-07,150,1
CUST101593,37,Chennai,Salaried,34966,742,Business Loan,169220,24,13.23,8063.32,2023-09-05,0,0
CUST101594,36,Bengaluru,Salaried,35000,652,Home Loan,1143115,300,9.88,10290.95,2024-10-27,7,0
CUST101595,44,Hyderabad,Salaried,29528,614,Personal Loan,183771,48,14.31,5050.44,2023-08-16,0,0
CUST101596,38,Hyderabad,Salaried,124821,611,Personal Loan,215249,36,18.61,7847.79,2023-02-05,0,0
CUST101597,30,Chennai,Self-Employed,29733,798,Personal Loan,81060,12,12.28,7212.7,2024-03-31,0,0
CUST101598,47,Hyderabad,Salaried,69196,589,Personal Loan,124669,12,12.94,11131.59,2023-09-28,0,0
CUST101599,31,Bengaluru,Salaried,54472,656,Home Loan,1100904,120,8.94,13910.06,2024-06-12,0,0
CUST101600,25,Pune,Salaried,29477,591,Gold Loan,163501,18,12.07,9975.94,2023-10-29,30,0
CUST101601,34,Lucknow,Self-Employed,33093,601,Business Loan,288005,36,15.8,10096.99,2024-08-03,321,1
CUST101602,26,Delhi,Salaried,29084,532,Business Loan,277925,24,11.97,13079.0,2024-11-11,0,0
CUST101603,45,Hyderabad,Salaried,63534,727,Business Loan,196244,12,12.25,17459.0,2023-07-04,0,0
CUST101604,48,Delhi,Salaried,40761,566,Personal Loan,149296,24,16.14,7319.99,2023-08-28,1,0
CUST101605,33,Jaipur,Self-Employed,89203,697,Home Loan,1836454,120,9.42,23682.9,2024-04-28,30,0
CUST101606,36,Delhi,Salaried,40273,567,Business Loan,370087,60,13.37,8490.88,2024-05-28,0,0
CUST101607,38,Mumbai,Salaried,15000,556,Gold Loan,55048,18,10.01,3306.28,2024-06-30,0,0
CUST101608,37,Kolkata,Salaried,47043,633,Personal Loan,60283,48,18.8,1796.11,2024-05-03,0,0
CUST101609,35,Mumbai,Self-Employed,20000,590,Vehicle Loan,148958,36,11.76,4930.48,2023-06-17,0,0
CUST101610,23,Hyderabad,Salaried,41802,748,Gold Loan,122957,24,9.86,5665.9,2023-08-04,0,0
CUST101611,21,Pune,Salaried,28186,670,Personal Loan,190787,48,12.96,5114.55,2023-10-14,0,0
CUST101612,21,Ahmedabad,Salaried,27785,572,Gold Loan,130054,24,12.67,6162.86,2023-11-16,0,0
CUST101613,44,Bengaluru,Salaried,28587,616,Business Loan,144214,24,16.41,7089.45,2024-03-08,1,0
CUST101614,46,Jaipur,Salaried,25000,589,Business Loan,228982,36,12.24,7631.75,2023-02-10,0,0
CUST101615,35,Bengaluru,Salaried,42071,711,Personal Loan,109915,36,15.49,3836.67,2023-04-23,0,0
CUST101616,38,Chennai,Salaried,20000,751,Personal Loan,175034,36,16.7,6214.34,2024-05-23,0,0
CUST101617,33,Lucknow,Self-Employed,35000,819,Home Loan,615074,120,8.69,7688.68,2023-04-25,0,0
CUST101618,37,Mumbai,Business Owner,39568,477,Personal Loan,129639,36,16.88,4614.25,2023-12-28,0,0
CUST101619,23,Pune,Self-Employed,138017,794,Vehicle Loan,696172,24,9.71,32031.7,2024-03-21,0,0
CUST101620,29,Bengaluru,Salaried,74206,739,Personal Loan,160179,12,18.62,14732.51,2024-03-20,0,0
CUST101621,35,Lucknow,Salaried,37156,710,Home Loan,1587143,240,8.64,13914.55,2024-08-19,0,0
CUST101622,34,Kolkata,Self-Employed,70896,709,Personal Loan,698389,48,12.67,18621.84,2023-06-17,0,0
CUST101623,26,Chennai,Business Owner,35593,731,Personal Loan,203005,48,15.42,5693.1,2024-08-22,0,0
CUST101624,38,Delhi,Self-Employed,86202,661,Home Loan,1388859,120,11.01,19139.4,2023-07-18,0,0
CUST101625,30,Pune,Business Owner,59520,864,Home Loan,2000607,180,10.01,21510.87,2024-11-02,0,0
CUST101626,39,Kolkata,Salaried,62438,714,Business Loan,588584,60,11.7,13003.67,2023-05-18,0,0
CUST101627,44,Delhi,Salaried,53363,775,Personal Loan,64243,12,16.63,5847.99,2023-10-01,0,0
CUST101628,41,Jaipur,Salaried,46078,694,Business Loan,379359,36,14.7,13094.94,2023-09-27,30,0
CUST101629,37,Bengaluru,Salaried,138726,684,Personal Loan,363567,36,18.63,13259.0,2023-11-17,7,0
CUST101630,38,Ahmedabad,Salaried,53239,656,Gold Loan,82293,6,9.59,14101.68,2023-02-18,0,0
CUST101631,24,Kolkata,Salaried,35864,677,Home Loan,819445,120,10.17,10906.31,2023-12-20,0,0
CUST101632,48,Hyderabad,Salaried,30773,492,Business Loan,126597,24,15.41,6162.95,2024-01-08,0,0
CUST101633,35,Pune,Business Owner,94169,535,Personal Loan,383148,24,13.68,18338.17,2024-01-18,271,1
CUST101634,26,Lucknow,Salaried,43675,750,Personal Loan,129314,12,17.32,11813.7,2024-03-21,0,0
CUST101635,21,Hyderabad,Business Owner,65849,812,Personal Loan,243136,24,15.82,11883.79,2024-05-17,30,0
CUST101636,43,Ahmedabad,Self-Employed,23217,732,Gold Loan,81443,18,11.36,4942.38,2024-01-24,0,0
CUST101637,26,Jaipur,Business Owner,25000,718,Business Loan,328165,60,13.28,7513.88,2023-08-08,0,0
CUST101638,30,Hyderabad,Business Owner,61571,769,Gold Loan,148639,12,9.1,13005.59,2023-03-17,15,0
CUST101639,50,Kolkata,Self-Employed,47443,711,Gold Loan,60529,6,12.92,10471.71,2023-02-08,270,1
CUST101640,36,Mumbai,Self-Employed,41022,552,Gold Loan,94906,18,9.74,5688.42,2024-08-09,0,0
CUST101641,43,Delhi,Salaried,37202,689,Home Loan,1462768,240,9.31,13453.94,2023-09-13,0,0
CUST101642,44,Kolkata,Salaried,79038,586,Gold Loan,346606,18,11.94,21127.08,2024-09-22,0,0
CUST101643,33,Ahmedabad,Salaried,105626,602,Home Loan,2097155,180,10.61,23325.15,2024-08-24,0,0
CUST101644,32,Chennai,Self-Employed,47124,810,Home Loan,2092929,240,9.27,19195.58,2024-11-10,0,0
CUST101645,40,Lucknow,Business Owner,62427,580,Business Loan,825598,60,16.37,20239.61,2024-04-12,335,1
CUST101646,41,Delhi,Self-Employed,56557,673,Personal Loan,101993,12,16.3,9268.4,2024-10-28,262,1
CUST101647,21,Pune,Salaried,31057,732,Business Loan,379278,60,14.23,8870.43,2024-03-17,0,0
CUST101648,43,Jaipur,Self-Employed,35551,758,Business Loan,363060,36,16.57,12866.52,2024-03-28,301,1
CUST101649,44,Kolkata,Salaried,41725,561,Personal Loan,232003,36,15.97,8153.1,2023-01-04,0,0
CUST101650,21,Lucknow,Salaried,21208,619,Personal Loan,196224,48,17.44,5706.82,2023-07-21,15,0
CUST101651,22,Lucknow,Salaried,53520,681,Home Loan,1597243,240,10.17,15594.07,2024-05-28,0,0
CUST101652,54,Chennai,Salaried,49339,578,Personal Loan,111185,12,18.21,10204.56,2023-07-14,0,0
CUST101653,23,Pune,Salaried,53630,792,Personal Loan,58373,12,11.75,5179.55,2023-04-19,7,0
CUST101654,37,Delhi,Business Owner,34673,598,Vehicle Loan,177216,24,11.23,8278.59,2024-09-02,0,0
CUST101655,49,Mumbai,Salaried,20704,785,Personal Loan,55906,12,17.06,5100.48,2024-03-13,0,0
CUST101656,36,Jaipur,Business Owner,54413,709,Home Loan,1383850,240,9.66,13044.23,2024-07-09,0,0
CUST101657,38,Kolkata,Salaried,168209,702,Home Loan,4907526,180,11.03,55871.27,2023-11-08,0,0
CUST101658,37,Jaipur,Salaried,52376,717,Home Loan,2039780,300,10.5,19259.23,2024-02-01,0,0
CUST101659,43,Chennai,Self-Employed,61256,735,Personal Loan,173994,12,15.01,15705.23,2024-01-11,0,0
CUST101660,31,Mumbai,Self-Employed,33867,612,Personal Loan,54628,12,15.08,4932.69,2023-05-05,15,0
CUST101661,37,Jaipur,Salaried,116113,684,Personal Loan,790245,24,12.35,37328.87,2023-03-31,0,0
CUST101662,45,Bengaluru,Salaried,83842,709,Gold Loan,499695,18,12.0,30472.42,2024-08-31,0,0
CUST101663,39,Ahmedabad,Business Owner,25806,598,Personal Loan,72745,12,14.55,6550.4,2023-10-18,0,0
CUST101664,44,Ahmedabad,Business Owner,34949,726,Gold Loan,63913,6,11.15,11001.25,2023-11-09,0,0
CUST101665,33,Mumbai,Salaried,38438,733,Personal Loan,151242,24,16.99,7477.02,2024-08-27,0,0
CUST101666,45,Lucknow,Self-Employed,49356,498,Business Loan,307860,24,12.81,14608.77,2024-09-11,0,0
CUST101667,36,Mumbai,Salaried,71886,874,Personal Loan,300786,48,14.15,8242.07,2023-02-06,0,0
CUST101668,38,Chennai,Self-Employed,55388,575,Personal Loan,283680,24,12.55,13426.78,2024-08-31,0,0
CUST101669,31,Jaipur,Salaried,27345,550,Business Loan,515154,60,11.02,11205.84,2023-06-20,0,0
CUST101670,60,Jaipur,Salaried,44037,642,Gold Loan,131493,24,10.17,6078.06,2023-03-04,0,0
CUST101671,30,Chennai,Salaried,139918,696,Personal Loan,237333,36,15.72,8311.15,2023-03-16,0,0
CUST101672,38,Kolkata,Self-Employed,60539,552,Personal Loan,216599,24,15.69,10573.31,2024-09-16,125,1
CUST101673,43,Ahmedabad,Business Owner,22054,673,Personal Loan,123693,36,15.88,4341.35,2024-05-05,0,0
CUST101674,27,Lucknow,Business Owner,30133,512,Personal Loan,53232,36,16.29,1879.11,2024-08-03,0,0
CUST101675,42,Lucknow,Self-Employed,62264,683,Gold Loan,156303,24,12.92,7425.06,2024-09-13,7,0
CUST101676,33,Mumbai,Salaried,86423,686,Business Loan,982918,36,14.08,33632.01,2023-01-30,0,0
CUST101677,41,Delhi,Salaried,51617,615,Personal Loan,260259,36,17.89,9394.63,2024-05-13,0,0
CUST101678,42,Lucknow,Salaried,39432,900,Business Loan,320198,24,11.34,14974.33,2023-02-12,0,0
CUST101679,33,Delhi,Business Owner,35000,572,Home Loan,963500,180,8.73,9618.31,2024-09-27,0,0
CUST101680,27,Lucknow,Self-Employed,154292,732,Personal Loan,77405,48,18.48,2293.23,2023-08-23,0,0
CUST101681,26,Delhi,Self-Employed,56107,805,Vehicle Loan,250965,36,10.03,8101.47,2024-05-22,0,0
CUST101682,33,Ahmedabad,Salaried,41966,730,Personal Loan,255416,36,13.6,8679.97,2023-10-29,0,0
CUST101683,59,Kolkata,Salaried,35000,762,Home Loan,677258,180,11.5,7911.66,2023-08-29,0,0
CUST101684,40,Delhi,Salaried,54640,550,Vehicle Loan,258087,60,13.78,5975.84,2024-09-01,250,1
CUST101685,25,Delhi,Self-Employed,79170,693,Home Loan,1827943,120,11.47,25668.68,2023-01-19,0,0
CUST101686,49,Delhi,Self-Employed,64094,678,Gold Loan,151552,18,9.04,9034.92,2023-01-04,297,1
CUST101687,45,Delhi,Salaried,45047,772,Home Loan,1067945,120,11.3,14892.88,2023-07-18,0,0
CUST101688,37,Ahmedabad,Self-Employed,30770,830,Personal Loan,232218,36,14.98,8047.64,2024-08-24,0,0
CUST101689,49,Jaipur,Self-Employed,58035,864,Vehicle Loan,798954,60,13.3,18301.59,2024-04-12,7,0
CUST101690,55,Chennai,Business Owner,32460,644,Vehicle Loan,155684,36,9.61,4995.03,2024-11-23,1,0
CUST101691,34,Delhi,Salaried,46115,788,Business Loan,758844,60,14.44,17830.55,2023-03-28,229,1
CUST101692,21,Ahmedabad,Salaried,47625,647,Business Loan,727053,60,12.46,16342.41,2023-04-24,0,0
CUST101693,37,Jaipur,Salaried,85610,806,Personal Loan,457054,48,15.84,12915.62,2023-11-13,15,0
CUST101694,29,Hyderabad,Business Owner,28116,714,Personal Loan,158742,48,14.48,4376.18,2024-06-24,0,0
CUST101695,50,Delhi,Business Owner,96457,812,Home Loan,3634077,300,8.62,29557.03,2024-05-29,0,0
CUST101696,36,Bengaluru,Salaried,35451,647,Business Loan,371022,36,12.81,12467.27,2023-07-25,0,0
CUST101697,44,Jaipur,Salaried,65802,593,Personal Loan,290507,48,16.17,8258.37,2023-09-04,30,0
CUST101698,29,Hyderabad,Salaried,75687,601,Business Loan,225391,12,15.9,20439.25,2024-06-29,155,1
CUST101699,28,Chennai,Salaried,86670,752,Vehicle Loan,496033,36,11.0,16239.48,2023-04-22,0,0
CUST101700,47,Chennai,Salaried,56948,705,Personal Loan,92677,36,18.4,3369.12,2023-02-18,0,0
CUST101701,43,Delhi,Salaried,61112,613,Personal Loan,301771,36,11.96,10017.35,2023-11-09,0,0
CUST101702,45,Chennai,Self-Employed,78518,734,Personal Loan,418192,36,17.79,15074.62,2024-04-20,0,0
CUST101703,59,Jaipur,Salaried,62464,585,Home Loan,1519623,120,9.48,19646.91,2024-05-29,0,0
CUST101704,47,Delhi,Self-Employed,59510,745,Personal Loan,202440,12,18.89,18645.55,2023-10-05,327,1
CUST101705,43,Bengaluru,Salaried,75199,502,Home Loan,1786916,300,11.06,17591.36,2024-04-02,0,0
CUST101706,43,Lucknow,Self-Employed,46539,636,Business Loan,301030,24,12.54,14246.56,2023-09-29,0,0
CUST101707,52,Delhi,Salaried,52355,672,Business Loan,848368,60,17.31,21225.8,2023-01-28,0,0
CUST101708,36,Lucknow,Business Owner,38668,686,Business Loan,108244,12,16.3,9836.44,2023-11-27,0,0
CUST101709,34,Kolkata,Salaried,46152,699,Gold Loan,104091,12,12.27,9261.51,2024-01-24,0,0
CUST101710,42,Hyderabad,Salaried,37616,603,Home Loan,1466877,180,8.78,14686.68,2024-08-23,234,1
CUST101711,40,Bengaluru,Self-Employed,45285,698,Personal Loan,83991,48,13.83,2288.02,2024-10-16,0,0
CUST101712,21,Delhi,Salaried,88999,865,Home Loan,2542045,240,9.79,24178.65,2024-03-31,0,0
CUST101713,29,Hyderabad,Salaried,60875,636,Personal Loan,220398,24,17.09,10906.51,2024-05-06,0,0
CUST101714,32,Mumbai,Salaried,37819,625,Home Loan,884965,120,9.22,11316.0,2024-09-17,150,1
CUST101715,24,Jaipur,Salaried,77435,758,Home Loan,2033953,120,8.81,25556.58,2024-03-20,0,0
CUST101716,48,Kolkata,Salaried,94315,736,Home Loan,1535174,120,10.78,20956.3,2024-07-12,0,0
CUST101717,34,Hyderabad,Salaried,25000,732,Business Loan,149323,24,11.52,6995.73,2023-11-08,0,0
CUST101718,51,Mumbai,Salaried,33367,656,Gold Loan,253025,24,10.06,11682.83,2024-04-13,0,0
CUST101719,32,Hyderabad,Salaried,76577,484,Personal Loan,467216,24,14.56,22556.19,2023-04-15,0,0
CUST101720,32,Mumbai,Salaried,72299,657,Personal Loan,603741,36,18.4,21948.02,2023-01-14,0,0
CUST101721,32,Ahmedabad,Salaried,46519,584,Personal Loan,126796,24,17.4,6293.48,2024-01-23,0,0
CUST101722,49,Hyderabad,Salaried,75175,796,Home Loan,1946061,300,9.92,17574.24,2023-07-24,0,0
CUST101723,21,Delhi,Self-Employed,131897,502,Personal Loan,138483,48,15.11,3861.81,2024-11-27,1,0
CUST101724,28,Kolkata,Salaried,50013,627,Personal Loan,158084,24,18.57,7935.81,2023-07-18,0,0
CUST101725,47,Ahmedabad,Salaried,37019,739,Gold Loan,56978,6,12.41,9843.01,2023-04-17,0,0
CUST101726,31,Lucknow,Business Owner,95293,680,Home Loan,2838654,180,9.6,29813.45,2024-03-15,288,1
CUST101727,43,Delhi,Salaried,35000,710,Home Loan,1022307,240,11.48,10888.1,2023-02-18,0,0
CUST101728,41,Ahmedabad,Salaried,63124,630,Gold Loan,93781,6,9.5,16066.1,2023-08-04,0,0
CUST101729,38,Bengaluru,Salaried,94804,725,Personal Loan,200588,12,18.23,18411.87,2024-11-12,0,0
CUST101730,45,Hyderabad,Salaried,51346,662,Vehicle Loan,327633,24,11.17,15296.14,2023-08-26,0,0
CUST101731,22,Delhi,Business Owner,35000,627,Home Loan,1065273,120,10.2,14195.91,2023-12-15,274,1
CUST101732,21,Jaipur,Self-Employed,85495,675,Business Loan,649398,36,16.76,23075.32,2023-09-01,0,0
CUST101733,21,Ahmedabad,Self-Employed,29612,788,Personal Loan,86953,12,15.23,7857.67,2024-02-19,0,0
CUST101734,41,Mumbai,Self-Employed,69731,777,Personal Loan,185960,12,16.82,16944.55,2023-01-09,0,0
CUST101735,26,Hyderabad,Salaried,45602,697,Gold Loan,100108,18,11.7,6090.85,2024-05-09,0,0
CUST101736,46,Chennai,Business Owner,38885,822,Personal Loan,85588,24,18.08,4276.21,2024-07-28,202,1
CUST101737,38,Jaipur,Salaried,71877,662,Home Loan,1613803,300,11.25,16109.62,2023-07-03,0,0
CUST101738,59,Hyderabad,Business Owner,111537,709,Gold Loan,298979,24,9.27,13695.85,2024-11-21,0,0
CUST101739,43,Ahmedabad,Salaried,38735,673,Personal Loan,55869,12,14.4,5026.84,2023-01-08,0,0
CUST101740,28,Ahmedabad,Salaried,58323,559,Gold Loan,120755,6,9.63,20694.88,2024-11-29,0,0
CUST101741,37,Bengaluru,Salaried,28681,680,Personal Loan,153955,48,16.26,4383.66,2023-09-21,0,0
CUST101742,40,Chennai,Salaried,29879,758,Vehicle Loan,358251,48,10.27,9132.69,2024-05-29,1,0
CUST101743,32,Delhi,Salaried,126452,556,Personal Loan,140431,12,12.81,12530.4,2024-06-03,1,0
CUST101744,21,Bengaluru,Salaried,35000,750,Home Loan,984846,300,10.95,9617.03,2024-10-17,0,0
CUST101745,39,Ahmedabad,Salaried,39061,688,Personal Loan,66266,12,18.7,6097.36,2023-09-06,321,1
CUST101746,49,Bengaluru,Self-Employed,42342,528,Home Loan,1563405,300,8.68,12779.17,2024-04-07,0,0
CUST101747,64,Bengaluru,Salaried,103756,595,Personal Loan,304743,24,15.66,14871.71,2024-03-15,0,0
CUST101748,34,Pune,Salaried,50852,576,Personal Loan,578723,48,14.29,15898.78,2024-07-29,217,1
CUST101749,31,Kolkata,Salaried,22499,599,Personal Loan,136960,48,18.85,4084.29,2024-11-05,0,0
CUST101750,32,Hyderabad,Salaried,30051,661,Personal Loan,50172,12,18.72,4616.98,2023-09-15,238,1
CUST101751,32,Lucknow,Self-Employed,67305,513,Personal Loan,158615,12,12.25,14111.31,2024-10-16,281,1
CUST101752,35,Chennai,Salaried,47641,616,Home Loan,1126077,300,10.91,10963.64,2024-10-31,0,0
CUST101753,35,Chennai,Salaried,43792,591,Personal Loan,359589,48,13.22,9686.18,2023-01-04,0,0
CUST101754,45,Delhi,Business Owner,22795,766,Gold Loan,67146,18,9.3,4010.98,2023-09-08,0,0
CUST101755,39,Hyderabad,Salaried,52933,628,Personal Loan,71636,36,15.99,2518.16,2023-10-15,136,1
CUST101756,22,Delhi,Self-Employed,51001,762,Business Loan,245661,24,11.67,11526.29,2023-10-07,30,0
CUST101757,47,Mumbai,Salaried,66141,616,Personal Loan,111046,48,17.3,3221.5,2023-01-29,344,1
CUST101758,51,Mumbai,Salaried,59138,733,Personal Loan,136900,24,18.73,6882.99,2023-12-01,7,0
CUST101759,28,Ahmedabad,Self-Employed,51516,699,Vehicle Loan,675533,60,13.27,15463.98,2024-08-21,0,0
CUST101760,52,Lucknow,Salaried,107092,829,Personal Loan,212439,12,16.96,19371.41,2024-05-06,15,0
CUST101761,38,Delhi,Salaried,36052,775,Personal Loan,299842,36,12.83,10078.33,2024-04-18,0,0
CUST101762,30,Mumbai,Self-Employed,57955,783,Business Loan,245066,24,17.15,12134.29,2024-06-19,0,0
CUST101763,40,Hyderabad,Self-Employed,40502,703,Personal Loan,59517,24,13.89,2854.49,2023-03-20,125,1
CUST101764,60,Kolkata,Self-Employed,39312,724,Home Loan,1326922,240,10.24,13016.79,2024-07-07,30,0
CUST101765,41,Ahmedabad,Self-Employed,42425,877,Business Loan,207293,12,13.8,18592.74,2023-10-02,347,1
CUST101766,21,Pune,Salaried,32223,745,Business Loan,91388,12,11.72,8107.75,2023-10-01,0,0
CUST101767,31,Ahmedabad,Self-Employed,85172,663,Home Loan,2355076,120,10.63,31949.89,2023-05-16,0,0
CUST101768,38,Jaipur,Salaried,21528,778,Gold Loan,81594,24,12.0,3840.91,2023-05-31,0,0
CUST101769,25,Ahmedabad,Salaried,20000,730,Personal Loan,50157,12,14.28,4510.06,2024-07-09,0,0
CUST101770,51,Chennai,Salaried,45546,819,Personal Loan,159490,24,11.89,7499.56,2023-03-26,0,0
CUST101771,48,Chennai,Self-Employed,56799,632,Vehicle Loan,521623,48,12.91,13970.55,2024-07-31,0,0
CUST101772,35,Lucknow,Self-Employed,36937,611,Personal Loan,87672,36,17.8,3160.76,2023-05-24,0,0
CUST101773,42,Chennai,Self-Employed,41037,686,Business Loan,330278,36,13.96,11281.7,2024-01-16,0,0
CUST101774,21,Kolkata,Salaried,26427,652,Personal Loan,81562,12,16.92,7435.75,2023-10-04,0,0
CUST101775,30,Pune,Salaried,25000,631,Business Loan,263437,36,12.8,8850.88,2024-11-12,0,0
CUST101776,37,Mumbai,Salaried,29296,746,Gold Loan,169412,18,11.09,10259.62,2024-11-01,0,0
CUST101777,29,Pune,Self-Employed,37642,741,Personal Loan,63694,12,14.75,5741.4,2023-08-26,0,0
CUST101778,41,Pune,Salaried,35000,591,Home Loan,1233757,120,9.17,15742.45,2024-03-25,1,0
CUST101779,21,Bengaluru,Business Owner,67874,569,Business Loan,454785,60,16.26,11122.41,2024-06-16,0,0
CUST101780,25,Kolkata,Salaried,46928,469,Business Loan,334122,24,14.37,16100.62,2024-01-04,289,1
CUST101781,42,Ahmedabad,Salaried,25000,582,Business Loan,147341,24,14.71,7123.79,2023-07-18,253,1
CUST101782,29,Lucknow,Self-Employed,60228,657,Vehicle Loan,157695,24,10.98,7348.36,2024-01-17,0,0
CUST101783,42,Delhi,Salaried,345034,887,Personal Loan,349701,12,14.36,31457.91,2023-09-29,7,0
CUST101784,21,Chennai,Salaried,95204,569,Business Loan,385577,24,14.03,18518.13,2023-01-16,0,0
CUST101785,45,Chennai,Self-Employed,38659,534,Gold Loan,101098,12,10.82,8926.72,2024-09-15,0,0
CUST101786,30,Ahmedabad,Salaried,73516,775,Home Loan,1525710,180,10.71,17064.36,2024-07-28,0,0
CUST101787,21,Bengaluru,Self-Employed,129380,624,Personal Loan,203481,12,16.97,18555.54,2024-10-17,0,0
CUST101788,43,Kolkata,Salaried,47903,635,Business Loan,319664,60,13.08,7286.44,2023-12-17,0,0
CUST101789,57,Lucknow,Business Owner,83852,710,Personal Loan,188877,24,13.14,8991.98,2023-01-18,0,0
CUST101790,41,Mumbai,Salaried,29953,789,Personal Loan,191109,36,14.19,6549.3,2023-07-06,0,0
CUST101791,43,Mumbai,Salaried,41929,862,Business Loan,332599,24,11.3,15548.09,2024-01-19,1,0
CUST101792,56,Bengaluru,Self-Employed,76477,768,Home Loan,1785231,120,8.63,22258.63,2023-05-14,0,0
CUST101793,37,Jaipur,Salaried,120335,601,Home Loan,3466822,240,10.2,33916.26,2023-11-22,0,0
CUST101794,41,Ahmedabad,Salaried,94783,698,Home Loan,1928472,300,8.73,15828.61,2023-06-08,0,0
CUST101795,30,Pune,Self-Employed,168873,837,Business Loan,555073,36,17.56,19944.91,2023-10-22,0,0
CUST101796,44,Jaipur,Self-Employed,55221,718,Home Loan,2009593,240,9.86,19206.97,2024-07-19,0,0
CUST101797,25,Kolkata,Salaried,68007,661,Business Loan,344142,36,15.84,12071.84,2023-11-12,0,0
CUST101798,36,Ahmedabad,Self-Employed,35000,716,Home Loan,1458746,300,10.39,13658.77,2024-09-01,0,0
CUST101799,47,Hyderabad,Self-Employed,40828,712,Personal Loan,236709,36,15.73,8290.47,2024-02-10,0,0
CUST101800,48,Mumbai,Self-Employed,52092,658,Personal Loan,357638,48,15.73,10086.17,2024-03-31,0,0
CUST101801,49,Kolkata,Self-Employed,27566,589,Business Loan,300505,60,11.77,6649.69,2024-09-03,0,0
CUST101802,30,Hyderabad,Self-Employed,48212,668,Home Loan,1516554,240,10.92,15571.21,2023-12-24,0,0
CUST101803,26,Ahmedabad,Salaried,40359,596,Personal Loan,339509,48,12.39,9005.72,2024-06-29,0,0
CUST101804,26,Jaipur,Business Owner,41060,732,Vehicle Loan,467212,36,12.81,15699.5,2023-07-28,222,1
CUST101805,40,Kolkata,Salaried,63771,771,Business Loan,257958,12,15.51,23344.98,2023-01-01,0,0
CUST101806,43,Jaipur,Salaried,62268,646,Business Loan,322380,36,12.39,10767.78,2024-03-31,0,0
CUST101807,41,Chennai,Salaried,38408,672,Personal Loan,229700,48,16.26,6540.39,2024-09-28,0,0
CUST101808,57,Mumbai,Salaried,28531,710,Gold Loan,96792,24,11.99,4555.88,2023-10-03,0,0
CUST101809,28,Delhi,Business Owner,54303,776,Gold Loan,74307,6,12.37,12835.14,2023-05-04,0,0
CUST101810,40,Delhi,Salaried,62227,573,Personal Loan,156161,24,17.52,7760.03,2023-05-03,30,0
CUST101811,33,Bengaluru,Self-Employed,44588,698,Home Loan,1071051,300,10.55,10150.94,2023-11-10,0,0
CUST101812,32,Jaipur,Self-Employed,29236,620,Business Loan,66824,12,16.36,6074.39,2024-07-17,0,0
CUST101813,30,Bengaluru,Salaried,44059,704,Personal Loan,94394,12,15.92,8560.88,2023-06-02,0,0
CUST101814,56,Kolkata,Salaried,54420,613,Personal Loan,55064,24,17.45,2734.41,2024-02-25,7,0
CUST101815,40,Delhi,Salaried,85276,674,Personal Loan,647128,36,15.47,22582.13,2024-06-13,0,0
CUST101816,36,Lucknow,Self-Employed,42833,667,Personal Loan,210921,48,16.25,6004.6,2024-10-08,7,0
CUST101817,21,Chennai,Business Owner,39866,799,Vehicle Loan,392869,36,9.92,12662.03,2023-03-16,0,0
CUST101818,21,Lucknow,Salaried,37103,735,Personal Loan,136350,48,16.94,3930.15,2023-02-06,0,0
CUST101819,48,Ahmedabad,Business Owner,71836,623,Gold Loan,85241,6,10.67,14652.22,2023-08-01,0,0
CUST101820,50,Delhi,Self-Employed,25000,657,Business Loan,92791,12,16.81,8454.62,2023-01-17,159,1
CUST101821,51,Kolkata,Salaried,51894,749,Personal Loan,711161,48,12.42,18874.58,2023-03-26,0,0
CUST101822,21,Ahmedabad,Salaried,74431,766,Personal Loan,576665,48,15.3,16136.85,2024-04-13,30,0
CUST101823,39,Delhi,Salaried,73232,760,Business Loan,436638,60,16.82,10809.36,2024-01-31,0,0
CUST101824,44,Kolkata,Self-Employed,52938,633,Business Loan,213077,12,12.75,19006.47,2024-02-19,0,0
CUST101825,45,Mumbai,Self-Employed,30831,720,Business Loan,299156,36,15.57,10454.04,2024-02-10,126,1
CUST101826,50,Lucknow,Self-Employed,39228,627,Personal Loan,162180,12,13.5,14523.55,2023-11-20,0,0
CUST101827,50,Hyderabad,Salaried,72949,780,Vehicle Loan,152634,24,11.19,7127.41,2023-03-30,0,0
CUST101828,31,Delhi,Salaried,84640,602,Gold Loan,298419,24,11.37,13959.98,2023-05-21,0,0
CUST101829,22,Ahmedabad,Salaried,42142,680,Business Loan,155370,12,13.12,13885.97,2023-10-16,0,0
CUST101830,57,Hyderabad,Business Owner,106495,678,Business Loan,308565,60,15.37,7400.8,2024-11-29,311,1
CUST101831,40,Mumbai,Self-Employed,127725,625,Business Loan,300085,36,13.77,10222.7,2023-04-02,355,1
CUST101832,35,Ahmedabad,Self-Employed,28615,774,Gold Loan,51210,12,9.64,4493.6,2023-03-25,0,0
CUST101833,43,Jaipur,Salaried,58262,748,Personal Loan,56655,24,13.11,2696.41,2023-10-12,176,1
CUST101834,32,Jaipur,Salaried,96485,639,Gold Loan,162704,6,11.9,28066.27,2023-03-17,0,0
CUST101835,29,Pune,Salaried,64837,762,Vehicle Loan,357141,36,10.74,11648.41,2023-12-06,0,0
CUST101836,40,Hyderabad,Salaried,47236,680,Business Loan,676318,60,13.91,15705.2,2024-03-28,0,0
CUST101837,21,Ahmedabad,Business Owner,36003,566,Vehicle Loan,195802,24,13.65,9368.68,2023-07-16,0,0
CUST101838,56,Bengaluru,Salaried,58886,695,Gold Loan,55838,6,11.5,9620.96,2024-05-31,0,0
CUST101839,32,Chennai,Self-Employed,28610,704,Personal Loan,108332,24,17.22,5367.64,2023-03-23,0,0
CUST101840,39,Delhi,Business Owner,58198,767,Personal Loan,115004,24,12.03,5415.25,2024-03-20,1,0
CUST101841,53,Chennai,Self-Employed,82729,658,Gold Loan,453629,24,9.7,20869.92,2024-02-05,182,1
CUST101842,39,Mumbai,Self-Employed,38549,690,Personal Loan,298473,36,13.02,10059.61,2024-04-19,0,0
CUST101843,53,Lucknow,Self-Employed,42897,631,Gold Loan,51568,12,11.58,4571.63,2023-07-31,0,0
CUST101844,40,Lucknow,Salaried,50127,693,Business Loan,219952,12,15.56,19910.66,2024-08-28,0,0
CUST101845,43,Kolkata,Salaried,71161,772,Gold Loan,309438,18,9.75,18548.34,2023-05-24,30,0
CUST101846,31,Jaipur,Salaried,111115,630,Personal Loan,568759,36,14.01,19441.6,2024-03-03,0,0
CUST101847,44,Lucknow,Business Owner,36302,645,Personal Loan,79325,24,15.68,3871.88,2023-11-02,0,0
CUST101848,44,Jaipur,Salaried,52589,798,Personal Loan,97510,12,15.99,8846.7,2023-06-02,0,0
CUST101849,39,Chennai,Salaried,70094,534,Business Loan,274828,12,11.94,24410.42,2023-05-29,0,0
CUST101850,43,Delhi,Salaried,51995,800,Business Loan,352971,24,14.24,16987.2,2023-08-31,173,1
CUST101851,46,Hyderabad,Salaried,20000,755,Vehicle Loan,198897,48,9.96,5040.72,2024-03-07,151,1
CUST101852,34,Chennai,Business Owner,82958,618,Gold Loan,135602,12,11.09,11990.42,2023-08-11,30,0
CUST101853,22,Mumbai,Self-Employed,35033,552,Personal Loan,435675,48,16.69,12501.65,2023-08-02,0,0
CUST101854,51,Bengaluru,Salaried,72853,673,Personal Loan,535342,24,11.64,25110.5,2023-07-13,0,0
CUST101855,43,Delhi,Self-Employed,52598,697,Home Loan,1506346,240,9.14,13688.91,2023-02-21,0,0
CUST101856,43,Chennai,Salaried,20901,771,Vehicle Loan,168416,24,10.14,7782.43,2023-06-18,0,0
CUST101857,31,Ahmedabad,Salaried,34585,618,Business Loan,102335,12,13.07,9143.64,2024-06-02,221,1
CUST101858,30,Hyderabad,Salaried,49643,570,Gold Loan,180992,24,11.33,8463.4,2023-02-06,0,0
CUST101859,27,Jaipur,Salaried,28770,780,Business Loan,126687,24,15.52,6173.97,2023-10-20,0,0
CUST101860,33,Pune,Salaried,40452,655,Business Loan,320504,24,12.72,15195.23,2023-03-29,0,0
CUST101861,45,Mumbai,Salaried,61623,571,Personal Loan,228193,24,18.79,11479.62,2024-01-19,0,0
CUST101862,38,Jaipur,Salaried,43414,584,Personal Loan,220990,24,14.39,10651.13,2024-06-15,0,0
CUST101863,40,Lucknow,Salaried,27922,631,Personal Loan,186211,36,13.82,6347.98,2024-07-04,0,0
CUST101864,54,Delhi,Salaried,54137,774,Business Loan,321396,36,16.82,11429.87,2023-05-20,7,0
CUST101865,36,Ahmedabad,Salaried,20000,558,Personal Loan,174827,36,14.09,5982.82,2023-02-14,0,0
CUST101866,40,Chennai,Self-Employed,158294,581,Home Loan,4006889,240,11.08,41577.02,2023-05-11,0,0
CUST101867,34,Delhi,Salaried,48513,827,Business Loan,300590,24,14.27,14470.56,2024-02-13,0,0
CUST101868,34,Lucknow,Salaried,35868,578,Home Loan,758671,180,10.84,8546.96,2023-04-29,1,0
CUST101869,26,Delhi,Self-Employed,53001,644,Personal Loan,161135,24,12.75,7641.74,2024-10-09,341,1
CUST101870,43,Delhi,Salaried,56501,760,Personal Loan,372262,36,12.95,12534.01,2023-10-19,0,0
CUST101871,37,Pune,Self-Employed,61886,610,Personal Loan,322757,24,15.93,15792.39,2023-12-07,0,0
CUST101872,49,Kolkata,Salaried,41173,721,Gold Loan,71099,12,11.27,6292.81,2023-03-17,0,0
CUST101873,50,Bengaluru,Business Owner,25937,684,Gold Loan,74613,12,9.76,6551.34,2023-05-18,0,0
CUST101874,26,Kolkata,Self-Employed,41639,583,Gold Loan,139715,18,9.42,8353.61,2023-04-13,0,0
CUST101875,28,Pune,Salaried,41790,620,Personal Loan,84004,48,12.11,2216.69,2023-10-22,0,0
CUST101876,38,Hyderabad,Salaried,154919,755,Personal Loan,597049,24,17.05,29533.8,2024-02-19,0,0
CUST101877,42,Ahmedabad,Salaried,78397,626,Gold Loan,289578,12,9.24,25356.26,2024-03-01,0,0
CUST101878,38,Hyderabad,Salaried,56372,677,Home Loan,1560016,180,8.86,15693.06,2024-10-13,0,0
CUST101879,37,Pune,Self-Employed,49107,705,Gold Loan,179240,18,9.73,10742.36,2024-06-11,0,0
CUST101880,22,Mumbai,Self-Employed,35000,620,Home Loan,856125,180,9.71,9048.67,2024-05-02,0,0
CUST101881,47,Chennai,Salaried,40644,722,Home Loan,1518927,240,11.04,15719.56,2023-04-14,0,0
CUST101882,35,Lucknow,Business Owner,25196,636,Personal Loan,71798,12,12.51,6396.31,2023-10-28,309,1
CUST101883,26,Delhi,Salaried,86581,755,Gold Loan,210868,12,12.65,18799.55,2024-03-19,0,0
CUST101884,33,Pune,Business Owner,165536,698,Gold Loan,344920,12,10.14,30346.41,2024-02-11,0,0
CUST101885,38,Ahmedabad,Salaried,66561,613,Personal Loan,114652,12,16.83,10447.56,2023-03-11,0,0
CUST101886,63,Kolkata,Self-Employed,66139,505,Vehicle Loan,276100,48,12.92,7396.11,2024-03-21,0,0
CUST101887,39,Delhi,Self-Employed,53409,593,Vehicle Loan,224216,60,13.28,5133.8,2024-01-16,132,1
CUST101888,29,Jaipur,Self-Employed,34052,679,Personal Loan,176216,36,17.01,6283.46,2024-08-16,0,0
CUST101889,40,Pune,Salaried,51316,742,Vehicle Loan,420198,36,12.57,14071.26,2023-10-29,0,0
CUST101890,38,Delhi,Self-Employed,28841,519,Gold Loan,111414,24,9.2,5100.15,2024-10-02,0,0
CUST101891,46,Kolkata,Self-Employed,37007,710,Personal Loan,188433,36,15.14,6545.02,2024-07-15,0,0
CUST101892,28,Chennai,Salaried,30366,589,Personal Loan,157960,48,12.57,4204.04,2023-05-12,0,0
CUST101893,30,Ahmedabad,Salaried,63216,699,Vehicle Loan,388055,24,10.42,17982.09,2023-12-01,0,0
CUST101894,21,Lucknow,Salaried,53555,678,Home Loan,1710040,300,8.53,13804.29,2024-11-20,132,1
CUST101895,44,Bengaluru,Self-Employed,45821,695,Gold Loan,159210,18,11.08,9641.05,2023-06-18,0,0
CUST101896,52,Bengaluru,Salaried,116802,600,Personal Loan,93530,12,14.96,8440.09,2023-09-15,302,1
CUST101897,44,Delhi,Salaried,77976,695,Personal Loan,523450,48,18.89,15620.85,2023-11-13,30,0
CUST101898,35,Chennai,Business Owner,40290,593,Personal Loan,139106,36,13.95,4750.94,2023-07-23,0,0
CUST101899,39,Mumbai,Self-Employed,37892,728,Gold Loan,171696,24,11.56,8047.09,2023-06-01,0,0
CUST101900,36,Pune,Salaried,20000,543,Personal Loan,129031,36,13.92,4404.96,2023-06-27,0,0
CUST101901,35,Ahmedabad,Self-Employed,89467,761,Business Loan,396318,12,13.33,35459.43,2024-07-02,281,1
CUST101902,38,Delhi,Business Owner,43030,809,Personal Loan,179065,24,16.05,8771.86,2024-10-24,0,0
CUST101903,44,Kolkata,Self-Employed,119597,602,Gold Loan,115349,6,11.01,19846.89,2023-10-09,0,0
CUST101904,38,Delhi,Salaried,43034,750,Home Loan,1217185,300,11.22,12123.88,2023-05-23,0,0
CUST101905,44,Mumbai,Salaried,39583,645,Personal Loan,348272,36,13.63,11840.62,2023-09-21,0,0
CUST101906,21,Bengaluru,Salaried,30497,618,Personal Loan,104045,48,11.71,2725.11,2023-05-09,15,0
CUST101907,26,Delhi,Business Owner,68656,588,Business Loan,319405,24,11.69,14989.3,2024-11-14,0,0
CUST101908,31,Delhi,Salaried,44919,586,Business Loan,373925,60,15.67,9027.7,2023-06-21,0,0
CUST101909,27,Kolkata,Self-Employed,20000,644,Personal Loan,85941,12,15.44,7774.74,2023-05-18,0,0
CUST101910,37,Kolkata,Salaried,36931,765,Personal Loan,124447,24,17.88,6205.69,2023-06-06,30,0
CUST101911,36,Ahmedabad,Self-Employed,85653,644,Vehicle Loan,751917,60,12.17,16790.64,2024-04-14,0,0
CUST101912,46,Delhi,Self-Employed,29143,520,Personal Loan,51730,48,14.02,1414.12,2023-05-03,0,0
CUST101913,22,Jaipur,Self-Employed,43107,821,Business Loan,163439,12,17.14,14917.27,2023-01-23,0,0
CUST101914,42,Lucknow,Salaried,42569,900,Personal Loan,56771,12,16.09,5153.3,2024-11-18,0,0
CUST101915,26,Chennai,Salaried,35000,710,Home Loan,1060231,300,9.72,9425.86,2023-10-08,0,0
CUST101916,42,Lucknow,Salaried,21909,679,Personal Loan,100730,12,14.78,9081.27,2024-09-27,30,0
CUST101917,21,Hyderabad,Salaried,46371,628,Personal Loan,125085,24,18.84,6295.64,2023-12-05,0,0
CUST101918,24,Ahmedabad,Self-Employed,35000,702,Home Loan,1433033,240,10.26,14076.84,2023-04-14,0,0
CUST101919,30,Lucknow,Self-Employed,51502,661,Gold Loan,123055,24,9.13,5629.08,2024-08-07,30,0
CUST101920,55,Kolkata,Salaried,25212,653,Business Loan,57162,12,12.9,5102.87,2024-03-21,0,0
CUST101921,61,Ahmedabad,Self-Employed,115544,794,Vehicle Loan,596288,24,11.6,27958.09,2023-12-08,0,0
CUST101922,45,Bengaluru,Self-Employed,60207,655,Personal Loan,283374,36,14.14,9704.33,2024-07-08,30,0
CUST101923,31,Kolkata,Salaried,33111,804,Personal Loan,303545,48,17.48,8834.37,2024-03-21,0,0
CUST101924,43,Kolkata,Salaried,56990,796,Business Loan,451927,60,13.68,10440.73,2024-06-05,0,0
CUST101925,50,Pune,Self-Employed,24414,614,Personal Loan,301812,48,15.63,8496.35,2023-03-27,0,0
CUST101926,46,Ahmedabad,Self-Employed,56513,503,Gold Loan,98980,6,12.26,17091.56,2024-04-29,186,1
CUST101927,38,Pune,Salaried,52885,563,Home Loan,2346336,300,9.03,19738.59,2024-04-17,0,0
CUST101928,34,Hyderabad,Salaried,35000,609,Home Loan,1630230,240,8.9,14562.92,2024-10-19,0,0
CUST101929,38,Bengaluru,Salaried,62357,732,Personal Loan,478656,36,18.64,17458.62,2024-04-23,0,0
CUST101930,41,Pune,Salaried,50951,746,Personal Loan,182870,36,15.13,6350.9,2023-04-11,0,0
CUST101931,48,Ahmedabad,Self-Employed,20000,749,Personal Loan,190369,36,14.26,6530.43,2023-10-03,262,1
CUST101932,21,Ahmedabad,Salaried,63905,559,Personal Loan,137890,12,12.69,12295.91,2024-09-04,0,0
CUST101933,44,Ahmedabad,Salaried,36430,686,Personal Loan,211635,36,18.89,7745.93,2024-07-09,0,0
CUST101934,31,Chennai,Self-Employed,25546,468,Business Loan,107776,12,13.99,9676.39,2023-08-12,0,0
CUST101935,38,Kolkata,Salaried,41753,627,Personal Loan,267349,24,14.69,12923.51,2024-09-16,0,0
CUST101936,30,Hyderabad,Self-Employed,61115,658,Vehicle Loan,247291,24,12.38,11684.78,2023-09-10,0,0
CUST101937,45,Kolkata,Self-Employed,44590,655,Vehicle Loan,423328,60,12.03,9423.12,2023-01-02,0,0
CUST101938,43,Chennai,Self-Employed,58592,726,Personal Loan,72158,24,15.9,3529.63,2024-03-06,0,0
CUST101939,47,Kolkata,Salaried,33314,857,Business Loan,146385,24,15.6,7139.52,2024-11-19,0,0
CUST101940,48,Lucknow,Self-Employed,60230,706,Vehicle Loan,930352,60,10.7,20089.19,2024-04-20,0,0
CUST101941,47,Jaipur,Self-Employed,61055,727,Gold Loan,116415,24,10.51,5399.41,2023-08-13,0,0
CUST101942,23,Ahmedabad,Self-Employed,55536,707,Business Loan,308440,24,14.84,14931.79,2024-05-17,0,0
CUST101943,42,Ahmedabad,Salaried,41129,774,Home Loan,639096,120,11.06,8825.27,2024-08-09,0,0
CUST101944,39,Hyderabad,Self-Employed,35000,730,Home Loan,1405205,240,10.68,14199.6,2023-04-13,0,0
CUST101945,36,Bengaluru,Salaried,81590,587,Home Loan,2083419,120,9.03,26425.71,2024-04-14,0,0
CUST101946,30,Bengaluru,Self-Employed,32396,650,Personal Loan,71797,12,17.93,6579.96,2024-10-13,0,0
CUST101947,44,Hyderabad,Business Owner,67914,796,Personal Loan,98468,24,12.51,4658.72,2023-08-15,249,1
CUST101948,22,Hyderabad,Self-Employed,57527,723,Gold Loan,52053,6,12.39,8991.69,2023-03-26,30,0
CUST101949,38,Kolkata,Salaried,51988,557,Personal Loan,183801,48,16.98,5301.68,2024-06-16,1,0
CUST101950,49,Mumbai,Self-Employed,38795,640,Home Loan,1375118,120,8.95,17382.22,2023-10-03,0,0
CUST101951,34,Lucknow,Salaried,35000,741,Home Loan,1119089,300,10.12,10263.99,2023-10-18,1,0
CUST101952,42,Lucknow,Salaried,49752,778,Business Loan,218726,24,12.27,10323.79,2023-04-15,0,0
CUST101953,21,Mumbai,Salaried,35000,664,Home Loan,929294,120,10.7,12643.73,2023-08-13,1,0
CUST101954,60,Pune,Salaried,80204,670,Business Loan,335965,24,11.59,15750.79,2024-07-26,1,0
CUST101955,42,Ahmedabad,Salaried,41137,727,Home Loan,1230537,180,10.03,13246.01,2024-02-03,1,0
CUST101956,38,Jaipur,Business Owner,85450,648,Personal Loan,203812,36,16.18,7183.55,2023-03-28,0,0
CUST101957,37,Jaipur,Self-Employed,46420,498,Business Loan,352196,60,13.7,8140.31,2024-11-16,336,1
CUST101958,42,Hyderabad,Salaried,78394,656,Gold Loan,308622,18,11.64,18768.83,2024-01-01,7,0
CUST101959,43,Kolkata,Self-Employed,33547,643,Business Loan,196079,24,11.13,9150.66,2024-10-25,216,1
CUST101960,40,Jaipur,Self-Employed,65769,749,Vehicle Loan,500741,48,12.51,13312.17,2023-04-02,0,0
CUST101961,48,Chennai,Self-Employed,86281,633,Personal Loan,107201,36,15.51,3742.99,2023-04-12,0,0
CUST101962,25,Ahmedabad,Self-Employed,115843,598,Personal Loan,349582,12,13.09,31238.47,2023-03-30,186,1
CUST101963,34,Lucknow,Salaried,40275,519,Home Loan,1291603,120,11.37,18063.42,2024-04-18,174,1
CUST101964,33,Mumbai,Business Owner,33662,753,Gold Loan,68730,18,10.4,4140.39,2024-02-16,211,1
CUST101965,42,Lucknow,Self-Employed,20000,717,Personal Loan,98777,36,12.91,3323.91,2024-04-21,0,0
CUST101966,41,Mumbai,Self-Employed,37732,674,Home Loan,739323,240,11.35,7808.09,2024-08-31,0,0
CUST101967,45,Jaipur,Salaried,46441,698,Vehicle Loan,280392,24,13.1,13343.52,2024-02-02,0,0
CUST101968,41,Chennai,Self-Employed,38620,580,Home Loan,853832,240,9.3,7847.65,2023-09-08,0,0
CUST101969,50,Bengaluru,Salaried,62726,636,Gold Loan,183772,18,12.97,11289.77,2023-09-22,0,0
CUST101970,30,Pune,Salaried,25181,649,Personal Loan,124650,24,17.9,6217.02,2023-01-20,0,0
CUST101971,42,Lucknow,Salaried,64945,494,Home Loan,2160237,180,10.78,24255.59,2024-09-09,0,0
CUST101972,59,Bengaluru,Salaried,56041,595,Personal Loan,862391,48,14.82,23922.37,2024-08-13,0,0
CUST101973,51,Kolkata,Self-Employed,72740,629,Personal Loan,884761,48,13.05,23757.88,2024-06-02,269,1
CUST101974,43,Mumbai,Salaried,35000,707,Home Loan,1032239,120,9.78,13515.67,2023-01-30,0,0
CUST101975,35,Pune,Salaried,146607,811,Gold Loan,125939,6,11.86,21721.86,2023-03-11,0,0
CUST101976,21,Chennai,Self-Employed,24455,759,Gold Loan,92576,18,12.84,5681.66,2023-11-14,0,0
CUST101977,38,Delhi,Salaried,59953,824,Personal Loan,81403,12,14.46,7326.57,2024-04-28,0,0
CUST101978,26,Bengaluru,Salaried,54308,608,Home Loan,1465603,300,8.53,11831.08,2023-10-31,0,0
CUST101979,41,Kolkata,Self-Employed,54915,619,Home Loan,1500185,120,9.28,19231.78,2024-04-23,0,0
CUST101980,37,Kolkata,Salaried,29724,714,Personal Loan,107766,24,13.4,5143.66,2024-02-18,0,0
CUST101981,27,Pune,Self-Employed,48313,597,Personal Loan,175143,24,17.38,8691.48,2023-08-12,0,0
CUST101982,34,Hyderabad,Business Owner,25301,604,Business Loan,90350,12,14.37,8128.0,2024-11-24,0,0
CUST101983,51,Ahmedabad,Self-Employed,43255,704,Home Loan,1047274,180,10.76,11745.93,2024-04-06,0,0
CUST101984,42,Chennai,Self-Employed,68740,650,Home Loan,1998237,240,9.55,18691.48,2024-05-06,0,0
CUST101985,59,Delhi,Salaried,42607,751,Home Loan,1367240,120,9.98,18053.04,2023-07-06,0,0
CUST101986,37,Bengaluru,Salaried,43802,748,Gold Loan,61268,6,9.96,10510.02,2023-04-01,0,0
CUST101987,47,Ahmedabad,Salaried,43629,606,Personal Loan,279383,24,15.41,13600.83,2023-07-27,0,0
CUST101988,25,Hyderabad,Self-Employed,24096,583,Personal Loan,207811,48,15.82,5870.28,2024-03-14,0,0
CUST101989,27,Mumbai,Salaried,35000,675,Home Loan,1540944,240,9.57,14434.13,2024-06-08,0,0
CUST101990,53,Hyderabad,Self-Employed,235235,596,Personal Loan,435685,24,15.62,21253.47,2024-02-07,247,1
CUST101991,49,Chennai,Business Owner,42362,691,Home Loan,1111269,120,10.45,14963.81,2023-04-18,0,0
CUST101992,46,Pune,Salaried,23134,641,Personal Loan,58917,12,13.85,5285.83,2023-10-27,0,0
CUST101993,24,Bengaluru,Salaried,62247,633,Vehicle Loan,425097,60,12.66,9598.44,2024-10-06,30,0
CUST101994,50,Jaipur,Salaried,36069,577,Home Loan,1452440,180,9.1,14818.14,2024-01-30,159,1
CUST101995,53,Hyderabad,Self-Employed,83398,558,Gold Loan,133869,6,11.88,23090.94,2024-08-12,0,0
CUST101996,43,Hyderabad,Self-Employed,42035,687,Personal Loan,117624,12,15.12,10623.21,2023-04-08,292,1
CUST101997,23,Jaipur,Self-Employed,76390,793,Business Loan,283423,12,11.96,25176.49,2023-02-04,245,1
CUST101998,40,Bengaluru,Self-Employed,56421,825,Personal Loan,509075,48,14.08,13931.66,2023-12-12,0,0
CUST101999,51,Mumbai,Self-Employed,57149,664,Personal Loan,132990,12,18.25,12208.35,2024-10-06,0,0
CUST102000,52,Ahmedabad,Salaried,61617,730,Business Loan,622341,36,14.19,21327.62,2024-06-09,0,0
CUST102001,44,Bengaluru,Salaried,48115,468,Personal Loan,226732,24,15.94,11095.0,2023-06-08,0,0
CUST102002,21,Chennai,Salaried,43880,724,Business Loan,169254,12,12.13,15048.31,2024-01-24,0,0
CUST102003,45,Lucknow,Salaried,76316,758,Business Loan,860789,36,13.61,29256.94,2023-01-17,0,0
CUST102004,30,Pune,Salaried,40413,600,Personal Loan,159643,36,13.28,5400.56,2024-01-04,185,1
CUST102005,33,Lucknow,Self-Employed,35000,534,Home Loan,806627,120,9.29,10345.04,2024-08-27,0,0
CUST102006,45,Ahmedabad,Salaried,84788,807,Personal Loan,322610,36,12.16,10739.94,2023-02-17,0,0
CUST102007,32,Pune,Business Owner,35000,666,Home Loan,897210,180,8.88,9036.16,2024-03-07,0,0
CUST102008,33,Ahmedabad,Salaried,42542,756,Home Loan,2053631,300,9.7,18228.84,2024-04-23,30,0
CUST102009,58,Chennai,Salaried,46703,564,Personal Loan,89450,12,18.76,8233.16,2024-05-19,0,0
CUST102010,29,Hyderabad,Business Owner,47916,788,Business Loan,333081,60,17.76,8414.64,2024-01-19,0,0
CUST102011,44,Hyderabad,Self-Employed,25207,793,Business Loan,242898,36,14.21,8326.47,2023-02-17,0,0
CUST102012,45,Mumbai,Salaried,26774,740,Vehicle Loan,178226,24,9.63,8193.82,2023-01-24,0,0
CUST102013,37,Lucknow,Salaried,86584,702,Gold Loan,104243,12,10.52,9189.85,2023-10-09,0,0
CUST102014,36,Delhi,Salaried,24952,731,Vehicle Loan,323112,48,11.75,8469.17,2024-11-07,0,0
CUST102015,25,Hyderabad,Salaried,38505,740,Home Loan,1228284,120,10.62,16656.49,2024-08-20,0,0
CUST102016,34,Hyderabad,Self-Employed,35000,695,Home Loan,1229662,300,9.9,11087.38,2023-07-08,0,0
CUST102017,38,Ahmedabad,Self-Employed,23288,625,Personal Loan,57908,12,12.27,5152.37,2023-02-16,0,0
CUST102018,44,Ahmedabad,Self-Employed,97492,638,Personal Loan,256489,24,11.69,12036.73,2024-04-19,0,0
CUST102019,31,Pune,Salaried,34274,777,Personal Loan,78403,24,16.02,3839.6,2023-04-20,0,0
CUST102020,41,Jaipur,Salaried,52144,785,Personal Loan,210020,36,17.7,7561.16,2024-11-24,0,0
CUST102021,23,Pune,Self-Employed,56806,757,Business Loan,357953,36,11.45,11795.35,2024-03-19,0,0
CUST102022,34,Jaipur,Salaried,30019,533,Personal Loan,140438,36,13.87,4790.98,2023-01-23,0,0
CUST102023,42,Mumbai,Self-Employed,67228,614,Vehicle Loan,730314,36,13.38,24741.05,2024-02-04,15,0
CUST102024,35,Lucknow,Salaried,43281,607,Personal Loan,81100,24,18.8,4080.26,2023-12-19,0,0
CUST102025,45,Delhi,Salaried,32155,659,Personal Loan,96885,12,16.19,8799.17,2024-01-18,0,0
CUST102026,54,Bengaluru,Salaried,79475,665,Personal Loan,287767,24,11.87,13528.73,2023-11-07,0,0
CUST102027,41,Chennai,Salaried,82430,606,Business Loan,544779,24,16.93,26916.79,2023-02-05,0,0
CUST102028,29,Bengaluru,Salaried,75034,681,Home Loan,1784228,120,9.2,22795.42,2023-08-01,0,0
CUST102029,35,Delhi,Business Owner,35000,518,Home Loan,1146924,180,9.42,11921.16,2023-05-08,0,0
CUST102030,27,Ahmedabad,Salaried,37972,790,Personal Loan,318815,48,15.09,8887.41,2024-02-10,0,0
CUST102031,31,Kolkata,Business Owner,55189,750,Home Loan,882837,120,10.4,11863.18,2023-11-08,0,0
CUST102032,34,Kolkata,Salaried,26934,600,Personal Loan,53924,36,11.67,1782.56,2024-01-16,0,0
CUST102033,29,Lucknow,Salaried,93499,694,Business Loan,326583,36,12.72,10959.88,2023-12-04,0,0
CUST102034,62,Lucknow,Business Owner,61592,858,Home Loan,2247531,240,8.8,19933.43,2023-11-20,0,0
CUST102035,41,Mumbai,Business Owner,124216,605,Gold Loan,170219,12,12.49,15162.8,2024-11-17,0,0
CUST102036,48,Bengaluru,Salaried,39055,782,Personal Loan,113822,12,13.36,10185.51,2023-04-27,0,0
CUST102037,26,Bengaluru,Business Owner,90140,646,Vehicle Loan,161622,48,9.91,4092.17,2023-07-24,30,0
CUST102038,39,Bengaluru,Salaried,26905,592,Vehicle Loan,151409,24,9.66,6963.02,2024-10-17,0,0
CUST102039,27,Hyderabad,Self-Employed,44744,815,Business Loan,246046,24,17.87,12268.18,2023-11-07,0,0
CUST102040,24,Pune,Self-Employed,82542,524,Home Loan,2223523,300,9.16,18903.95,2023-05-25,0,0
CUST102041,59,Kolkata,Self-Employed,44171,862,Gold Loan,104647,24,12.58,4954.49,2023-02-08,98,1
CUST102042,21,Bengaluru,Self-Employed,62097,699,Gold Loan,136258,12,10.68,12022.38,2023-10-28,0,0
CUST102043,57,Mumbai,Salaried,42884,679,Vehicle Loan,373851,48,11.11,9682.36,2024-09-19,0,0
CUST102044,56,Jaipur,Self-Employed,63714,839,Gold Loan,194565,12,11.19,17213.23,2023-08-26,0,0
CUST102045,49,Mumbai,Self-Employed,30808,619,Business Loan,313876,60,11.21,6857.34,2024-04-25,0,0
CUST102046,43,Delhi,Business Owner,64202,675,Business Loan,393624,36,11.42,12965.18,2023-06-02,1,0
CUST102047,50,Lucknow,Salaried,73385,672,Business Loan,753262,36,13.28,25482.08,2024-03-25,254,1
CUST102048,32,Lucknow,Salaried,75693,734,Personal Loan,184940,48,18.53,5483.97,2024-06-09,0,0
CUST102049,36,Hyderabad,Salaried,138812,660,Personal Loan,345462,24,13.9,16570.31,2023-04-28,0,0
CUST102050,49,Hyderabad,Business Owner,72693,900,Gold Loan,112472,12,10.79,9929.45,2023-04-03,15,0
CUST102051,26,Ahmedabad,Salaried,25000,592,Business Loan,264435,60,17.45,6636.04,2023-06-24,0,0
CUST102052,45,Ahmedabad,Salaried,64757,485,Personal Loan,399252,36,16.26,14087.82,2023-08-28,1,0
CUST102053,40,Pune,Salaried,58630,660,Home Loan,910048,120,10.0,12026.35,2023-05-29,0,0
CUST102054,39,Pune,Salaried,65761,555,Gold Loan,71977,6,10.37,12361.6,2024-06-07,0,0
CUST102055,31,Ahmedabad,Salaried,39406,695,Personal Loan,214525,48,12.28,5678.8,2024-02-19,0,0
CUST102056,46,Hyderabad,Salaried,72858,672,Personal Loan,643160,36,12.21,21426.68,2024-11-08,0,0
CUST102057,46,Ahmedabad,Business Owner,48462,807,Home Loan,1276017,180,8.96,12911.87,2024-02-11,0,0
CUST102058,32,Lucknow,Salaried,77759,789,Home Loan,1528231,120,11.0,21051.38,2024-07-25,0,0
CUST102059,36,Delhi,Salaried,62303,681,Personal Loan,141490,24,15.88,6919.68,2023-08-18,0,0
CUST102060,36,Kolkata,Self-Employed,82778,584,Vehicle Loan,171380,24,13.54,8191.25,2024-04-16,0,0
CUST102061,28,Pune,Self-Employed,40692,547,Personal Loan,130724,24,12.07,6157.91,2023-09-12,0,0
CUST102062,43,Hyderabad,Business Owner,31880,733,Personal Loan,129320,24,12.71,6130.51,2023-05-09,1,0
CUST102063,40,Delhi,Self-Employed,20000,737,Vehicle Loan,132636,36,13.91,4527.39,2023-12-17,0,0
CUST102064,47,Jaipur,Self-Employed,72253,581,Personal Loan,149854,36,16.9,5335.25,2024-01-14,0,0
CUST102065,34,Bengaluru,Salaried,38578,710,Vehicle Loan,292413,60,11.49,6429.46,2023-06-22,0,0
CUST102066,43,Ahmedabad,Salaried,45998,681,Business Loan,184592,12,16.74,16812.9,2023-06-07,240,1
CUST102067,34,Ahmedabad,Self-Employed,66321,778,Home Loan,1513954,240,11.26,15895.62,2024-11-30,0,0
CUST102068,30,Jaipur,Salaried,72759,638,Gold Loan,57378,24,11.06,2675.86,2024-10-13,0,0
CUST102069,21,Kolkata,Self-Employed,24429,626,Personal Loan,267402,48,17.08,7726.97,2024-07-27,0,0
CUST102070,50,Mumbai,Salaried,25247,618,Personal Loan,72907,12,18.19,6690.71,2024-08-14,0,0
CUST102071,43,Bengaluru,Self-Employed,63232,611,Gold Loan,148229,18,12.8,9094.49,2023-05-03,0,0
CUST102072,47,Chennai,Salaried,41955,502,Personal Loan,147050,48,13.21,3960.33,2023-07-30,0,0
CUST102073,44,Chennai,Salaried,70660,626,Home Loan,1639923,240,10.93,16849.04,2023-03-19,0,0
CUST102074,35,Ahmedabad,Salaried,60796,649,Personal Loan,172965,36,14.36,5941.82,2023-01-30,0,0
CUST102075,21,Lucknow,Salaried,27354,782,Personal Loan,61696,12,11.57,5469.21,2023-01-01,0,0
CUST102076,29,Kolkata,Self-Employed,35000,684,Home Loan,812762,240,9.35,7496.57,2023-06-04,0,0
CUST102077,43,Jaipur,Self-Employed,132753,656,Home Loan,2538945,120,8.61,31628.85,2023-07-01,0,0
CUST102078,28,Mumbai,Salaried,46829,718,Business Loan,368766,60,16.58,9081.71,2024-05-30,0,0
CUST102079,28,Chennai,Self-Employed,71365,752,Home Loan,2007304,300,10.33,18709.4,2024-01-18,0,0
CUST102080,34,Chennai,Self-Employed,52242,773,Personal Loan,176743,24,18.94,8904.22,2024-11-23,0,0
CUST102081,43,Kolkata,Salaried,35000,628,Home Loan,1415077,240,10.24,13881.57,2023-01-25,0,0
CUST102082,48,Lucknow,Salaried,40416,733,Personal Loan,271145,48,12.9,7260.69,2024-06-11,1,0
CUST102083,31,Delhi,Self-Employed,52832,653,Home Loan,1189092,120,8.87,14979.38,2024-11-11,0,0
CUST102084,40,Delhi,Self-Employed,53203,722,Gold Loan,176756,12,10.49,15579.97,2023-08-14,0,0
CUST102085,21,Chennai,Business Owner,86108,546,Personal Loan,211930,12,12.85,18914.1,2024-05-20,0,0
CUST102086,34,Bengaluru,Salaried,35313,603,Business Loan,212564,24,13.99,10204.81,2023-06-11,0,0
CUST102087,41,Mumbai,Salaried,43390,746,Vehicle Loan,181906,24,9.79,8376.42,2023-04-19,0,0
CUST102088,27,Bengaluru,Salaried,70830,854,Vehicle Loan,304141,24,12.65,14409.47,2024-07-04,0,0
CUST102089,22,Mumbai,Self-Employed,53690,558,Home Loan,1129986,120,10.9,15501.66,2024-11-22,0,0
CUST102090,52,Chennai,Salaried,35000,530,Home Loan,1118531,240,10.03,10816.31,2024-05-31,0,0
CUST102091,31,Jaipur,Salaried,46482,806,Personal Loan,151239,48,13.77,4115.4,2024-04-21,0,0
CUST102092,32,Pune,Salaried,98122,745,Personal Loan,792306,24,13.56,37876.41,2024-04-26,0,0
CUST102093,28,Bengaluru,Salaried,49831,676,Gold Loan,325549,24,9.85,14999.91,2024-04-21,0,0
CUST102094,40,Mumbai,Self-Employed,33507,609,Personal Loan,115903,24,17.87,5779.08,2023-11-12,350,1
CUST102095,35,Hyderabad,Business Owner,31572,697,Gold Loan,71628,18,12.33,4379.01,2024-11-18,0,0
CUST102096,27,Bengaluru,Salaried,102494,822,Home Loan,2053800,180,10.93,23253.23,2024-08-05,0,0
CUST102097,37,Kolkata,Business Owner,36748,566,Business Loan,159973,12,16.75,14571.33,2024-09-01,0,0
CUST102098,24,Bengaluru,Salaried,78985,791,Personal Loan,400184,36,14.62,13798.16,2023-02-13,0,0
CUST102099,44,Delhi,Salaried,69619,795,Business Loan,373921,24,12.14,17626.22,2023-08-13,0,0
CUST102100,36,Jaipur,Self-Employed,69114,664,Personal Loan,98813,36,17.67,3555.99,2023-04-02,0,0
CUST102101,43,Delhi,Salaried,32525,728,Business Loan,395200,60,15.85,9579.03,2023-06-21,15,0
CUST102102,35,Pune,Salaried,37669,792,Personal Loan,70900,12,13.61,6352.9,2023-07-24,0,0
CUST102103,48,Ahmedabad,Salaried,77059,637,Personal Loan,130760,48,17.52,3808.36,2024-01-04,0,0
CUST102104,45,Delhi,Salaried,71016,658,Home Loan,1522721,180,10.48,16813.27,2023-06-19,0,0
CUST102105,29,Lucknow,Self-Employed,35000,663,Home Loan,809547,180,8.69,8062.35,2023-03-11,0,0
CUST102106,34,Lucknow,Business Owner,82874,624,Business Loan,274451,12,17.71,25123.8,2023-01-20,1,0
CUST102107,36,Mumbai,Salaried,43918,721,Home Loan,1697593,240,11.28,17846.99,2024-07-24,0,0
CUST102108,28,Mumbai,Self-Employed,65417,680,Personal Loan,395615,36,18.34,14370.0,2024-04-11,30,0
CUST102109,29,Lucknow,Salaried,25265,751,Gold Loan,89092,12,9.42,7808.59,2024-08-01,0,0
CUST102110,43,Kolkata,Salaried,66686,681,Vehicle Loan,525947,48,12.93,14091.57,2024-01-02,328,1
CUST102111,38,Lucknow,Salaried,55693,896,Vehicle Loan,607132,60,13.8,14064.03,2023-01-25,30,0
CUST102112,33,Delhi,Business Owner,66296,512,Personal Loan,588517,36,11.66,19451.75,2023-07-26,311,1
CUST102113,58,Hyderabad,Salaried,35378,679,Personal Loan,145049,12,15.02,13093.25,2024-11-03,0,0
CUST102114,26,Mumbai,Salaried,38130,769,Personal Loan,148907,12,17.85,13641.16,2023-09-04,343,1
CUST102115,37,Bengaluru,Salaried,38722,670,Business Loan,107807,12,14.57,9708.62,2023-02-18,206,1
CUST102116,40,Kolkata,Salaried,81029,631,Gold Loan,52076,6,9.95,8932.95,2023-09-25,0,0
CUST102117,27,Bengaluru,Salaried,24491,614,Personal Loan,50848,12,13.23,4547.09,2023-04-13,0,0
CUST102118,21,Bengaluru,Business Owner,43637,620,Home Loan,1552745,240,8.66,13632.73,2023-11-07,0,0
CUST102119,45,Chennai,Salaried,56246,602,Personal Loan,194550,24,14.58,9394.3,2023-08-08,0,0
CUST102120,33,Pune,Salaried,29795,722,Business Loan,160708,24,14.93,7786.85,2024-03-06,0,0
CUST102121,38,Ahmedabad,Salaried,74313,676,Home Loan,1393099,120,9.04,17677.36,2024-01-07,0,0
CUST102122,33,Delhi,Salaried,52936,638,Personal Loan,389000,48,12.94,10424.32,2023-03-14,0,0
CUST102123,31,Jaipur,Self-Employed,26019,844,Business Loan,80012,12,12.77,7137.82,2023-12-18,1,0
CUST102124,31,Jaipur,Business Owner,64782,710,Gold Loan,59166,18,9.68,3544.63,2024-09-14,0,0
CUST102125,22,Delhi,Salaried,35000,804,Home Loan,738793,300,11.35,7428.71,2024-06-14,0,0
CUST102126,30,Kolkata,Business Owner,53608,633,Home Loan,1599945,180,10.88,18064.55,2023-12-25,0,0
CUST102127,29,Hyderabad,Salaried,52805,670,Business Loan,315374,24,11.09,14712.08,2024-01-11,0,0
CUST102128,38,Hyderabad,Self-Employed,66114,649,Home Loan,1185240,120,8.83,14905.29,2024-07-10,0,0
CUST102129,29,Bengaluru,Business Owner,48806,782,Personal Loan,156724,24,14.54,7564.81,2024-01-26,15,0
CUST102130,28,Bengaluru,Salaried,62910,745,Home Loan,1856201,300,9.36,16037.29,2024-01-29,0,0
CUST102131,27,Ahmedabad,Salaried,45833,670,Gold Loan,98595,18,12.41,6031.32,2024-05-22,0,0
CUST102132,40,Delhi,Salaried,54068,627,Home Loan,2126695,300,10.81,20552.55,2024-07-18,0,0
CUST102133,35,Ahmedabad,Business Owner,122638,841,Personal Loan,150383,36,14.39,5168.27,2023-05-19,30,0
CUST102134,43,Hyderabad,Business Owner,37315,637,Gold Loan,69530,12,12.39,6190.35,2023-06-06,0,0
CUST102135,40,Bengaluru,Salaried,60707,658,Gold Loan,98872,6,10.48,16986.01,2024-07-05,0,0
CUST102136,45,Ahmedabad,Self-Employed,59157,729,Personal Loan,51262,12,18.99,4723.89,2024-05-03,0,0
CUST102137,27,Delhi,Business Owner,56022,841,Personal Loan,511633,36,16.97,18233.47,2023-10-18,179,1
CUST102138,40,Lucknow,Salaried,35000,612,Home Loan,1087547,180,9.44,11317.09,2024-03-14,15,0
CUST102139,61,Chennai,Salaried,49608,724,Business Loan,128538,12,12.84,11471.02,2023-02-18,0,0
CUST102140,36,Ahmedabad,Salaried,38103,671,Business Loan,183650,24,11.12,8569.76,2024-11-16,0,0
CUST102141,59,Pune,Salaried,41011,624,Home Loan,1384030,120,9.98,18274.73,2023-06-17,319,1
CUST102142,35,Hyderabad,Salaried,65252,675,Personal Loan,299190,36,14.87,10352.48,2024-07-15,0,0
CUST102143,37,Mumbai,Salaried,83040,613,Personal Loan,158828,12,18.33,14586.31,2023-03-09,234,1
CUST102144,32,Jaipur,Salaried,53754,533,Personal Loan,116560,36,18.52,4244.39,2023-05-13,0,0
CUST102145,45,Lucknow,Business Owner,20000,580,Personal Loan,154111,48,16.33,4393.64,2024-02-27,0,0
CUST102146,21,Mumbai,Salaried,33929,633,Personal Loan,199516,48,17.71,5830.59,2023-12-24,333,1
CUST102147,40,Chennai,Salaried,35680,667,Business Loan,323271,60,15.13,7712.67,2024-01-15,0,0
CUST102148,36,Bengaluru,Business Owner,29323,668,Vehicle Loan,407674,48,12.45,10825.91,2023-12-02,0,0
CUST102149,37,Kolkata,Business Owner,86105,667,Gold Loan,168321,6,9.4,28827.63,2024-11-17,1,0
CUST102150,36,Bengaluru,Business Owner,89736,729,Business Loan,528569,60,15.45,12699.82,2024-10-25,0,0
CUST102151,48,Kolkata,Self-Employed,39039,708,Gold Loan,60568,6,11.15,10425.48,2023-02-04,357,1
CUST102152,40,Jaipur,Salaried,38207,692,Personal Loan,168314,36,16.72,5977.42,2023-10-02,7,0
CUST102153,32,Delhi,Self-Employed,68513,636,Personal Loan,204878,48,15.28,5731.03,2023-08-06,30,0
CUST102154,65,Bengaluru,Self-Employed,101586,760,Business Loan,670259,24,16.92,33113.36,2023-01-24,0,0
CUST102155,36,Ahmedabad,Salaried,51362,636,Personal Loan,80629,24,17.12,3991.13,2024-03-06,0,0
CUST102156,29,Hyderabad,Salaried,175600,735,Personal Loan,462906,24,14.34,22299.88,2023-05-14,0,0
CUST102157,38,Ahmedabad,Salaried,89612,683,Vehicle Loan,666176,24,13.19,31730.71,2024-01-08,0,0
CUST102158,36,Bengaluru,Salaried,45160,714,Business Loan,137090,12,15.14,12382.57,2024-08-15,0,0
CUST102159,59,Chennai,Self-Employed,35996,741,Business Loan,274283,36,11.23,9009.58,2024-08-21,275,1
CUST102160,46,Delhi,Self-Employed,65275,668,Personal Loan,186792,24,18.35,9357.04,2023-03-29,0,0
CUST102161,30,Mumbai,Self-Employed,69231,726,Personal Loan,149348,24,17.87,7446.69,2023-05-15,201,1
CUST102162,36,Kolkata,Salaried,35000,617,Home Loan,1172934,240,10.07,11373.52,2024-07-25,0,0
CUST102163,46,Ahmedabad,Self-Employed,266880,691,Home Loan,3419730,240,9.66,32234.52,2024-03-26,0,0
CUST102164,42,Bengaluru,Self-Employed,30342,534,Personal Loan,227028,48,14.23,6230.1,2023-01-21,0,0
CUST102165,60,Mumbai,Salaried,56867,616,Gold Loan,357365,18,9.8,21429.4,2023-07-02,114,1
CUST102166,38,Pune,Self-Employed,109554,704,Gold Loan,574330,18,11.54,34901.22,2023-03-21,0,0
CUST102167,32,Ahmedabad,Salaried,34628,547,Business Loan,551427,60,11.37,12091.36,2024-10-05,0,0
CUST102168,24,Hyderabad,Salaried,20000,724,Vehicle Loan,225027,60,10.95,4887.02,2024-05-01,0,0
CUST102169,28,Hyderabad,Self-Employed,99701,772,Home Loan,2120063,240,9.99,20445.02,2024-03-04,0,0
CUST102170,33,Jaipur,Self-Employed,165909,618,Vehicle Loan,365066,48,11.39,9504.61,2024-01-16,0,0
CUST102171,31,Pune,Salaried,54199,678,Personal Loan,403547,48,15.95,11426.3,2023-09-30,0,0
CUST102172,46,Chennai,Salaried,102574,782,Vehicle Loan,604665,48,12.43,16051.11,2023-05-04,0,0
CUST102173,49,Kolkata,Business Owner,25943,631,Personal Loan,80367,24,13.52,3840.45,2024-08-15,0,0
CUST102174,47,Mumbai,Salaried,55969,750,Personal Loan,512657,36,15.02,17776.44,2023-12-01,0,0
CUST102175,47,Hyderabad,Salaried,59988,569,Vehicle Loan,177621,36,12.95,5980.48,2023-09-18,0,0
CUST102176,29,Bengaluru,Business Owner,46891,574,Home Loan,1801485,300,8.87,14957.95,2023-07-20,7,0
CUST102177,54,Delhi,Self-Employed,81286,652,Business Loan,629336,36,11.21,20666.3,2024-11-18,0,0
CUST102178,39,Ahmedabad,Salaried,39334,734,Gold Loan,130129,24,9.86,5996.39,2024-03-28,0,0
CUST102179,57,Delhi,Self-Employed,101097,708,Business Loan,985427,36,12.77,33093.87,2024-05-26,0,0
CUST102180,32,Jaipur,Salaried,26163,700,Personal Loan,65979,12,13.66,5913.51,2024-10-14,0,0
CUST102181,40,Bengaluru,Salaried,54333,618,Business Loan,460458,24,11.25,21514.44,2023-09-03,0,0
CUST102182,43,Hyderabad,Salaried,86084,694,Home Loan,1634268,240,10.84,16691.13,2023-11-05,119,1
CUST102183,36,Bengaluru,Self-Employed,38647,685,Personal Loan,295617,48,13.64,8024.89,2023-08-15,0,0
CUST102184,54,Kolkata,Salaried,34797,706,Business Loan,417110,60,11.2,9110.64,2024-09-15,0,0
CUST102185,25,Bengaluru,Salaried,59101,651,Gold Loan,51997,12,9.22,4552.52,2024-08-29,0,0
CUST102186,32,Bengaluru,Salaried,42973,652,Personal Loan,50416,12,11.93,4477.75,2024-09-06,0,0
CUST102187,37,Hyderabad,Salaried,33106,752,Gold Loan,104341,12,10.24,9184.88,2023-02-13,1,0
CUST102188,43,Bengaluru,Self-Employed,42926,747,Vehicle Loan,191012,24,9.95,8809.83,2023-01-13,0,0
CUST102189,46,Ahmedabad,Salaried,24838,570,Gold Loan,131541,24,12.84,6243.82,2023-02-17,0,0
CUST102190,40,Ahmedabad,Salaried,72140,662,Personal Loan,74835,12,12.11,6652.85,2024-07-30,0,0
CUST102191,36,Mumbai,Salaried,36482,797,Business Loan,117474,12,17.05,10716.97,2023-12-02,0,0
CUST102192,35,Chennai,Business Owner,43435,678,Gold Loan,75289,6,11.79,12983.18,2024-08-27,137,1
CUST102193,43,Hyderabad,Business Owner,32475,714,Personal Loan,79107,48,13.97,2160.53,2023-04-21,0,0
CUST102194,40,Delhi,Salaried,44829,736,Personal Loan,65586,12,11.82,5821.72,2024-02-07,0,0
CUST102195,22,Jaipur,Salaried,130396,696,Business Loan,668963,24,16.33,32860.09,2024-02-13,0,0
CUST102196,31,Jaipur,Salaried,26118,674,Business Loan,111898,12,11.21,9900.7,2024-04-15,0,0
CUST102197,45,Kolkata,Salaried,115019,763,Home Loan,1820482,120,11.15,25231.96,2024-11-11,0,0
CUST102198,43,Ahmedabad,Self-Employed,53446,743,Personal Loan,277932,48,18.14,8184.6,2024-01-24,15,0
CUST102199,30,Bengaluru,Self-Employed,52053,616,Home Loan,1185104,120,10.39,15918.29,2024-08-09,172,1
CUST102200,44,Ahmedabad,Salaried,132678,825,Business Loan,322620,12,13.88,28948.91,2023-02-17,0,0
CUST102201,37,Pune,Salaried,28731,771,Personal Loan,123744,24,11.61,5802.55,2024-08-20,0,0
CUST102202,22,Bengaluru,Salaried,26927,566,Personal Loan,142261,24,13.09,6769.36,2024-07-19,0,0
CUST102203,38,Delhi,Salaried,21194,682,Personal Loan,95744,48,16.18,2722.25,2023-10-14,281,1
CUST102204,44,Hyderabad,Business Owner,81122,697,Gold Loan,239480,24,9.96,11046.37,2023-03-31,0,0
CUST102205,39,Hyderabad,Salaried,70102,702,Personal Loan,84170,12,13.61,7541.94,2023-10-07,0,0
CUST102206,31,Kolkata,Salaried,20000,619,Personal Loan,104021,36,15.68,3640.66,2023-11-07,0,0
CUST102207,35,Hyderabad,Salaried,42674,689,Personal Loan,74605,36,17.87,2692.29,2024-10-22,232,1
CUST102208,42,Kolkata,Salaried,82026,693,Gold Loan,297636,18,12.51,18221.04,2024-09-25,0,0
CUST102209,26,Chennai,Salaried,35000,786,Home Loan,985793,240,11.2,10309.76,2024-06-01,0,0
CUST102210,26,Pune,Salaried,22582,634,Personal Loan,172883,36,14.65,5963.46,2024-10-23,0,0
CUST102211,34,Kolkata,Self-Employed,31814,471,Vehicle Loan,159605,36,10.07,5155.25,2024-08-26,0,0
CUST102212,29,Pune,Salaried,57835,723,Personal Loan,92958,36,17.94,3357.86,2023-11-10,0,0
CUST102213,35,Bengaluru,Salaried,26052,790,Personal Loan,139169,36,12.72,4670.41,2024-05-13,0,0
CUST102214,54,Lucknow,Self-Employed,122829,635,Home Loan,2128868,120,9.48,27523.73,2023-04-06,0,0
CUST102215,57,Bengaluru,Self-Employed,81017,702,Gold Loan,81166,6,12.16,14011.48,2023-07-23,30,0
CUST102216,37,Chennai,Self-Employed,66362,673,Business Loan,582843,24,15.77,28473.8,2024-07-29,0,0
CUST102217,32,Pune,Business Owner,68062,719,Home Loan,2766910,240,10.81,28202.82,2023-08-19,0,0
CUST102218,38,Delhi,Salaried,21313,747,Personal Loan,92888,24,14.77,4493.68,2024-01-03,0,0
CUST102219,47,Ahmedabad,Salaried,48207,723,Personal Loan,250269,36,13.03,8436.17,2023-12-23,0,0
CUST102220,42,Hyderabad,Salaried,44527,778,Vehicle Loan,388723,48,10.41,9935.74,2024-07-16,0,0
CUST102221,24,Pune,Salaried,48346,736,Business Loan,341933,36,15.45,11928.71,2024-09-29,0,0
CUST102222,42,Mumbai,Business Owner,35000,745,Home Loan,560378,120,9.56,7269.58,2024-05-26,282,1
CUST102223,46,Kolkata,Salaried,44703,664,Business Loan,305594,36,13.4,10355.65,2023-05-28,0,0
CUST102224,33,Delhi,Salaried,35000,755,Home Loan,894140,120,11.34,12489.49,2023-09-13,0,0
CUST102225,37,Ahmedabad,Salaried,54161,682,Vehicle Loan,424520,24,10.09,19607.08,2024-01-08,0,0
CUST102226,24,Mumbai,Salaried,114488,482,Personal Loan,338754,48,13.56,9182.36,2023-04-17,0,0
CUST102227,33,Pune,Business Owner,56897,741,Business Loan,359576,36,11.25,11814.67,2024-11-27,0,0
CUST102228,27,Jaipur,Salaried,30989,540,Personal Loan,186710,24,15.69,9114.27,2023-07-13,0,0
CUST102229,49,Pune,Self-Employed,114196,894,Gold Loan,517648,24,11.94,24352.99,2024-10-13,161,1
CUST102230,32,Lucknow,Self-Employed,25000,702,Business Loan,252028,36,13.28,8525.85,2023-12-10,0,0
CUST102231,47,Kolkata,Self-Employed,39412,641,Vehicle Loan,412421,48,13.11,11086.75,2023-05-19,304,1
CUST102232,30,Delhi,Salaried,31366,528,Personal Loan,85451,48,15.75,2410.78,2023-09-18,0,0
CUST102233,26,Mumbai,Salaried,64360,690,Personal Loan,167592,24,12.57,7933.82,2024-09-13,0,0
CUST102234,34,Kolkata,Salaried,75874,766,Business Loan,410326,24,17.49,20384.19,2023-05-28,172,1
CUST102235,44,Lucknow,Salaried,92059,611,Business Loan,1355994,60,15.7,32759.38,2024-01-10,0,0
CUST102236,42,Kolkata,Self-Employed,20000,630,Personal Loan,66951,36,14.28,2297.34,2023-08-24,0,0
CUST102237,35,Lucknow,Self-Employed,93541,591,Personal Loan,922925,48,13.12,24814.77,2023-03-10,7,0
CUST102238,43,Delhi,Salaried,53703,622,Business Loan,228856,12,16.21,20787.05,2024-11-26,0,0
CUST102239,34,Pune,Salaried,49423,736,Business Loan,561978,60,12.2,12557.76,2024-10-17,0,0
CUST102240,23,Kolkata,Self-Employed,44829,661,Business Loan,525829,60,13.0,11964.23,2023-08-15,0,0
CUST102241,47,Bengaluru,Salaried,28718,730,Business Loan,137916,24,11.5,6460.03,2024-09-01,339,1
CUST102242,39,Bengaluru,Salaried,35000,849,Home Loan,847679,240,11.3,8923.37,2023-05-13,0,0
CUST102243,43,Ahmedabad,Salaried,45411,605,Business Loan,310855,24,14.42,14986.8,2023-08-14,0,0
CUST102244,26,Jaipur,Salaried,75934,734,Home Loan,1517169,120,10.17,20192.6,2023-03-31,0,0
CUST102245,41,Ahmedabad,Self-Employed,49444,677,Vehicle Loan,221431,36,13.49,7513.25,2024-08-21,0,0
CUST102246,22,Mumbai,Salaried,63325,766,Business Loan,144641,12,12.88,12910.8,2023-04-23,0,0
CUST102247,47,Ahmedabad,Salaried,29885,518,Personal Loan,256992,48,15.53,7221.51,2023-01-13,361,1
CUST102248,25,Lucknow,Business Owner,81843,852,Home Loan,1588645,240,11.16,16571.15,2023-03-26,0,0
CUST102249,40,Ahmedabad,Self-Employed,91129,634,Home Loan,1709173,300,9.77,15255.02,2023-04-19,0,0
CUST102250,53,Kolkata,Self-Employed,54829,683,Personal Loan,407617,48,12.77,10888.87,2024-02-05,0,0
CUST102251,26,Pune,Self-Employed,141091,833,Gold Loan,939709,18,11.36,57026.4,2023-05-14,307,1
CUST102252,26,Hyderabad,Self-Employed,21633,664,Personal Loan,52028,12,14.12,4674.38,2023-08-29,0,0
CUST102253,21,Bengaluru,Salaried,45809,597,Vehicle Loan,370325,48,13.84,10089.98,2024-05-30,238,1
CUST102254,40,Hyderabad,Business Owner,120355,594,Gold Loan,124662,12,11.52,11048.09,2023-10-13,0,0
CUST102255,44,Lucknow,Salaried,36607,645,Home Loan,1036923,120,11.47,14560.87,2023-01-19,15,0
CUST102256,37,Ahmedabad,Self-Employed,23089,752,Gold Loan,47005,6,11.1,8089.74,2023-03-03,0,0
CUST102257,51,Kolkata,Salaried,40257,646,Home Loan,1673048,300,10.02,15226.59,2024-02-01,0,0
CUST102258,36,Lucknow,Self-Employed,199551,746,Personal Loan,720172,24,11.58,33759.92,2023-04-25,0,0
CUST102259,29,Delhi,Salaried,60699,702,Personal Loan,456932,36,15.37,15922.61,2024-01-15,0,0
CUST102260,26,Hyderabad,Self-Employed,38530,706,Business Loan,305347,36,12.78,10256.02,2024-08-24,0,0
CUST102261,27,Jaipur,Salaried,35000,861,Home Loan,1611050,240,9.73,15259.89,2024-02-19,0,0
CUST102262,43,Hyderabad,Salaried,59148,722,Personal Loan,144253,12,15.69,13067.05,2023-03-05,0,0
CUST102263,43,Kolkata,Self-Employed,123088,720,Business Loan,1055101,36,16.33,37266.35,2024-06-15,0,0
CUST102264,35,Bengaluru,Salaried,42788,777,Vehicle Loan,201008,48,11.43,5237.23,2024-10-14,0,0
CUST102265,21,Delhi,Salaried,76111,493,Business Loan,417298,36,14.6,14384.17,2024-06-09,302,1
CUST102266,42,Hyderabad,Salaried,39366,624,Personal Loan,172471,36,13.83,5880.42,2023-01-23,304,1
CUST102267,43,Jaipur,Business Owner,26432,685,Personal Loan,226546,36,18.64,8263.1,2023-12-12,0,0
CUST102268,26,Lucknow,Self-Employed,111884,672,Business Loan,393254,12,16.39,35752.89,2023-08-20,0,0
CUST102269,38,Chennai,Self-Employed,62555,595,Business Loan,772153,60,14.15,18026.75,2024-09-17,0,0
CUST102270,30,Kolkata,Salaried,39625,552,Vehicle Loan,301719,24,9.9,13908.88,2023-02-19,0,0
CUST102271,24,Mumbai,Self-Employed,51556,900,Personal Loan,131424,12,11.55,11649.21,2024-05-05,30,0
CUST102272,26,Bengaluru,Self-Employed,50131,705,Vehicle Loan,331347,60,13.2,7573.13,2024-05-25,0,0
CUST102273,34,Chennai,Self-Employed,59062,682,Business Loan,455857,60,16.15,11121.92,2024-04-16,0,0
CUST102274,50,Delhi,Salaried,41681,680,Home Loan,1366161,240,8.71,12038.07,2024-04-16,0,0
CUST102275,26,Ahmedabad,Self-Employed,37700,672,Business Loan,102815,12,16.34,9345.04,2023-10-13,0,0
CUST102276,39,Hyderabad,Self-Employed,31840,718,Business Loan,162168,24,11.97,7631.54,2024-04-19,30,0
CUST102277,48,Kolkata,Salaried,42248,659,Gold Loan,55661,24,9.43,2553.85,2024-07-08,90,1
CUST102278,44,Bengaluru,Business Owner,25000,569,Business Loan,281872,60,15.04,6711.63,2023-10-20,0,0
CUST102279,32,Kolkata,Self-Employed,128286,762,Personal Loan,252404,24,13.3,12035.34,2023-06-24,0,0
CUST102280,30,Lucknow,Business Owner,100022,822,Business Loan,302119,12,16.82,27528.89,2023-09-15,15,0
CUST102281,25,Chennai,Salaried,40498,747,Business Loan,152137,12,17.47,13909.57,2023-10-03,0,0
CUST102282,48,Delhi,Business Owner,67976,762,Home Loan,1645061,180,8.67,16363.91,2023-10-24,7,0
CUST102283,47,Hyderabad,Salaried,40496,658,Gold Loan,71360,12,10.04,6275.01,2024-11-21,0,0
CUST102284,31,Jaipur,Salaried,35000,628,Home Loan,1324315,240,9.63,12456.99,2023-01-30,0,0
CUST102285,29,Ahmedabad,Salaried,35000,583,Home Loan,562129,120,8.67,7020.81,2023-10-26,0,0
CUST102286,47,Ahmedabad,Salaried,49207,613,Personal Loan,327308,48,17.18,9474.99,2024-07-15,0,0
CUST102287,41,Kolkata,Business Owner,44957,661,Business Loan,378127,60,15.02,8999.59,2024-09-04,0,0
CUST102288,43,Chennai,Salaried,61615,619,Personal Loan,257476,24,11.52,12062.65,2023-07-09,0,0
CUST102289,42,Delhi,Salaried,20000,782,Personal Loan,67876,36,17.12,2424.02,2023-11-12,0,0
CUST102290,40,Delhi,Self-Employed,51803,599,Vehicle Loan,498483,48,12.29,13198.06,2024-10-10,203,1
CUST102291,33,Bengaluru,Self-Employed,20000,679,Personal Loan,78618,12,15.82,7126.38,2024-10-18,0,0
CUST102292,41,Pune,Salaried,122189,611,Business Loan,408166,24,14.77,19746.03,2023-02-27,0,0
CUST102293,49,Delhi,Self-Employed,41838,461,Gold Loan,62633,18,11.08,3792.78,2023-01-10,0,0
CUST102294,23,Mumbai,Salaried,38190,580,Business Loan,155385,12,17.28,14192.51,2023-10-20,0,0
CUST102295,45,Kolkata,Salaried,75229,674,Personal Loan,312462,24,14.55,15083.52,2023-03-12,0,0
CUST102296,35,Ahmedabad,Self-Employed,43075,797,Home Loan,1644536,300,11.26,16428.37,2023-04-23,0,0
CUST102297,33,Chennai,Salaried,47524,682,Personal Loan,80873,24,18.04,4039.08,2024-05-26,0,0
CUST102298,27,Hyderabad,Salaried,46361,609,Gold Loan,118027,18,9.3,7050.38,2024-10-12,0,0
CUST102299,48,Delhi,Business Owner,79123,797,Personal Loan,223358,36,12.96,7521.51,2024-09-15,0,0
CUST102300,31,Bengaluru,Salaried,47592,639,Personal Loan,71136,12,17.02,6488.62,2024-05-29,15,0
CUST102301,41,Delhi,Salaried,49739,630,Gold Loan,176435,18,10.64,10648.24,2023-04-30,0,0
CUST102302,42,Mumbai,Salaried,107374,700,Vehicle Loan,332025,48,10.82,8552.37,2024-11-29,0,0
CUST102303,39,Mumbai,Self-Employed,89166,647,Personal Loan,418188,24,15.23,20322.26,2023-04-24,0,0
CUST102304,21,Hyderabad,Salaried,44903,600,Home Loan,1835269,180,8.56,18137.22,2023-05-25,223,1
CUST102305,41,Ahmedabad,Self-Employed,35000,659,Home Loan,694133,120,10.26,9273.25,2024-04-04,0,0
CUST102306,32,Jaipur,Salaried,79014,780,Home Loan,2338322,240,10.44,23251.17,2024-07-31,331,1
CUST102307,43,Lucknow,Salaried,45698,610,Business Loan,293320,24,16.03,14366.06,2023-03-27,0,0
CUST102308,25,Jaipur,Self-Employed,58552,501,Business Loan,224574,12,16.77,20457.71,2024-01-28,0,0
CUST102309,30,Pune,Salaried,74184,664,Business Loan,481663,36,17.33,17251.81,2023-05-24,0,0
CUST102310,39,Hyderabad,Salaried,125655,838,Home Loan,2204174,240,10.94,22661.29,2024-10-29,0,0
CUST102311,52,Mumbai,Salaried,35000,520,Home Loan,721968,120,9.3,9263.21,2023-04-15,248,1
CUST102312,49,Mumbai,Business Owner,26544,721,Business Loan,207634,24,13.06,9877.15,2023-06-10,215,1
CUST102313,46,Lucknow,Business Owner,37813,798,Home Loan,1024807,300,8.59,8314.27,2023-10-11,0,0
CUST102314,32,Kolkata,Salaried,59662,789,Vehicle Loan,281079,36,10.98,9199.5,2024-09-25,0,0
CUST102315,50,Lucknow,Self-Employed,66213,632,Business Loan,315434,60,16.27,7716.07,2023-12-12,0,0
CUST102316,34,Hyderabad,Business Owner,56343,658,Personal Loan,208128,12,15.68,18852.13,2024-03-17,0,0
CUST102317,41,Mumbai,Salaried,46791,669,Business Loan,624190,60,15.76,15099.61,2023-12-19,327,1
CUST102318,47,Kolkata,Self-Employed,31371,719,Personal Loan,141418,36,17.98,5111.18,2023-01-30,0,0
CUST102319,44,Bengaluru,Self-Employed,124950,553,Personal Loan,131452,24,15.11,6380.54,2023-10-26,30,0
CUST102320,44,Bengaluru,Self-Employed,86759,625,Personal Loan,896667,48,18.43,26541.5,2024-02-05,0,0
CUST102321,37,Delhi,Self-Employed,63628,595,Home Loan,1229218,180,9.87,13111.65,2023-10-19,0,0
CUST102322,34,Jaipur,Self-Employed,73126,710,Home Loan,1600566,240,9.05,14452.22,2023-08-26,0,0
CUST102323,41,Bengaluru,Salaried,50609,658,Personal Loan,506934,48,15.83,14322.55,2024-11-25,99,1
CUST102324,30,Hyderabad,Salaried,39148,542,Business Loan,362383,36,15.53,12656.38,2024-11-02,0,0
CUST102325,60,Hyderabad,Salaried,42225,707,Vehicle Loan,219657,36,12.34,7331.48,2023-02-20,7,0
CUST102326,51,Mumbai,Self-Employed,64017,696,Business Loan,508223,36,15.28,17687.48,2023-09-30,15,0
CUST102327,50,Kolkata,Salaried,54921,685,Vehicle Loan,525634,48,10.11,13359.22,2023-08-06,0,0
CUST102328,31,Kolkata,Salaried,122394,794,Gold Loan,69550,6,11.82,11994.55,2023-05-11,0,0
CUST102329,21,Lucknow,Salaried,62416,717,Home Loan,1605661,300,10.87,15586.62,2023-05-05,0,0
CUST102330,29,Mumbai,Salaried,64569,631,Personal Loan,91424,12,16.35,8310.13,2024-05-25,0,0
CUST102331,43,Ahmedabad,Business Owner,35277,670,Business Loan,412065,60,11.01,8961.35,2023-01-12,0,0
CUST102332,38,Pune,Self-Employed,31969,660,Personal Loan,203773,24,12.43,9633.27,2024-10-12,0,0
CUST102333,34,Kolkata,Self-Employed,107199,628,Gold Loan,169788,24,11.43,7947.39,2024-02-20,0,0
CUST102334,24,Jaipur,Salaried,65511,851,Personal Loan,119937,48,14.61,3314.27,2023-07-20,0,0
CUST102335,34,Ahmedabad,Salaried,44964,664,Business Loan,308237,24,14.52,14875.18,2023-12-12,0,0
CUST102336,44,Pune,Self-Employed,44135,727,Personal Loan,175432,24,14.03,8425.48,2023-12-25,304,1
CUST102337,40,Hyderabad,Salaried,67651,560,Personal Loan,91696,48,16.45,2619.87,2023-08-10,263,1
CUST102338,33,Bengaluru,Salaried,24722,521,Personal Loan,250790,48,13.15,6746.75,2024-01-03,232,1
CUST102339,32,Lucknow,Business Owner,77591,576,Personal Loan,50759,12,16.67,4621.52,2023-03-30,7,0
CUST102340,42,Hyderabad,Business Owner,30176,668,Personal Loan,114856,36,15.28,3997.29,2024-05-28,30,0
CUST102341,36,Ahmedabad,Self-Employed,40542,734,Home Loan,1225795,180,10.0,13172.46,2023-01-03,0,0
CUST102342,43,Lucknow,Self-Employed,52232,695,Home Loan,1093814,300,10.81,10570.7,2024-08-09,0,0
CUST102343,47,Delhi,Self-Employed,93041,645,Personal Loan,211610,12,17.57,19357.13,2023-08-10,166,1
CUST102344,46,Pune,Self-Employed,35000,742,Home Loan,1509039,240,10.05,14612.58,2024-06-03,0,0
CUST102345,38,Ahmedabad,Salaried,42098,770,Personal Loan,101341,48,14.85,2812.7,2023-12-24,0,0
CUST102346,48,Pune,Salaried,87010,734,Personal Loan,162306,12,16.57,14769.98,2024-04-14,30,0
CUST102347,51,Delhi,Salaried,41488,847,Business Loan,373807,60,12.14,8341.6,2024-03-09,0,0
CUST102348,46,Delhi,Salaried,38050,667,Home Loan,812017,120,10.55,10979.7,2024-03-17,0,0
CUST102349,36,Kolkata,Salaried,97746,755,Gold Loan,120182,6,12.87,20788.91,2024-04-28,1,0
CUST102350,26,Ahmedabad,Self-Employed,68072,655,Home Loan,1968786,180,9.92,21060.42,2024-06-30,0,0
CUST102351,47,Kolkata,Self-Employed,79539,757,Vehicle Loan,190759,36,11.19,6262.38,2023-07-13,0,0
CUST102352,40,Kolkata,Salaried,45371,604,Personal Loan,148009,24,15.17,7188.42,2024-04-07,0,0
CUST102353,43,Pune,Business Owner,35000,707,Home Loan,638396,180,11.21,7340.39,2023-10-01,285,1
CUST102354,26,Delhi,Salaried,20000,826,Personal Loan,110033,24,12.58,5209.49,2023-09-07,0,0
CUST102355,36,Bengaluru,Salaried,20000,793,Personal Loan,80736,36,14.32,2771.93,2023-11-14,0,0
CUST102356,44,Jaipur,Salaried,59980,568,Personal Loan,72239,12,18.58,6642.83,2023-02-28,0,0
CUST102357,32,Lucknow,Salaried,62315,708,Personal Loan,293425,36,18.39,10665.51,2023-12-06,0,0
CUST102358,44,Jaipur,Salaried,101156,530,Personal Loan,897114,48,11.75,23514.48,2024-04-05,0,0
CUST102359,32,Mumbai,Self-Employed,120109,664,Business Loan,394880,24,12.72,18721.42,2023-11-18,0,0
CUST102360,21,Kolkata,Business Owner,59892,626,Business Loan,313378,36,16.51,11096.51,2023-07-13,0,0
CUST102361,34,Ahmedabad,Salaried,30437,592,Business Loan,281929,36,11.42,9286.17,2024-06-03,162,1
CUST102362,37,Delhi,Self-Employed,33349,570,Vehicle Loan,257018,48,11.98,6765.75,2024-09-25,0,0
CUST102363,53,Ahmedabad,Salaried,51918,829,Gold Loan,117850,18,9.5,7050.63,2023-08-23,0,0
CUST102364,46,Chennai,Business Owner,57013,619,Personal Loan,246613,36,18.11,8929.27,2024-07-21,0,0
CUST102365,30,Kolkata,Self-Employed,24428,770,Personal Loan,122551,48,13.81,3337.22,2023-04-21,0,0
CUST102366,52,Hyderabad,Salaried,112560,669,Gold Loan,296494,18,11.35,17991.42,2023-03-31,0,0
CUST102367,41,Kolkata,Salaried,51878,747,Personal Loan,230357,48,18.79,6862.2,2024-06-14,0,0
CUST102368,26,Lucknow,Business Owner,54530,692,Business Loan,242208,12,15.32,21897.88,2023-04-20,0,0
CUST102369,43,Hyderabad,Salaried,52109,751,Personal Loan,231358,36,12.0,7684.4,2023-04-12,0,0
CUST102370,38,Pune,Salaried,54754,640,Personal Loan,129737,12,17.16,11842.48,2023-02-19,0,0
CUST102371,31,Jaipur,Salaried,78286,551,Business Loan,360705,12,11.75,32006.03,2023-02-20,0,0
CUST102372,39,Lucknow,Salaried,37912,659,Home Loan,1552259,300,10.07,14182.06,2023-12-19,0,0
CUST102373,38,Chennai,Salaried,29066,900,Personal Loan,56718,48,12.02,1494.16,2023-09-19,0,0
CUST102374,32,Mumbai,Self-Employed,25957,650,Gold Loan,109693,24,9.45,5033.97,2024-03-20,0,0
CUST102375,21,Bengaluru,Self-Employed,64859,695,Gold Loan,55165,18,12.33,3372.54,2024-04-30,0,0
CUST102376,42,Delhi,Salaried,59930,764,Home Loan,1405296,120,10.01,18578.87,2023-04-14,0,0
CUST102377,36,Lucknow,Salaried,46482,554,Business Loan,242871,24,15.35,11816.43,2024-11-28,0,0
CUST102378,48,Mumbai,Salaried,41404,900,Personal Loan,340989,24,16.14,16718.7,2023-06-08,285,1
CUST102379,27,Jaipur,Self-Employed,61568,591,Vehicle Loan,345314,48,13.11,9282.77,2024-04-05,15,0
CUST102380,29,Kolkata,Self-Employed,37382,731,Business Loan,362524,60,11.69,8007.47,2023-12-15,0,0
CUST102381,65,Delhi,Self-Employed,75754,661,Home Loan,2134304,300,10.14,19605.47,2023-11-11,0,0
CUST102382,33,Mumbai,Business Owner,81374,723,Home Loan,1904188,300,11.34,19133.1,2023-11-25,0,0
CUST102383,22,Delhi,Salaried,45620,484,Personal Loan,90728,12,11.92,8057.68,2023-10-20,15,0
CUST102384,46,Hyderabad,Salaried,51848,601,Gold Loan,166185,18,11.06,10061.89,2024-11-20,0,0
CUST102385,29,Kolkata,Self-Employed,45076,798,Business Loan,358061,36,15.93,12575.99,2023-03-20,0,0
CUST102386,25,Mumbai,Self-Employed,65440,662,Personal Loan,60085,12,17.66,5498.87,2024-04-08,0,0
CUST102387,32,Ahmedabad,Self-Employed,24401,692,Personal Loan,227555,48,17.43,6616.84,2024-06-09,0,0
CUST102388,25,Mumbai,Salaried,145182,797,Gold Loan,1082802,24,10.67,50301.32,2024-01-21,0,0
CUST102389,26,Ahmedabad,Salaried,52780,756,Gold Loan,112715,18,10.59,6799.99,2024-02-18,0,0
CUST102390,31,Hyderabad,Self-Employed,72020,727,Vehicle Loan,425053,60,13.57,9795.74,2023-03-18,0,0
CUST102391,36,Delhi,Salaried,105561,556,Home Loan,3603629,240,9.03,32492.35,2023-11-11,0,0
CUST102392,24,Hyderabad,Self-Employed,84508,689,Home Loan,1871033,180,10.11,20232.31,2023-10-11,0,0
CUST102393,56,Kolkata,Salaried,33211,635,Gold Loan,58743,18,9.45,3513.08,2023-07-16,0,0
CUST102394,47,Ahmedabad,Salaried,24144,797,Personal Loan,233342,36,11.72,7719.12,2024-10-07,0,0
CUST102395,33,Kolkata,Salaried,33670,628,Business Loan,258762,36,15.39,9019.57,2023-07-26,0,0
CUST102396,46,Lucknow,Salaried,20000,605,Personal Loan,178179,48,15.44,4998.69,2023-02-25,0,0
CUST102397,46,Mumbai,Business Owner,78090,673,Home Loan,2523695,180,9.84,26873.26,2023-05-12,0,0
CUST102398,40,Pune,Salaried,96766,803,Personal Loan,286013,24,11.98,13460.95,2023-10-23,0,0
CUST102399,33,Mumbai,Salaried,50724,566,Personal Loan,157886,36,12.54,5284.89,2023-07-04,0,0
CUST102400,44,Mumbai,Salaried,76178,695,Business Loan,557400,36,13.24,18845.51,2024-08-01,0,0
CUST102401,25,Mumbai,Salaried,45065,700,Home Loan,896204,180,10.94,10152.49,2024-10-18,0,0
CUST102402,36,Jaipur,Salaried,49396,655,Personal Loan,168252,12,16.65,15317.45,2024-05-15,0,0
CUST102403,32,Jaipur,Salaried,32720,524,Gold Loan,55922,24,12.87,2655.22,2023-06-27,30,0
CUST102404,46,Hyderabad,Self-Employed,30362,708,Personal Loan,146145,24,11.52,6846.84,2024-03-01,7,0
CUST102405,56,Pune,Self-Employed,60343,647,Home Loan,1749895,300,10.97,17113.01,2024-03-23,0,0
CUST102406,39,Lucknow,Salaried,30715,687,Gold Loan,160209,24,11.74,7522.16,2023-07-07,0,0
CUST102407,44,Mumbai,Self-Employed,45426,705,Personal Loan,90314,12,15.34,8166.09,2024-05-26,0,0
CUST102408,32,Jaipur,Salaried,20000,504,Personal Loan,84479,12,15.26,7635.3,2024-05-27,0,0
CUST102409,50,Mumbai,Self-Employed,22644,761,Personal Loan,74718,48,17.21,2164.12,2024-06-03,0,0
CUST102410,40,Chennai,Business Owner,42493,596,Personal Loan,167658,12,14.62,15102.48,2023-10-06,0,0
CUST102411,47,Kolkata,Self-Employed,35905,593,Home Loan,762084,240,10.38,7547.16,2024-03-03,130,1
CUST102412,45,Pune,Salaried,32568,663,Business Loan,349240,36,11.09,11448.56,2024-03-14,0,0
CUST102413,31,Delhi,Salaried,41934,703,Business Loan,333269,60,14.98,7924.95,2024-10-12,227,1
CUST102414,38,Pune,Salaried,43807,760,Home Loan,1343151,120,10.16,17869.06,2023-06-21,0,0
CUST102415,32,Ahmedabad,Salaried,23685,593,Personal Loan,91018,24,12.74,4316.05,2023-01-05,1,0
CUST102416,39,Jaipur,Self-Employed,35000,668,Home Loan,1137238,120,10.42,15294.42,2023-09-25,15,0
CUST102417,36,Jaipur,Business Owner,43657,704,Home Loan,1204500,300,10.52,11389.88,2023-05-31,7,0
CUST102418,44,Kolkata,Salaried,108446,677,Business Loan,318307,12,16.71,28987.32,2024-01-30,0,0
CUST102419,43,Hyderabad,Self-Employed,48912,816,Personal Loan,156690,12,13.88,14059.9,2023-11-15,0,0
CUST102420,25,Delhi,Salaried,100462,703,Gold Loan,213137,24,12.51,10083.94,2023-10-21,1,0
CUST102421,27,Delhi,Business Owner,85366,697,Home Loan,2035713,240,10.2,19915.58,2023-07-17,0,0
CUST102422,21,Lucknow,Salaried,51342,502,Home Loan,1574002,180,11.18,18068.37,2023-10-25,0,0
CUST102423,35,Lucknow,Business Owner,89391,734,Business Loan,314927,12,13.5,28202.35,2024-07-14,0,0
CUST102424,55,Bengaluru,Salaried,34179,649,Personal Loan,50029,36,16.82,1779.19,2023-09-09,0,0
CUST102425,37,Chennai,Self-Employed,40613,512,Gold Loan,73783,12,10.61,6507.65,2024-06-29,0,0
CUST102426,31,Pune,Self-Employed,41896,701,Home Loan,1380883,240,9.3,12691.83,2024-06-18,0,0
CUST102427,44,Pune,Salaried,30640,625,Personal Loan,212823,36,18.38,7734.69,2024-08-21,15,0
CUST102428,27,Pune,Salaried,38233,716,Home Loan,920269,180,9.3,9498.93,2023-12-28,0,0
CUST102429,25,Lucknow,Self-Employed,102415,593,Personal Loan,201902,36,17.99,7298.23,2023-12-14,0,0
CUST102430,24,Pune,Salaried,38645,665,Home Loan,1280458,120,9.24,16387.08,2024-01-02,0,0
CUST102431,33,Bengaluru,Business Owner,31272,691,Gold Loan,82848,12,12.38,7375.68,2023-05-27,0,0
CUST102432,31,Kolkata,Salaried,26761,782,Personal Loan,59370,24,13.62,2839.88,2024-08-25,0,0
CUST102433,31,Mumbai,Self-Employed,17259,664,Gold Loan,50669,12,12.28,4508.52,2024-09-01,0,0
CUST102434,35,Hyderabad,Salaried,51815,616,Gold Loan,126001,18,12.03,7685.56,2024-09-11,0,0
CUST102435,23,Kolkata,Business Owner,66810,744,Gold Loan,277664,12,10.51,24476.99,2024-10-11,1,0
CUST102436,45,Mumbai,Salaried,30805,715,Vehicle Loan,367123,60,10.45,7881.81,2023-06-17,1,0
CUST102437,34,Kolkata,Self-Employed,33993,708,Business Loan,308418,36,12.63,10336.94,2024-02-17,273,1
CUST102438,28,Chennai,Salaried,53713,661,Business Loan,364913,24,12.18,17208.41,2023-06-23,0,0
CUST102439,31,Chennai,Self-Employed,92628,571,Personal Loan,146135,48,14.49,4029.37,2024-10-09,0,0
CUST102440,33,Pune,Self-Employed,31985,830,Business Loan,349979,36,17.68,12596.47,2024-04-03,362,1
CUST102441,39,Mumbai,Salaried,47595,706,Business Loan,299986,24,11.17,14005.39,2023-10-09,0,0
CUST102442,38,Kolkata,Salaried,41340,652,Home Loan,829555,120,10.23,11068.56,2023-12-04,0,0
CUST102443,38,Ahmedabad,Salaried,71384,590,Personal Loan,101779,12,14.57,9165.76,2023-03-16,0,0
CUST102444,40,Ahmedabad,Salaried,48255,760,Business Loan,374273,60,12.35,8391.84,2023-06-26,0,0
CUST102445,25,Bengaluru,Salaried,48871,716,Personal Loan,163264,36,12.76,5482.16,2024-06-27,0,0
CUST102446,31,Hyderabad,Business Owner,30214,819,Personal Loan,73572,12,15.77,6667.25,2024-05-04,0,0
CUST102447,30,Mumbai,Salaried,35000,644,Home Loan,1211571,180,9.13,12382.43,2024-10-31,0,0
CUST102448,34,Lucknow,Salaried,62895,660,Business Loan,418900,60,11.55,9223.22,2024-02-06,0,0
CUST102449,49,Lucknow,Business Owner,60919,866,Business Loan,728522,60,11.57,16047.71,2023-11-29,0,0
CUST102450,28,Bengaluru,Self-Employed,46636,575,Gold Loan,185764,18,12.27,11351.58,2023-08-30,0,0
CUST102451,27,Mumbai,Business Owner,63590,773,Personal Loan,101644,48,15.55,2857.25,2023-03-15,0,0
CUST102452,45,Hyderabad,Salaried,27963,701,Personal Loan,380458,48,14.03,10402.3,2023-06-22,0,0
CUST102453,33,Kolkata,Salaried,71652,679,Business Loan,541837,36,17.43,19434.12,2023-12-20,0,0
CUST102454,48,Lucknow,Salaried,43994,543,Vehicle Loan,745450,60,9.63,15703.24,2024-01-17,1,0
CUST102455,33,Hyderabad,Salaried,104356,680,Gold Loan,437373,18,10.7,26408.53,2023-12-29,0,0
CUST102456,41,Delhi,Self-Employed,109279,697,Gold Loan,104044,6,12.87,17997.38,2024-05-27,0,0
CUST102457,21,Hyderabad,Business Owner,77495,825,Business Loan,439651,24,17.24,21788.08,2023-04-21,15,0
CUST102458,21,Jaipur,Salaried,40946,675,Vehicle Loan,368823,48,12.5,9803.31,2024-10-23,15,0
CUST102459,21,Jaipur,Salaried,82410,561,Home Loan,2066455,180,10.82,23254.22,2023-07-04,15,0
CUST102460,45,Jaipur,Salaried,92128,585,Vehicle Loan,936473,36,10.92,30623.46,2023-07-03,0,0
CUST102461,37,Hyderabad,Self-Employed,30685,669,Gold Loan,111088,18,11.25,6735.74,2023-08-10,0,0
CUST102462,42,Ahmedabad,Salaried,118203,734,Gold Loan,52653,18,10.34,3170.43,2024-02-20,0,0
CUST102463,43,Lucknow,Salaried,53494,541,Gold Loan,85938,18,10.57,5183.77,2024-06-09,0,0
CUST102464,43,Ahmedabad,Business Owner,65349,548,Gold Loan,113092,6,11.92,19509.37,2023-02-12,0,0
CUST102465,42,Bengaluru,Salaried,47235,715,Personal Loan,134032,36,16.94,4774.6,2023-07-09,0,0
CUST102466,35,Hyderabad,Self-Employed,39363,601,Personal Loan,108156,12,17.05,9866.91,2024-05-01,0,0
CUST102467,38,Pune,Salaried,51219,706,Gold Loan,396855,24,12.98,18863.48,2024-09-14,0,0
CUST102468,24,Mumbai,Business Owner,61501,900,Personal Loan,361544,48,15.91,10229.6,2024-07-01,116,1
CUST102469,27,Delhi,Salaried,35378,625,Business Loan,96445,12,16.55,8775.66,2023-07-20,0,0
CUST102470,29,Lucknow,Salaried,36856,574,Home Loan,1502597,300,11.37,15130.81,2023-02-11,30,0
CUST102471,34,Pune,Salaried,88600,773,Personal Loan,242658,24,16.65,11956.79,2023-03-02,0,0
CUST102472,21,Delhi,Salaried,69980,575,Gold Loan,65979,18,11.08,3995.39,2024-02-19,0,0
CUST102473,47,Mumbai,Self-Employed,47018,677,Home Loan,1796737,240,10.56,18010.73,2023-06-25,0,0
CUST102474,47,Chennai,Business Owner,90719,591,Business Loan,256446,12,16.11,23280.92,2024-06-21,15,0
CUST102475,35,Jaipur,Business Owner,38068,727,Business Loan,475928,60,16.21,11626.82,2024-06-16,357,1
CUST102476,33,Pune,Salaried,65517,468,Business Loan,334772,24,12.07,15769.83,2024-09-09,0,0
CUST102477,32,Jaipur,Salaried,144823,726,Business Loan,692647,24,11.92,32579.43,2023-11-04,154,1
CUST102478,46,Pune,Salaried,52173,649,Personal Loan,222965,24,15.77,10892.57,2023-06-25,0,0
CUST102479,21,Chennai,Business Owner,20000,630,Personal Loan,59385,12,16.28,5395.92,2024-03-08,7,0
CUST102480,44,Lucknow,Salaried,35000,818,Home Loan,979269,300,9.84,8788.41,2023-03-22,0,0
CUST102481,39,Chennai,Self-Employed,67069,822,Personal Loan,111124,12,14.37,9996.86,2023-01-31,118,1
CUST102482,28,Bengaluru,Self-Employed,21633,685,Gold Loan,60653,18,11.41,3682.14,2024-05-24,0,0
CUST102483,40,Pune,Salaried,60771,449,Personal Loan,394373,36,16.55,13972.31,2024-11-20,30,0
CUST102484,33,Mumbai,Salaried,51129,715,Home Loan,1012285,120,10.2,13489.78,2023-09-26,0,0
CUST102485,51,Ahmedabad,Salaried,67249,585,Home Loan,1526499,240,9.4,14129.44,2024-06-10,0,0
CUST102486,41,Bengaluru,Salaried,153876,690,Home Loan,5196948,240,9.82,49533.48,2024-06-07,0,0
CUST102487,30,Delhi,Self-Employed,34684,561,Business Loan,87987,12,17.06,8027.34,2024-01-25,255,1
CUST102488,26,Delhi,Self-Employed,102262,658,Personal Loan,88218,48,12.01,2323.55,2023-06-22,0,0
CUST102489,41,Ahmedabad,Self-Employed,57162,679,Gold Loan,51551,6,9.33,8827.15,2023-09-24,30,0
CUST102490,33,Hyderabad,Salaried,60321,825,Business Loan,290746,12,11.59,25776.7,2023-02-21,0,0
CUST102491,36,Kolkata,Self-Employed,25000,732,Business Loan,86016,12,16.97,7843.84,2023-09-18,195,1
CUST102492,38,Pune,Self-Employed,55000,628,Personal Loan,305697,36,15.73,10706.69,2023-12-28,0,0
CUST102493,47,Chennai,Self-Employed,85783,780,Home Loan,1843347,240,11.14,19202.76,2024-11-05,7,0
CUST102494,40,Jaipur,Salaried,35000,684,Home Loan,1103176,180,10.76,12372.91,2024-10-22,0,0
CUST102495,47,Pune,Business Owner,19872,773,Gold Loan,74015,18,12.76,4539.76,2024-11-29,0,0
CUST102496,34,Lucknow,Self-Employed,29454,685,Gold Loan,54385,12,10.4,4791.43,2024-08-27,0,0
CUST102497,36,Chennai,Self-Employed,23425,685,Gold Loan,52560,24,9.21,2406.26,2023-08-15,0,0
CUST102498,45,Jaipur,Business Owner,26354,679,Personal Loan,118127,24,14.21,5683.34,2023-08-20,331,1
CUST102499,33,Ahmedabad,Salaried,85507,648,Personal Loan,274409,48,12.29,7265.38,2023-04-26,0,0
CUST102500,27,Chennai,Self-Employed,51792,793,Personal Loan,153577,12,12.74,13698.35,2023-12-23,0,0
CUST102501,37,Kolkata,Salaried,58563,721,Home Loan,1567238,300,9.34,13519.0,2024-03-26,0,0
CUST102502,45,Lucknow,Self-Employed,53374,714,Home Loan,1179434,300,11.02,11576.84,2023-11-18,0,0
CUST102503,47,Chennai,Salaried,35959,649,Personal Loan,72264,36,12.91,2431.73,2023-09-01,0,0
CUST102504,56,Hyderabad,Salaried,103400,665,Gold Loan,536426,18,12.87,32929.56,2023-05-05,0,0
CUST102505,37,Jaipur,Business Owner,34132,706,Business Loan,368342,36,14.69,12712.85,2024-11-04,0,0
CUST102506,34,Bengaluru,Salaried,49688,594,Business Loan,213546,12,14.48,19221.94,2024-06-23,0,0
CUST102507,39,Kolkata,Salaried,24547,771,Gold Loan,32358,6,11.83,5580.6,2024-05-30,0,0
CUST102508,58,Jaipur,Self-Employed,118485,754,Vehicle Loan,664117,36,9.51,21276.73,2024-11-14,0,0
CUST102509,47,Ahmedabad,Salaried,58667,691,Personal Loan,51765,48,15.98,1466.5,2024-08-13,0,0
CUST102510,28,Hyderabad,Salaried,46479,733,Personal Loan,144799,24,13.71,6932.4,2024-03-18,0,0
CUST102511,28,Hyderabad,Self-Employed,45819,730,Personal Loan,232568,48,11.58,6076.56,2023-04-19,145,1
CUST102512,29,Ahmedabad,Salaried,85400,730,Personal Loan,67821,24,17.63,3373.79,2024-06-16,0,0
CUST102513,25,Lucknow,Business Owner,50412,811,Home Loan,1501378,240,8.8,13315.78,2023-05-20,0,0
CUST102514,35,Ahmedabad,Salaried,37262,638,Business Loan,318588,24,12.96,15140.27,2024-04-29,329,1
CUST102515,35,Ahmedabad,Self-Employed,96863,651,Home Loan,1906673,120,8.58,23721.67,2024-07-11,0,0
CUST102516,43,Chennai,Business Owner,45425,490,Vehicle Loan,722329,60,13.26,16531.5,2023-02-08,0,0
CUST102517,45,Lucknow,Salaried,35000,642,Home Loan,766204,120,11.01,10558.8,2024-04-12,0,0
CUST102518,46,Mumbai,Salaried,87550,725,Gold Loan,76997,6,12.15,13291.41,2023-07-21,0,0
CUST102519,47,Hyderabad,Salaried,21784,703,Personal Loan,100156,36,18.45,3643.53,2024-08-22,0,0
CUST102520,57,Ahmedabad,Salaried,68705,862,Business Loan,704830,60,14.45,16565.06,2024-05-12,0,0
CUST102521,39,Lucknow,Salaried,25620,565,Personal Loan,82953,24,13.26,3953.87,2023-09-08,0,0
CUST102522,42,Kolkata,Salaried,62754,584,Vehicle Loan,230988,24,12.03,10876.64,2023-05-28,30,0
CUST102523,28,Bengaluru,Salaried,35000,717,Home Loan,999068,240,10.13,9727.43,2023-07-02,246,1
CUST102524,49,Ahmedabad,Salaried,47583,571,Gold Loan,100772,12,10.7,8892.3,2023-12-07,202,1
CUST102525,21,Lucknow,Salaried,39041,801,Business Loan,362131,60,17.9,9176.06,2023-03-01,0,0
CUST102526,40,Lucknow,Self-Employed,81099,693,Vehicle Loan,504764,48,11.01,13048.34,2024-04-01,220,1
CUST102527,38,Mumbai,Salaried,50012,572,Personal Loan,323752,24,13.42,15455.71,2024-01-24,0,0
CUST102528,46,Bengaluru,Self-Employed,31606,789,Gold Loan,134442,24,9.88,6196.37,2023-12-20,0,0
CUST102529,52,Ahmedabad,Self-Employed,27050,677,Gold Loan,83735,18,9.33,5003.09,2023-08-10,0,0
CUST102530,43,Hyderabad,Salaried,88676,670,Business Loan,324396,12,11.76,28785.78,2024-01-30,0,0
CUST102531,26,Ahmedabad,Business Owner,52156,700,Personal Loan,608781,48,16.6,17440.67,2023-08-04,0,0
CUST102532,21,Delhi,Business Owner,29759,818,Personal Loan,153431,48,13.36,4143.64,2023-05-11,355,1
CUST102533,39,Jaipur,Salaried,29942,734,Personal Loan,253319,48,14.79,7023.12,2024-11-22,0,0
CUST102534,38,Lucknow,Salaried,54394,669,Home Loan,1504028,300,11.09,14839.14,2023-01-27,0,0
CUST102535,27,Delhi,Salaried,48375,813,Personal Loan,280977,48,17.53,8184.85,2023-04-17,0,0
CUST102536,36,Lucknow,Salaried,25121,491,Business Loan,258438,36,16.94,9206.3,2024-08-04,0,0
CUST102537,38,Kolkata,Salaried,21163,604,Personal Loan,80767,12,15.81,7320.8,2023-10-02,0,0
CUST102538,34,Lucknow,Salaried,35000,618,Home Loan,839218,180,10.77,9417.67,2023-09-25,219,1
CUST102539,23,Jaipur,Salaried,40089,617,Home Loan,1403960,240,9.15,12767.55,2024-09-27,0,0
CUST102540,36,Delhi,Business Owner,87535,599,Home Loan,1721013,120,8.56,21393.36,2023-06-16,0,0
CUST102541,44,Delhi,Salaried,48085,681,Business Loan,425010,60,15.4,10200.41,2023-08-25,0,0
CUST102542,36,Lucknow,Business Owner,20000,663,Personal Loan,56877,12,12.06,5055.05,2024-02-09,0,0
CUST102543,49,Kolkata,Salaried,59704,624,Gold Loan,484935,24,12.47,22934.16,2023-06-14,0,0
CUST102544,34,Chennai,Salaried,67667,830,Gold Loan,212680,18,12.8,13048.84,2023-03-17,0,0
CUST102545,27,Ahmedabad,Salaried,68615,621,Personal Loan,482728,36,15.38,16823.89,2024-03-24,30,0
CUST102546,22,Hyderabad,Self-Employed,113072,628,Home Loan,1946649,180,11.09,22235.69,2024-04-18,0,0
CUST102547,34,Lucknow,Salaried,94261,717,Personal Loan,801569,48,15.56,22536.47,2023-10-18,1,0
CUST102548,52,Mumbai,Self-Employed,45767,723,Personal Loan,402466,36,14.7,13892.56,2023-12-17,0,0
CUST102549,31,Delhi,Salaried,111349,643,Business Loan,1366296,60,11.31,29918.25,2024-10-04,334,1
CUST102550,48,Pune,Salaried,22553,667,Vehicle Loan,239715,36,11.05,7853.64,2023-11-18,0,0
CUST102551,23,Chennai,Self-Employed,98771,800,Gold Loan,69231,12,9.43,6068.17,2023-03-24,0,0
CUST102552,40,Pune,Business Owner,41284,656,Gold Loan,151917,24,10.9,7073.47,2023-11-30,0,0
CUST102553,21,Delhi,Salaried,55888,837,Home Loan,1976976,240,10.34,19525.71,2024-03-22,0,0
CUST102554,35,Jaipur,Business Owner,25000,770,Business Loan,105392,12,12.5,9388.62,2024-02-07,151,1
CUST102555,36,Bengaluru,Salaried,35000,636,Home Loan,1327640,180,11.16,15223.57,2023-10-19,0,0
CUST102556,34,Jaipur,Self-Employed,21874,730,Gold Loan,46807,6,12.41,8085.96,2023-02-18,0,0
CUST102557,34,Chennai,Salaried,39773,693,Personal Loan,87259,12,11.53,7733.68,2023-02-10,0,0
CUST102558,47,Hyderabad,Self-Employed,36300,885,Gold Loan,144892,18,9.76,8685.79,2024-05-09,7,0
CUST102559,47,Chennai,Salaried,81427,730,Personal Loan,236726,24,15.93,11582.93,2023-12-30,0,0
CUST102560,41,Jaipur,Self-Employed,25000,649,Business Loan,73166,12,14.46,6585.21,2023-03-13,0,0
CUST102561,53,Pune,Self-Employed,48825,672,Gold Loan,68526,6,11.28,11799.68,2023-06-04,0,0
CUST102562,26,Hyderabad,Salaried,72785,699,Business Loan,446466,36,11.92,14812.01,2024-11-26,15,0
CUST102563,29,Bengaluru,Self-Employed,34735,742,Business Loan,343921,60,11.47,7558.54,2023-11-30,0,0
CUST102564,45,Delhi,Business Owner,49472,614,Personal Loan,114136,12,14.35,10266.75,2023-05-23,30,0
CUST102565,52,Delhi,Business Owner,20000,611,Personal Loan,133068,48,11.56,3475.51,2023-07-29,0,0
CUST102566,45,Mumbai,Self-Employed,35318,698,Home Loan,1446468,300,11.37,14565.6,2023-12-14,0,0
CUST102567,49,Mumbai,Salaried,96315,765,Business Loan,993405,60,11.43,21812.67,2024-09-20,0,0
CUST102568,48,Ahmedabad,Salaried,21751,715,Personal Loan,55540,12,14.28,4994.1,2023-11-17,0,0
CUST102569,23,Delhi,Business Owner,72891,665,Home Loan,1751081,300,10.38,16383.54,2024-05-19,15,0
CUST102570,35,Lucknow,Salaried,35072,776,Business Loan,331685,36,13.3,11223.77,2023-12-30,0,0
CUST102571,26,Ahmedabad,Self-Employed,60986,773,Gold Loan,490553,24,12.41,23186.07,2024-03-07,0,0
CUST102572,39,Mumbai,Salaried,31040,788,Gold Loan,160618,18,9.61,9617.43,2024-06-20,0,0
CUST102573,36,Mumbai,Salaried,83035,458,Personal Loan,427699,24,13.32,20397.94,2023-08-24,356,1
CUST102574,42,Chennai,Business Owner,73499,585,Gold Loan,220182,12,12.94,19659.86,2023-05-06,0,0
CUST102575,48,Delhi,Business Owner,48891,435,Business Loan,514165,60,16.66,12684.52,2023-07-17,0,0
CUST102576,24,Jaipur,Self-Employed,41028,659,Home Loan,1173416,120,11.29,16357.03,2023-06-13,0,0
CUST102577,27,Lucknow,Salaried,64514,746,Personal Loan,578488,36,16.99,20621.8,2023-05-22,0,0
CUST102578,35,Bengaluru,Salaried,48209,626,Personal Loan,94843,48,14.38,2609.84,2023-07-21,0,0
CUST102579,36,Chennai,Salaried,37921,722,Personal Loan,301700,48,14.8,8365.98,2023-04-21,0,0
CUST102580,42,Lucknow,Salaried,47245,652,Vehicle Loan,390810,24,10.84,18185.79,2024-03-28,0,0
CUST102581,36,Bengaluru,Self-Employed,49321,815,Business Loan,323123,36,14.89,11183.77,2023-05-14,0,0
CUST102582,45,Kolkata,Salaried,51572,498,Vehicle Loan,221156,24,13.15,10529.75,2023-07-13,0,0
CUST102583,37,Bengaluru,Business Owner,64311,659,Home Loan,1993210,180,10.08,21516.79,2024-10-08,0,0
CUST102584,33,Chennai,Self-Employed,61630,605,Business Loan,499891,24,16.31,24550.33,2024-11-01,0,0
CUST102585,40,Pune,Salaried,113714,698,Personal Loan,811040,48,16.95,23381.62,2024-04-06,0,0
CUST102586,43,Mumbai,Self-Employed,48378,687,Home Loan,1256149,180,10.47,13862.1,2023-08-06,0,0
CUST102587,54,Delhi,Business Owner,45461,649,Business Loan,317163,36,13.64,10784.51,2023-07-23,0,0
CUST102588,42,Lucknow,Salaried,82165,716,Business Loan,335589,60,17.48,8427.11,2024-05-17,0,0
CUST102589,29,Pune,Business Owner,36519,815,Personal Loan,224445,36,14.83,7761.79,2024-05-18,30,0
CUST102590,64,Ahmedabad,Salaried,61847,564,Personal Loan,66822,24,12.33,3155.85,2023-12-15,357,1
CUST102591,52,Delhi,Business Owner,58558,681,Home Loan,1144940,120,11.37,16012.3,2023-02-02,164,1
CUST102592,33,Delhi,Self-Employed,29549,701,Gold Loan,62611,18,11.29,3797.53,2023-12-18,15,0
CUST102593,37,Kolkata,Salaried,135943,768,Personal Loan,135958,12,11.99,12079.07,2023-07-19,0,0
CUST102594,36,Kolkata,Salaried,27650,658,Personal Loan,74924,12,17.17,6839.47,2024-01-29,15,0
CUST102595,51,Chennai,Self-Employed,49494,587,Personal Loan,176517,24,15.08,8565.43,2024-05-30,0,0
CUST102596,23,Chennai,Self-Employed,83530,790,Personal Loan,567286,24,13.7,27156.71,2023-09-20,277,1
CUST102597,41,Jaipur,Business Owner,27451,658,Personal Loan,53287,24,13.21,2538.62,2024-11-29,15,0
CUST102598,28,Bengaluru,Self-Employed,117863,765,Home Loan,2939652,300,11.22,29280.66,2023-09-26,0,0
CUST102599,29,Hyderabad,Salaried,77139,732,Personal Loan,921246,48,14.57,25438.61,2024-10-11,0,0
CUST102600,27,Delhi,Business Owner,20000,841,Personal Loan,260428,48,12.39,6908.04,2024-01-19,266,1
CUST102601,41,Hyderabad,Salaried,32594,869,Vehicle Loan,158325,24,11.2,7393.9,2023-01-14,0,0
CUST102602,51,Ahmedabad,Salaried,36130,465,Vehicle Loan,308683,60,12.62,6963.59,2024-04-03,0,0
CUST102603,54,Pune,Self-Employed,41011,630,Business Loan,461204,60,16.89,11434.85,2023-12-24,0,0
CUST102604,40,Bengaluru,Self-Employed,35000,428,Home Loan,1207491,300,9.13,10240.93,2023-12-16,223,1
CUST102605,35,Mumbai,Salaried,27957,571,Personal Loan,187913,36,11.83,6226.15,2024-05-23,0,0
CUST102606,30,Kolkata,Salaried,37180,645,Personal Loan,267622,48,15.53,7520.22,2024-08-23,0,0
CUST102607,36,Mumbai,Salaried,120702,456,Personal Loan,509355,24,11.52,23863.09,2023-08-24,278,1
CUST102608,21,Delhi,Self-Employed,36902,497,Gold Loan,120148,12,10.54,10593.12,2023-09-16,30,0
CUST102609,36,Delhi,Salaried,39566,578,Business Loan,341416,60,15.26,8168.93,2023-07-23,0,0
CUST102610,37,Pune,Salaried,70583,711,Personal Loan,450501,48,15.72,12702.81,2023-03-10,318,1
CUST102611,42,Bengaluru,Salaried,58630,667,Personal Loan,267083,12,11.66,23687.54,2024-05-28,0,0
CUST102612,28,Mumbai,Business Owner,39784,673,Business Loan,463835,60,14.43,10896.31,2024-03-05,0,0
CUST102613,49,Ahmedabad,Business Owner,77423,716,Personal Loan,235367,24,14.55,11361.9,2023-05-02,0,0
CUST102614,27,Chennai,Salaried,21921,610,Personal Loan,172827,48,12.92,4629.66,2024-11-03,247,1
CUST102615,42,Hyderabad,Salaried,121315,714,Personal Loan,183511,24,12.41,8673.68,2023-07-18,0,0
CUST102616,41,Bengaluru,Salaried,71606,566,Vehicle Loan,525374,48,11.75,13770.71,2023-01-05,0,0
CUST102617,26,Kolkata,Salaried,27563,630,Business Loan,131177,12,13.74,11761.96,2023-02-02,0,0
CUST102618,29,Jaipur,Salaried,23994,662,Personal Loan,183110,36,18.67,6681.57,2023-12-28,15,0
CUST102619,42,Ahmedabad,Self-Employed,88501,829,Home Loan,2347016,300,8.51,18914.63,2024-01-13,0,0
CUST102620,30,Ahmedabad,Salaried,29756,642,Gold Loan,71599,6,11.89,12350.4,2024-03-26,256,1
CUST102621,41,Ahmedabad,Salaried,58162,588,Home Loan,1395253,120,9.47,18031.32,2024-06-13,0,0
CUST102622,36,Hyderabad,Self-Employed,107166,699,Business Loan,892525,36,15.54,31176.21,2024-05-31,0,0
CUST102623,43,Delhi,Business Owner,29112,690,Gold Loan,56580,12,10.64,4991.14,2024-02-12,0,0
CUST102624,46,Ahmedabad,Salaried,31883,633,Business Loan,173843,24,14.19,8362.32,2024-05-01,0,0
CUST102625,39,Lucknow,Salaried,58556,666,Gold Loan,128302,12,12.71,11442.14,2024-10-27,0,0
CUST102626,39,Lucknow,Salaried,42679,731,Personal Loan,99188,48,16.44,2833.42,2023-05-22,0,0
CUST102627,37,Mumbai,Salaried,106980,660,Personal Loan,954502,36,11.78,31602.92,2023-10-22,346,1
CUST102628,23,Jaipur,Self-Employed,31882,697,Personal Loan,124769,24,13.66,5970.5,2024-04-08,0,0
CUST102629,29,Lucknow,Salaried,49271,647,Personal Loan,149366,36,14.2,5119.5,2023-12-14,0,0
CUST102630,39,Hyderabad,Salaried,34612,737,Gold Loan,147989,24,10.6,6870.0,2024-04-30,0,0
CUST102631,29,Hyderabad,Salaried,57965,782,Personal Loan,620902,48,13.92,16942.16,2023-10-18,0,0
CUST102632,25,Lucknow,Business Owner,54406,735,Home Loan,1560805,240,10.98,16089.21,2023-02-20,236,1
CUST102633,33,Delhi,Self-Employed,35000,741,Home Loan,818728,180,8.71,8163.44,2024-02-15,0,0
CUST102634,38,Delhi,Self-Employed,28238,651,Personal Loan,130138,48,17.98,3821.44,2023-08-10,30,0
CUST102635,33,Bengaluru,Self-Employed,45617,868,Personal Loan,270404,36,17.13,9658.14,2024-06-12,0,0
CUST102636,50,Ahmedabad,Salaried,48345,503,Personal Loan,428759,36,14.85,14831.6,2023-12-03,0,0
CUST102637,33,Ahmedabad,Salaried,56487,632,Business Loan,373333,60,15.47,8973.94,2024-09-19,0,0
CUST102638,30,Kolkata,Self-Employed,107118,561,Personal Loan,95907,12,14.88,8650.97,2023-05-21,276,1
CUST102639,47,Delhi,Salaried,75531,684,Business Loan,251385,12,13.08,22462.46,2023-08-25,235,1
CUST102640,45,Jaipur,Salaried,26812,741,Vehicle Loan,195032,24,12.2,9199.06,2024-11-03,0,0
CUST102641,35,Mumbai,Self-Employed,74229,607,Home Loan,1804227,120,10.57,24416.11,2023-08-21,0,0
CUST102642,40,Lucknow,Self-Employed,61263,809,Personal Loan,186054,12,12.03,16533.28,2023-11-22,0,0
CUST102643,29,Ahmedabad,Salaried,35000,606,Home Loan,1176625,300,9.17,10011.53,2024-10-13,0,0
CUST102644,31,Ahmedabad,Salaried,75812,829,Business Loan,560465,24,15.63,27343.13,2024-01-25,7,0
CUST102645,23,Mumbai,Self-Employed,25000,661,Business Loan,228014,36,17.85,8226.11,2024-05-05,0,0
CUST102646,37,Ahmedabad,Self-Employed,61843,724,Home Loan,1757234,240,9.55,16437.14,2023-07-26,0,0
CUST102647,21,Mumbai,Salaried,130862,716,Business Loan,1046911,60,13.5,24089.26,2023-02-02,0,0
CUST102648,32,Mumbai,Salaried,58767,628,Home Loan,1440670,120,11.39,20164.61,2024-06-17,0,0
CUST102649,31,Pune,Self-Employed,52911,760,Gold Loan,236244,24,11.17,11029.48,2023-07-05,0,0
CUST102650,34,Kolkata,Salaried,36840,719,Gold Loan,284617,24,11.49,13330.22,2023-05-17,303,1
CUST102651,31,Pune,Salaried,40063,600,Gold Loan,306109,24,9.15,14005.59,2023-02-01,0,0
CUST102652,49,Kolkata,Self-Employed,41624,656,Vehicle Loan,297293,24,13.11,14149.22,2023-12-30,0,0
CUST102653,22,Chennai,Self-Employed,88221,672,Business Loan,454312,24,16.92,22444.75,2024-03-22,0,0
CUST102654,29,Ahmedabad,Business Owner,65746,730,Vehicle Loan,726330,48,12.36,19255.69,2024-11-17,0,0
CUST102655,40,Lucknow,Business Owner,20461,598,Personal Loan,52895,24,15.77,2584.09,2023-10-21,106,1
CUST102656,43,Lucknow,Salaried,36097,685,Personal Loan,72725,12,11.92,6458.81,2023-10-24,0,0
CUST102657,38,Chennai,Self-Employed,20000,754,Personal Loan,90391,36,11.97,3000.98,2024-04-26,0,0
CUST102658,25,Chennai,Salaried,110201,620,Home Loan,1865621,240,10.81,19016.07,2023-01-19,7,0
CUST102659,45,Hyderabad,Self-Employed,50298,538,Home Loan,1517940,120,10.55,20524.84,2024-06-30,0,0
CUST102660,33,Jaipur,Business Owner,33387,900,Vehicle Loan,199235,24,13.6,9528.24,2024-10-14,337,1
CUST102661,40,Hyderabad,Self-Employed,69330,637,Personal Loan,193969,12,16.14,17611.83,2023-10-14,0,0
CUST102662,39,Lucknow,Self-Employed,24899,619,Personal Loan,52197,12,13.17,4666.26,2024-01-22,269,1
CUST102663,56,Ahmedabad,Salaried,44420,505,Gold Loan,56692,6,9.29,9706.33,2024-10-29,0,0
CUST102664,43,Bengaluru,Business Owner,35000,720,Home Loan,652621,120,11.17,9052.77,2023-12-08,0,0
CUST102665,33,Chennai,Business Owner,53202,648,Personal Loan,496963,36,16.4,17570.04,2023-12-17,0,0
CUST102666,44,Lucknow,Salaried,37277,741,Business Loan,314159,60,13.16,7173.84,2023-09-01,0,0
CUST102667,48,Kolkata,Self-Employed,27915,644,Gold Loan,54222,6,11.52,9343.06,2024-05-06,0,0
CUST102668,30,Delhi,Business Owner,37578,649,Gold Loan,235063,24,9.89,10835.03,2023-12-06,136,1
CUST102669,35,Ahmedabad,Salaried,93238,586,Home Loan,1871248,300,11.41,18897.63,2024-02-21,0,0
CUST102670,58,Pune,Salaried,60168,565,Gold Loan,115875,24,10.79,5389.39,2023-07-19,0,0
CUST102671,51,Mumbai,Self-Employed,30016,716,Personal Loan,284573,48,16.26,8102.82,2023-12-31,0,0
CUST102672,36,Jaipur,Salaried,30637,718,Gold Loan,91926,12,11.02,8125.43,2023-10-11,145,1
CUST102673,33,Ahmedabad,Salaried,40254,628,Personal Loan,89108,48,18.89,2659.17,2023-12-04,164,1
CUST102674,31,Jaipur,Salaried,100665,793,Business Loan,347054,24,11.64,16278.75,2023-07-20,339,1
CUST102675,37,Mumbai,Business Owner,45967,773,Personal Loan,270452,24,17.63,13453.77,2023-07-07,0,0
CUST102676,28,Hyderabad,Salaried,53616,823,Home Loan,1635497,180,10.7,18282.08,2023-10-16,0,0
CUST102677,49,Ahmedabad,Self-Employed,73828,610,Home Loan,1613686,180,10.03,17370.38,2023-10-11,1,0
CUST102678,32,Hyderabad,Business Owner,72771,860,Personal Loan,155310,24,12.58,7353.12,2023-03-23,0,0
CUST102679,49,Delhi,Salaried,65367,569,Personal Loan,346573,24,17.26,17178.68,2024-11-11,15,0
CUST102680,26,Jaipur,Salaried,64816,696,Gold Loan,218267,18,9.63,13071.32,2024-10-21,0,0
CUST102681,58,Lucknow,Business Owner,58961,900,Business Loan,302579,24,14.41,14586.37,2023-09-05,0,0
CUST102682,37,Bengaluru,Salaried,93891,730,Business Loan,408523,60,15.67,9863.0,2024-04-04,0,0
CUST102683,36,Delhi,Salaried,56754,484,Personal Loan,157500,24,15.03,7638.89,2023-06-15,0,0
CUST102684,33,Lucknow,Business Owner,77545,686,Gold Loan,348931,12,9.28,30559.86,2024-04-21,0,0
CUST102685,44,Kolkata,Self-Employed,58592,658,Home Loan,1214084,180,11.37,14082.62,2024-10-09,0,0
CUST102686,46,Jaipur,Salaried,72085,669,Home Loan,1480220,120,9.04,18782.86,2023-08-05,0,0
CUST102687,34,Hyderabad,Salaried,33527,669,Vehicle Loan,179353,36,11.1,5880.28,2023-04-19,0,0
CUST102688,21,Delhi,Business Owner,51802,734,Personal Loan,189709,24,12.16,8944.44,2023-11-16,0,0
CUST102689,42,Jaipur,Salaried,100469,533,Home Loan,3234356,300,11.35,32522.07,2024-11-09,0,0
CUST102690,37,Ahmedabad,Salaried,35090,799,Home Loan,761234,240,9.44,7065.9,2024-03-14,7,0
CUST102691,29,Pune,Self-Employed,76333,742,Personal Loan,698828,48,18.57,20736.8,2024-11-06,0,0
CUST102692,31,Mumbai,Salaried,35000,823,Home Loan,1542876,300,8.6,12527.8,2023-02-12,0,0
CUST102693,31,Pune,Salaried,172604,651,Gold Loan,1128005,24,9.97,52036.09,2023-01-20,7,0
CUST102694,37,Pune,Salaried,54981,725,Business Loan,155434,12,15.7,14080.6,2023-07-25,0,0
CUST102695,32,Ahmedabad,Salaried,41616,742,Vehicle Loan,234323,24,13.87,11236.14,2023-05-31,1,0
CUST102696,41,Ahmedabad,Business Owner,89842,601,Vehicle Loan,779479,36,13.46,26436.77,2024-04-17,151,1
CUST102697,37,Mumbai,Salaried,107648,765,Personal Loan,494844,48,15.32,13852.28,2024-03-29,30,0
CUST102698,29,Kolkata,Salaried,33061,736,Personal Loan,89019,24,17.88,4439.03,2023-01-12,0,0
CUST102699,34,Chennai,Salaried,82270,700,Vehicle Loan,537304,48,11.37,13983.64,2024-11-23,0,0
CUST102700,37,Pune,Salaried,60941,741,Gold Loan,60430,12,10.0,5312.76,2024-03-25,0,0
CUST102701,38,Mumbai,Business Owner,20000,780,Personal Loan,48685,12,15.34,4402.04,2024-09-18,0,0
CUST102702,38,Ahmedabad,Salaried,50715,642,Personal Loan,122005,48,18.43,3611.37,2024-05-07,164,1
CUST102703,39,Ahmedabad,Business Owner,63640,659,Home Loan,1543738,180,11.13,17672.3,2023-06-12,0,0
CUST102704,46,Ahmedabad,Salaried,30490,705,Personal Loan,286146,36,15.72,10020.53,2024-08-12,0,0
CUST102705,24,Hyderabad,Salaried,52227,614,Personal Loan,354993,24,18.33,17779.36,2023-03-20,206,1
CUST102706,35,Ahmedabad,Salaried,52509,726,Home Loan,1813278,300,10.26,16810.77,2023-03-04,0,0
CUST102707,39,Mumbai,Self-Employed,55235,811,Business Loan,430658,36,15.3,14992.25,2024-11-16,15,0
CUST102708,42,Bengaluru,Salaried,53106,503,Gold Loan,173890,18,10.71,10500.26,2024-07-21,0,0
CUST102709,35,Kolkata,Self-Employed,28388,601,Personal Loan,73157,12,18.89,6738.06,2023-02-07,0,0
CUST102710,37,Kolkata,Business Owner,52410,759,Vehicle Loan,280648,36,12.97,9452.09,2024-04-20,0,0
CUST102711,39,Kolkata,Salaried,80122,512,Business Loan,645860,36,13.08,21786.47,2024-06-30,0,0
CUST102712,37,Delhi,Self-Employed,49208,620,Personal Loan,73568,24,16.44,3617.6,2024-02-22,0,0
CUST102713,29,Jaipur,Salaried,23546,681,Gold Loan,121180,24,12.54,5734.97,2023-03-24,0,0
CUST102714,21,Ahmedabad,Self-Employed,55445,727,Gold Loan,61169,24,12.27,2887.16,2024-07-17,0,0
CUST102715,44,Delhi,Self-Employed,44455,708,Gold Loan,142892,12,10.02,12563.81,2023-04-30,30,0
CUST102716,47,Jaipur,Salaried,41870,568,Personal Loan,79135,36,14.53,2725.06,2024-03-16,0,0
CUST102717,45,Jaipur,Salaried,49762,740,Gold Loan,96393,12,9.29,8442.68,2024-04-24,0,0
CUST102718,51,Jaipur,Salaried,36468,650,Vehicle Loan,384016,36,11.56,12674.28,2024-09-04,0,0
CUST102719,21,Hyderabad,Salaried,40697,818,Vehicle Loan,261252,24,13.17,12441.27,2023-11-28,247,1
CUST102720,54,Pune,Salaried,32663,735,Gold Loan,129158,24,10.29,5977.29,2024-07-01,30,0
CUST102721,39,Chennai,Business Owner,78431,671,Home Loan,2249646,300,10.81,21740.75,2023-04-08,1,0
CUST102722,48,Kolkata,Self-Employed,32808,651,Gold Loan,50941,6,12.97,8814.22,2023-04-05,0,0
CUST102723,44,Pune,Business Owner,34294,895,Business Loan,393932,60,12.87,8936.97,2023-03-06,0,0
CUST102724,37,Bengaluru,Salaried,25900,585,Business Loan,67276,12,14.99,6071.9,2024-08-20,0,0
CUST102725,34,Bengaluru,Salaried,35013,608,Personal Loan,52002,24,14.64,2512.52,2024-03-28,0,0
CUST102726,54,Ahmedabad,Salaried,35000,760,Home Loan,1421788,240,10.73,14415.18,2023-07-24,145,1
CUST102727,44,Hyderabad,Self-Employed,20000,546,Personal Loan,94301,36,12.88,3171.93,2023-07-05,0,0
CUST102728,21,Mumbai,Salaried,111865,641,Personal Loan,451605,24,13.97,21676.46,2023-10-25,148,1
CUST102729,46,Kolkata,Salaried,54720,701,Gold Loan,229256,24,9.39,10514.57,2023-11-19,0,0
CUST102730,35,Bengaluru,Salaried,78433,684,Personal Loan,270933,24,18.91,13645.51,2023-08-04,0,0
CUST102731,50,Pune,Salaried,32020,842,Gold Loan,112797,24,9.36,5171.75,2024-07-21,0,0
CUST102732,41,Bengaluru,Salaried,44059,708,Vehicle Loan,693250,60,13.08,15801.97,2023-01-27,0,0
CUST102733,45,Ahmedabad,Salaried,76672,709,Personal Loan,249591,48,11.59,6522.56,2023-10-15,0,0
CUST102734,43,Mumbai,Self-Employed,68722,618,Personal Loan,162901,36,12.89,5480.15,2023-05-22,0,0
CUST102735,48,Hyderabad,Salaried,58699,805,Home Loan,1704814,180,10.01,18330.45,2024-03-11,15,0
CUST102736,41,Mumbai,Salaried,44898,598,Personal Loan,122353,36,15.12,4248.6,2024-06-19,0,0
CUST102737,27,Kolkata,Self-Employed,51448,769,Gold Loan,100375,6,9.31,17186.36,2023-09-11,153,1
CUST102738,41,Bengaluru,Salaried,40144,694,Vehicle Loan,182489,24,9.98,8419.26,2023-10-08,0,0
CUST102739,29,Jaipur,Salaried,191102,720,Home Loan,6120720,240,10.92,62844.46,2023-10-02,1,0
CUST102740,52,Hyderabad,Salaried,35000,691,Home Loan,1393561,180,9.37,14442.79,2023-05-30,0,0
CUST102741,39,Kolkata,Self-Employed,35000,580,Home Loan,1148079,180,8.51,11312.32,2023-09-14,0,0
CUST102742,25,Lucknow,Salaried,159415,584,Vehicle Loan,177586,24,12.46,8397.79,2024-10-15,0,0
CUST102743,31,Lucknow,Salaried,64502,599,Personal Loan,207939,24,16.4,10221.13,2024-06-07,1,0
CUST102744,50,Mumbai,Self-Employed,34463,649,Business Loan,124237,12,12.76,11082.53,2024-09-14,0,0
CUST102745,34,Delhi,Self-Employed,128246,597,Home Loan,1699103,240,8.97,15254.5,2023-04-16,0,0
CUST102746,24,Ahmedabad,Business Owner,37908,678,Gold Loan,156648,24,12.83,7434.83,2024-10-01,30,0
CUST102747,40,Lucknow,Business Owner,66734,650,Personal Loan,590272,48,15.06,16445.67,2023-07-10,0,0
CUST102748,41,Bengaluru,Salaried,33071,831,Personal Loan,94471,12,17.39,8633.7,2024-09-18,0,0
CUST102749,29,Chennai,Salaried,38441,597,Home Loan,879412,180,10.87,9923.7,2023-05-26,0,0
CUST102750,44,Delhi,Salaried,58739,778,Business Loan,431453,60,15.72,10428.02,2024-10-10,0,0
CUST102751,54,Delhi,Salaried,87633,690,Personal Loan,290947,24,17.86,14505.59,2024-11-06,1,0
CUST102752,21,Bengaluru,Self-Employed,57783,523,Home Loan,1648041,240,8.97,14796.07,2023-05-10,224,1
CUST102753,37,Delhi,Salaried,54290,653,Personal Loan,562168,48,17.66,16413.98,2024-08-20,7,0
CUST102754,29,Chennai,Business Owner,36293,683,Gold Loan,116131,18,12.88,7129.47,2023-09-11,281,1
CUST102755,43,Jaipur,Self-Employed,72550,609,Gold Loan,85303,6,10.05,14636.8,2023-01-30,0,0
CUST102756,48,Pune,Salaried,62037,559,Vehicle Loan,594346,60,12.12,13256.97,2024-07-25,360,1
CUST102757,43,Lucknow,Salaried,90909,615,Home Loan,1509607,120,11.21,20974.69,2024-11-29,0,0
CUST102758,40,Mumbai,Business Owner,51831,697,Personal Loan,57189,36,17.08,2041.22,2024-09-29,0,0
CUST102759,31,Kolkata,Salaried,47659,768,Home Loan,727344,120,11.1,10060.38,2024-03-05,0,0
CUST102760,56,Hyderabad,Business Owner,49114,642,Personal Loan,95978,36,13.09,3238.04,2024-08-07,0,0
CUST102761,21,Mumbai,Self-Employed,60521,635,Personal Loan,332134,36,13.96,11345.1,2023-03-06,0,0
CUST102762,21,Hyderabad,Salaried,25178,517,Personal Loan,64911,48,17.1,1876.37,2023-05-14,300,1
CUST102763,43,Chennai,Salaried,25000,704,Business Loan,154754,24,14.17,7442.62,2023-07-08,7,0
CUST102764,32,Hyderabad,Salaried,36335,658,Personal Loan,80886,24,13.79,3875.55,2023-07-14,0,0
CUST102765,34,Jaipur,Salaried,31328,755,Gold Loan,79093,24,10.83,3680.11,2023-09-07,30,0
CUST102766,21,Hyderabad,Business Owner,35000,858,Home Loan,1349812,180,10.34,14787.2,2024-01-14,0,0
CUST102767,46,Ahmedabad,Salaried,55892,849,Personal Loan,142930,48,14.42,3935.95,2023-01-03,0,0
CUST102768,44,Ahmedabad,Salaried,28004,620,Gold Loan,54311,18,11.55,3300.65,2023-05-25,0,0
CUST102769,59,Delhi,Self-Employed,35000,772,Home Loan,1188460,180,11.33,13755.29,2024-11-26,0,0
CUST102770,24,Lucknow,Salaried,40517,894,Personal Loan,359369,36,16.51,12725.02,2024-01-21,0,0
CUST102771,43,Mumbai,Salaried,72983,822,Home Loan,3129231,240,9.36,28883.05,2024-06-28,1,0
CUST102772,39,Pune,Business Owner,68964,785,Gold Loan,227628,12,10.87,20104.34,2024-02-11,125,1
CUST102773,45,Chennai,Business Owner,93195,637,Vehicle Loan,743400,48,13.32,20061.83,2023-09-11,193,1
CUST102774,49,Ahmedabad,Business Owner,101157,799,Business Loan,672979,24,11.8,31616.64,2024-02-06,0,0
CUST102775,31,Pune,Salaried,32087,707,Gold Loan,83924,24,12.97,3988.72,2024-05-01,15,0
CUST102776,22,Chennai,Self-Employed,34294,739,Gold Loan,51833,6,12.95,8968.05,2023-07-08,0,0
CUST102777,43,Bengaluru,Salaried,78923,637,Home Loan,1869980,300,9.39,16195.19,2023-07-30,0,0
CUST102778,34,Hyderabad,Salaried,101955,648,Gold Loan,90569,12,12.96,8087.68,2024-10-12,221,1
CUST102779,49,Chennai,Self-Employed,82077,634,Business Loan,371454,60,15.42,8918.97,2023-03-14,0,0
CUST102780,40,Lucknow,Salaried,42869,713,Home Loan,1523118,240,11.09,15814.84,2023-08-02,0,0
CUST102781,41,Chennai,Salaried,55342,563,Personal Loan,352747,36,15.96,12394.57,2023-04-25,1,0
CUST102782,41,Mumbai,Salaried,25000,610,Business Loan,162880,24,17.26,8073.52,2024-10-21,0,0
CUST102783,45,Jaipur,Self-Employed,56778,785,Gold Loan,136532,6,9.35,23379.9,2024-11-18,0,0
CUST102784,24,Chennai,Salaried,73630,827,Gold Loan,256673,24,12.97,12199.09,2023-01-17,1,0
CUST102785,26,Lucknow,Salaried,49940,764,Business Loan,389514,36,11.21,12790.96,2024-09-27,0,0
CUST102786,45,Bengaluru,Self-Employed,28075,727,Personal Loan,63505,12,11.81,5636.7,2023-10-15,0,0
CUST102787,23,Lucknow,Business Owner,64466,555,Vehicle Loan,475651,24,12.02,22394.99,2024-08-15,324,1
CUST102788,48,Pune,Salaried,79303,597,Business Loan,285792,12,14.64,25746.58,2024-07-11,0,0
CUST102789,23,Lucknow,Salaried,64825,649,Gold Loan,273705,18,10.4,16488.38,2024-03-13,0,0
CUST102790,37,Jaipur,Self-Employed,86791,706,Personal Loan,627016,24,16.28,30784.61,2023-11-26,0,0
CUST102791,44,Bengaluru,Salaried,25000,594,Business Loan,333961,60,16.82,8267.5,2024-08-10,0,0
CUST102792,30,Jaipur,Self-Employed,70706,788,Personal Loan,371236,48,16.87,10687.08,2024-07-03,0,0
CUST102793,34,Chennai,Salaried,23590,707,Personal Loan,53791,12,12.38,4788.83,2024-02-09,1,0
CUST102794,29,Bengaluru,Salaried,35000,646,Home Loan,916907,300,10.42,8604.93,2023-04-27,0,0
CUST102795,22,Delhi,Salaried,20802,662,Vehicle Loan,131951,36,12.0,4382.66,2023-12-04,0,0
CUST102796,27,Hyderabad,Self-Employed,85342,707,Home Loan,1574555,180,10.04,16958.8,2023-10-14,0,0
CUST102797,44,Pune,Self-Employed,48614,888,Home Loan,1417053,120,11.05,19560.03,2023-06-13,0,0
CUST102798,36,Jaipur,Self-Employed,61786,589,Gold Loan,75115,18,11.93,4578.22,2024-08-20,0,0
CUST102799,35,Delhi,Salaried,35498,716,Personal Loan,238838,24,17.62,11879.97,2023-01-26,0,0
CUST102800,21,Hyderabad,Salaried,41355,669,Business Loan,322713,60,13.85,7483.89,2023-07-12,0,0
CUST102801,31,Chennai,Salaried,68713,769,Home Loan,1874778,300,9.43,16288.74,2024-10-22,331,1
CUST102802,50,Jaipur,Self-Employed,61924,625,Home Loan,1268346,180,8.52,12504.78,2023-01-23,0,0
CUST102803,30,Lucknow,Self-Employed,39626,660,Gold Loan,134643,24,9.49,6181.45,2024-10-18,0,0
CUST102804,34,Delhi,Business Owner,20000,601,Personal Loan,73763,12,12.47,6569.98,2023-11-22,0,0
CUST102805,48,Lucknow,Salaried,78458,689,Home Loan,2506618,240,11.31,26403.91,2024-08-05,0,0
CUST102806,42,Bengaluru,Salaried,25000,694,Business Loan,89065,12,13.32,7968.42,2024-08-29,0,0
CUST102807,38,Kolkata,Salaried,36774,858,Personal Loan,184683,48,16.18,5251.01,2023-09-19,0,0
CUST102808,32,Jaipur,Business Owner,88049,749,Gold Loan,438341,12,9.03,38339.67,2023-08-05,176,1
CUST102809,50,Chennai,Self-Employed,66921,730,Business Loan,787742,36,12.93,26515.59,2024-01-04,0,0
CUST102810,34,Chennai,Salaried,20000,618,Personal Loan,55577,12,15.12,5019.43,2024-03-17,0,0
CUST102811,50,Lucknow,Business Owner,33041,677,Personal Loan,78226,48,13.59,2121.59,2023-04-24,0,0
CUST102812,39,Kolkata,Salaried,44970,627,Gold Loan,71248,6,10.26,12232.54,2023-10-24,0,0
CUST102813,47,Bengaluru,Salaried,89262,666,Personal Loan,291885,48,13.48,7900.26,2023-07-07,0,0
CUST102814,41,Ahmedabad,Salaried,62433,545,Gold Loan,82556,6,12.04,14246.53,2023-01-29,0,0
CUST102815,33,Delhi,Salaried,63602,407,Home Loan,2110254,300,10.28,19593.98,2024-09-11,229,1
CUST102816,41,Jaipur,Salaried,64859,768,Home Loan,1789885,240,8.79,15863.12,2024-02-29,0,0
CUST102817,30,Kolkata,Business Owner,32419,732,Personal Loan,59485,36,12.25,1982.86,2024-02-28,30,0
CUST102818,26,Chennai,Salaried,64352,707,Gold Loan,71530,12,9.79,6281.64,2023-07-19,0,0
CUST102819,28,Pune,Business Owner,26134,630,Business Loan,60686,12,17.67,5554.17,2023-08-19,0,0
CUST102820,43,Ahmedabad,Salaried,43602,633,Home Loan,1546101,300,9.65,13669.79,2023-04-01,0,0
CUST102821,31,Bengaluru,Self-Employed,63614,842,Home Loan,1501086,240,10.62,15107.73,2024-09-21,0,0
CUST102822,30,Ahmedabad,Business Owner,60148,695,Home Loan,1631898,300,10.0,14829.07,2023-12-26,0,0
CUST102823,41,Delhi,Salaried,51450,730,Home Loan,1090427,240,10.21,10675.02,2023-03-16,0,0
CUST102824,43,Ahmedabad,Business Owner,26742,721,Personal Loan,79439,48,13.54,2152.5,2024-09-10,0,0
CUST102825,21,Delhi,Salaried,67003,733,Personal Loan,274646,24,18.0,13711.45,2024-07-03,0,0
CUST102826,45,Kolkata,Salaried,61847,756,Personal Loan,61721,12,16.21,5606.13,2024-07-04,364,1
CUST102827,57,Chennai,Salaried,53590,652,Vehicle Loan,520940,48,13.62,14136.35,2024-07-03,0,0
CUST102828,46,Kolkata,Salaried,39065,858,Business Loan,316404,24,13.7,15146.66,2023-03-01,352,1
CUST102829,46,Lucknow,Salaried,40038,605,Vehicle Loan,246027,24,12.24,11608.94,2024-03-29,342,1
CUST102830,49,Mumbai,Salaried,33640,721,Vehicle Loan,153621,24,10.51,7125.05,2024-07-16,0,0
CUST102831,34,Pune,Self-Employed,62254,583,Personal Loan,562187,48,11.65,14708.11,2023-11-26,0,0
CUST102832,43,Mumbai,Business Owner,88271,559,Gold Loan,150606,12,12.27,13400.19,2024-03-14,225,1
CUST102833,33,Hyderabad,Self-Employed,54188,707,Personal Loan,131921,36,15.57,4609.99,2023-04-07,0,0
CUST102834,39,Hyderabad,Self-Employed,35000,825,Home Loan,978010,120,10.2,13033.03,2024-10-26,0,0
CUST102835,36,Hyderabad,Self-Employed,51787,709,Home Loan,1315576,240,9.84,12556.45,2024-02-02,1,0
CUST102836,57,Hyderabad,Salaried,88891,558,Gold Loan,262481,18,11.55,15951.81,2024-09-11,0,0
CUST102837,48,Bengaluru,Self-Employed,45964,798,Personal Loan,68174,12,15.03,6154.24,2023-07-15,1,0
CUST102838,43,Mumbai,Salaried,65665,704,Business Loan,335630,60,14.77,7944.15,2023-09-29,139,1
CUST102839,52,Bengaluru,Self-Employed,42943,865,Personal Loan,289988,36,18.99,10628.34,2024-03-03,0,0
CUST102840,60,Chennai,Salaried,91415,680,Business Loan,624958,36,11.6,20638.35,2023-04-08,0,0
CUST102841,55,Bengaluru,Salaried,108118,572,Home Loan,2267565,300,10.96,22159.16,2024-09-27,0,0
CUST102842,38,Jaipur,Business Owner,32293,811,Personal Loan,331033,48,16.59,9481.9,2023-10-28,145,1
CUST102843,38,Pune,Salaried,78962,814,Personal Loan,207122,12,11.92,18394.79,2023-05-07,0,0
CUST102844,22,Hyderabad,Salaried,55438,726,Business Loan,613289,60,14.29,14362.54,2023-07-01,0,0
CUST102845,30,Mumbai,Salaried,77542,659,Personal Loan,541066,24,17.19,26800.95,2024-03-18,0,0
CUST102846,33,Mumbai,Salaried,49804,583,Gold Loan,152366,12,12.6,13580.34,2024-08-29,0,0
CUST102847,21,Lucknow,Salaried,54210,759,Home Loan,1308444,180,11.3,15119.15,2023-11-30,0,0
CUST102848,37,Chennai,Business Owner,58853,635,Home Loan,1627542,180,8.79,16304.91,2023-03-02,344,1
CUST102849,30,Lucknow,Salaried,109565,659,Gold Loan,151487,6,9.08,25920.68,2023-12-06,286,1
CUST102850,41,Mumbai,Self-Employed,74083,646,Gold Loan,205062,24,12.06,9658.73,2023-06-02,0,0
CUST102851,32,Lucknow,Self-Employed,96049,661,Business Loan,446131,24,12.83,21174.27,2023-03-01,0,0
CUST102852,29,Kolkata,Salaried,21535,724,Personal Loan,62272,12,17.24,5686.6,2023-07-14,0,0
CUST102853,21,Kolkata,Salaried,35000,522,Home Loan,1111786,120,11.49,15624.84,2024-08-28,0,0
CUST102854,34,Ahmedabad,Salaried,93204,624,Personal Loan,396477,24,17.35,19669.46,2023-06-14,1,0
CUST102855,29,Kolkata,Salaried,35000,783,Home Loan,642977,120,10.6,8712.05,2024-03-15,7,0
CUST102856,29,Bengaluru,Salaried,55310,838,Gold Loan,152794,18,9.51,9141.93,2024-09-25,0,0
CUST102857,35,Jaipur,Salaried,46599,899,Vehicle Loan,635066,48,11.28,16500.1,2024-06-08,0,0
CUST102858,37,Mumbai,Self-Employed,32158,716,Gold Loan,61744,12,12.9,5511.91,2024-03-29,0,0
CUST102859,22,Chennai,Self-Employed,44694,728,Home Loan,1338796,120,10.91,18373.78,2024-07-17,183,1
CUST102860,34,Pune,Business Owner,149106,728,Business Loan,1028310,60,17.59,25883.5,2024-01-05,0,0
CUST102861,21,Kolkata,Business Owner,60385,662,Gold Loan,192828,18,10.3,11607.34,2023-11-25,0,0
CUST102862,52,Ahmedabad,Salaried,83991,772,Personal Loan,90367,48,16.92,2603.8,2023-01-29,0,0
CUST102863,30,Chennai,Self-Employed,49202,881,Vehicle Loan,389648,36,10.8,12719.7,2023-04-06,0,0
CUST102864,46,Jaipur,Self-Employed,27463,625,Vehicle Loan,321355,36,11.58,10609.24,2023-04-05,0,0
CUST102865,45,Delhi,Business Owner,48605,638,Gold Loan,109645,18,9.5,6559.74,2024-08-12,227,1
CUST102866,38,Delhi,Self-Employed,34673,806,Gold Loan,42669,6,11.82,7358.67,2023-07-27,0,0
CUST102867,26,Kolkata,Salaried,46677,780,Gold Loan,191279,18,9.14,11412.06,2023-03-04,0,0
CUST102868,24,Pune,Self-Employed,25255,708,Business Loan,158275,24,13.13,7534.35,2023-12-21,0,0
CUST102869,29,Jaipur,Salaried,54098,741,Personal Loan,102175,48,13.32,2757.36,2024-05-08,0,0
CUST102870,28,Hyderabad,Self-Employed,95228,742,Gold Loan,154747,12,9.6,13575.95,2024-09-05,0,0
CUST102871,50,Kolkata,Salaried,27517,698,Personal Loan,89481,12,16.42,8136.48,2023-02-28,15,0
CUST102872,51,Hyderabad,Salaried,35000,490,Home Loan,873848,120,9.94,11518.95,2024-02-05,0,0
CUST102873,34,Pune,Salaried,43500,618,Personal Loan,315857,36,16.11,11121.76,2023-02-13,0,0
CUST102874,41,Lucknow,Salaried,32808,716,Personal Loan,110951,12,16.35,10085.07,2023-12-24,0,0
CUST102875,36,Pune,Business Owner,23281,859,Gold Loan,152730,18,11.32,9265.62,2023-06-18,0,0
CUST102876,42,Hyderabad,Salaried,30587,499,Personal Loan,85520,48,16.82,2459.73,2023-02-18,0,0
CUST102877,39,Kolkata,Self-Employed,40340,553,Business Loan,309152,24,14.19,14871.04,2024-11-04,0,0
CUST102878,39,Bengaluru,Salaried,75432,589,Personal Loan,243395,48,16.67,6981.69,2023-08-21,273,1
CUST102879,32,Lucknow,Self-Employed,164500,640,Home Loan,2841158,120,9.26,36391.59,2023-07-30,0,0
CUST102880,31,Pune,Self-Employed,37143,578,Personal Loan,453016,36,11.89,15022.82,2024-08-21,0,0
CUST102881,25,Lucknow,Self-Employed,84314,762,Personal Loan,521244,36,13.63,17721.36,2024-07-13,30,0
CUST102882,29,Ahmedabad,Self-Employed,86479,542,Vehicle Loan,489519,48,12.91,13110.71,2024-05-27,30,0
CUST102883,29,Pune,Self-Employed,22157,693,Gold Loan,66551,24,9.73,3062.7,2023-08-20,299,1
CUST102884,45,Pune,Salaried,35000,692,Home Loan,798648,240,9.04,7206.2,2023-06-30,0,0
CUST102885,45,Kolkata,Salaried,117035,694,Gold Loan,160585,12,10.86,14182.28,2023-06-26,137,1
CUST102886,40,Hyderabad,Salaried,76028,732,Home Loan,1906752,120,8.64,23784.0,2023-07-12,0,0
CUST102887,54,Mumbai,Salaried,76509,735,Vehicle Loan,212189,36,12.31,7079.17,2024-09-29,0,0
CUST102888,42,Chennai,Salaried,38433,566,Vehicle Loan,368441,60,11.73,8145.59,2023-10-07,15,0
CUST102889,36,Jaipur,Salaried,31244,681,Business Loan,172880,24,15.31,8407.86,2023-03-05,0,0
CUST102890,39,Delhi,Salaried,42290,821,Personal Loan,204102,24,13.04,9707.22,2023-02-06,15,0
CUST102891,33,Bengaluru,Business Owner,22777,711,Vehicle Loan,254053,60,12.9,5767.49,2023-10-25,0,0
CUST102892,44,Ahmedabad,Salaried,46241,706,Personal Loan,442357,48,15.69,12466.4,2023-01-18,0,0
CUST102893,43,Mumbai,Salaried,78821,704,Personal Loan,439266,36,16.07,15458.47,2023-04-17,0,0
CUST102894,33,Lucknow,Salaried,35000,855,Home Loan,804541,240,9.78,7647.09,2024-04-08,0,0
CUST102895,39,Kolkata,Salaried,40281,756,Personal Loan,143667,24,17.88,7164.12,2023-08-04,0,0
CUST102896,40,Ahmedabad,Self-Employed,54474,768,Vehicle Loan,365737,48,11.87,9607.93,2023-04-13,0,0
CUST102897,33,Hyderabad,Salaried,82402,662,Personal Loan,373424,48,12.13,9857.54,2023-09-11,0,0
CUST102898,44,Pune,Self-Employed,80097,777,Business Loan,288844,12,12.56,25739.17,2024-03-15,0,0
CUST102899,41,Chennai,Salaried,31278,660,Vehicle Loan,190089,24,12.3,8974.8,2024-09-24,0,0
CUST102900,31,Jaipur,Salaried,43328,773,Vehicle Loan,544976,48,9.74,13754.05,2023-05-29,15,0
CUST102901,45,Mumbai,Salaried,39794,698,Gold Loan,174034,24,11.97,8189.95,2024-07-28,0,0
CUST102902,21,Mumbai,Salaried,51853,546,Gold Loan,77999,6,12.37,13472.86,2023-06-07,15,0
CUST102903,30,Jaipur,Self-Employed,55199,771,Home Loan,1604942,240,9.49,14949.69,2024-04-30,0,0
CUST102904,39,Pune,Salaried,82680,775,Personal Loan,55965,12,18.69,5149.27,2024-03-17,0,0
CUST102905,34,Chennai,Self-Employed,59853,636,Personal Loan,103192,36,12.76,3465.03,2024-09-25,0,0
CUST102906,40,Kolkata,Salaried,73017,552,Personal Loan,213987,24,12.5,10123.15,2024-07-22,0,0
CUST102907,50,Jaipur,Salaried,38266,655,Personal Loan,370447,36,16.67,13146.69,2023-04-23,0,0
CUST102908,40,Hyderabad,Salaried,20000,900,Personal Loan,120020,36,14.87,4152.9,2023-02-21,0,0
CUST102909,44,Lucknow,Self-Employed,23596,835,Gold Loan,101753,12,11.48,9015.9,2023-02-04,0,0
CUST102910,47,Kolkata,Salaried,24853,439,Gold Loan,82125,12,12.5,7315.93,2023-08-21,280,1
CUST102911,50,Bengaluru,Salaried,35000,685,Home Loan,874477,180,11.3,10104.63,2023-01-10,0,0
CUST102912,48,Chennai,Salaried,36073,806,Personal Loan,234988,48,12.95,6298.31,2024-09-27,0,0
CUST102913,32,Ahmedabad,Salaried,69292,545,Business Loan,371700,60,11.66,8204.54,2024-06-12,0,0
CUST102914,37,Ahmedabad,Self-Employed,35142,772,Home Loan,955317,240,8.62,8363.16,2023-12-02,0,0
CUST102915,34,Pune,Salaried,34363,642,Vehicle Loan,187291,48,13.94,5112.37,2023-04-12,0,0
CUST102916,45,Mumbai,Self-Employed,48382,798,Home Loan,1407816,240,8.76,12450.01,2024-10-21,0,0
CUST102917,21,Kolkata,Salaried,16690,842,Gold Loan,39987,6,12.27,6905.03,2024-04-15,0,0
CUST102918,37,Chennai,Salaried,55976,836,Personal Loan,142225,48,16.42,4061.36,2024-07-16,0,0
CUST102919,24,Lucknow,Salaried,81156,563,Business Loan,302561,60,12.18,6757.86,2023-11-02,0,0
CUST102920,34,Delhi,Salaried,47040,805,Home Loan,1269367,120,8.85,15976.94,2024-08-22,0,0
CUST102921,39,Lucknow,Self-Employed,42422,696,Home Loan,1003064,240,10.32,9893.4,2024-05-21,117,1
CUST102922,36,Chennai,Self-Employed,27159,704,Business Loan,90630,12,16.87,8260.3,2023-04-06,0,0
CUST102923,35,Pune,Salaried,61190,602,Personal Loan,86654,12,18.78,7976.64,2024-05-10,0,0
CUST102924,31,Ahmedabad,Business Owner,66754,769,Personal Loan,50561,36,13.99,1727.81,2024-08-24,0,0
CUST102925,31,Lucknow,Salaried,50684,687,Personal Loan,351332,24,18.21,17575.6,2023-03-18,112,1
CUST102926,35,Delhi,Salaried,77075,581,Personal Loan,117247,48,17.22,3396.53,2023-11-19,0,0
CUST102927,30,Kolkata,Salaried,35000,752,Home Loan,1273190,300,10.24,11785.59,2024-11-11,0,0
CUST102928,39,Mumbai,Business Owner,32305,729,Personal Loan,55435,24,14.1,2664.21,2023-11-19,0,0
CUST102929,34,Jaipur,Salaried,26115,773,Gold Loan,58385,12,9.36,5115.61,2023-08-23,135,1
CUST102930,27,Ahmedabad,Self-Employed,53003,724,Personal Loan,218425,24,11.62,10243.3,2023-12-02,0,0
CUST102931,29,Pune,Self-Employed,33540,605,Personal Loan,80039,24,13.77,3834.21,2024-06-02,0,0
CUST102932,33,Jaipur,Salaried,103129,519,Vehicle Loan,917100,60,12.02,20409.65,2023-09-27,0,0
CUST102933,45,Kolkata,Salaried,45067,697,Personal Loan,91738,48,15.4,2571.78,2023-12-01,0,0
CUST102934,39,Jaipur,Self-Employed,35323,682,Business Loan,317672,36,13.47,10775.68,2023-02-26,0,0
CUST102935,51,Pune,Salaried,35502,650,Personal Loan,53496,36,13.44,1813.85,2023-02-07,0,0
CUST102936,37,Lucknow,Salaried,51785,593,Personal Loan,112184,12,16.63,10212.03,2023-02-15,0,0
CUST102937,35,Jaipur,Salaried,35000,626,Home Loan,1245347,300,10.69,11927.73,2024-02-15,0,0
CUST102938,21,Kolkata,Self-Employed,42410,629,Personal Loan,114159,12,17.66,10447.63,2024-10-10,0,0
CUST102939,55,Hyderabad,Salaried,35000,702,Home Loan,978328,120,8.75,12261.07,2024-01-09,0,0
CUST102940,44,Hyderabad,Salaried,58837,700,Home Loan,1577438,180,9.7,16662.9,2023-02-16,30,0
CUST102941,28,Chennai,Self-Employed,55240,868,Business Loan,530841,60,14.24,12417.89,2023-09-06,0,0
CUST102942,39,Hyderabad,Self-Employed,56649,705,Business Loan,192955,12,17.79,17670.83,2023-06-24,0,0
CUST102943,54,Jaipur,Salaried,35000,671,Home Loan,572926,120,10.74,7807.97,2024-04-17,0,0
CUST102944,41,Lucknow,Salaried,62673,644,Personal Loan,622887,48,13.54,16877.92,2024-08-20,15,0
CUST102945,35,Kolkata,Business Owner,107230,733,Business Loan,354534,12,17.49,32417.69,2024-11-10,0,0
CUST102946,34,Jaipur,Salaried,46989,715,Personal Loan,299553,24,14.71,14483.08,2024-03-14,1,0
CUST102947,25,Ahmedabad,Self-Employed,61552,610,Home Loan,1621992,240,10.06,15717.11,2024-06-05,0,0
CUST102948,21,Bengaluru,Salaried,93003,716,Personal Loan,210305,12,17.88,19268.75,2024-01-27,0,0
CUST102949,44,Mumbai,Self-Employed,62977,619,Business Loan,516957,60,15.79,12513.78,2023-06-28,0,0
CUST102950,38,Pune,Salaried,50205,681,Business Loan,507688,60,15.86,12308.25,2023-08-30,15,0
CUST102951,33,Chennai,Salaried,41248,802,Home Loan,1507877,300,9.59,13268.73,2024-02-13,0,0
CUST102952,40,Ahmedabad,Salaried,60575,704,Business Loan,308238,24,13.69,14754.29,2024-05-16,0,0
CUST102953,49,Mumbai,Salaried,39207,696,Business Loan,214529,24,17.74,10683.24,2024-01-23,0,0
CUST102954,35,Lucknow,Salaried,34529,644,Personal Loan,65622,12,12.63,5849.79,2023-10-22,15,0
CUST102955,40,Pune,Salaried,61241,727,Personal Loan,392236,48,12.44,10414.02,2023-10-06,0,0
CUST102956,32,Kolkata,Business Owner,50735,689,Home Loan,1486088,180,10.8,16704.67,2024-08-03,0,0
CUST102957,43,Kolkata,Salaried,44172,624,Gold Loan,106991,18,10.77,6463.56,2024-01-28,0,0
CUST102958,30,Hyderabad,Business Owner,204959,698,Business Loan,848098,12,16.24,77045.01,2023-10-31,0,0
CUST102959,27,Pune,Self-Employed,44592,707,Personal Loan,218007,48,18.0,6403.96,2023-12-02,0,0
CUST102960,30,Delhi,Self-Employed,93454,552,Personal Loan,125234,48,17.45,3642.85,2023-04-03,15,0
CUST102961,46,Mumbai,Salaried,70765,627,Personal Loan,251966,12,14.04,22628.04,2023-07-09,0,0
CUST102962,56,Pune,Salaried,93128,577,Business Loan,441068,60,12.61,9947.82,2024-07-30,0,0
CUST102963,40,Mumbai,Business Owner,80389,542,Vehicle Loan,468636,24,11.96,22051.57,2023-02-02,0,0
CUST102964,33,Chennai,Salaried,127929,563,Business Loan,329966,24,17.49,16392.06,2023-08-14,0,0
CUST102965,42,Ahmedabad,Salaried,110676,586,Business Loan,521476,36,13.3,17646.03,2023-04-05,0,0
CUST102966,30,Ahmedabad,Salaried,47258,713,Business Loan,217871,24,13.14,10372.32,2024-07-24,0,0
CUST102967,30,Pune,Business Owner,62134,789,Personal Loan,143580,12,18.14,13172.98,2023-08-24,0,0
CUST102968,37,Pune,Salaried,32766,637,Personal Loan,149763,48,14.95,4164.22,2024-01-08,0,0
CUST102969,22,Bengaluru,Salaried,41315,677,Gold Loan,53582,6,10.16,9196.83,2024-08-13,0,0
CUST102970,34,Chennai,Salaried,31681,680,Business Loan,225943,36,17.01,8056.61,2023-06-28,1,0
CUST102971,53,Ahmedabad,Salaried,20000,649,Personal Loan,109167,36,16.79,3880.7,2023-08-23,0,0
CUST102972,48,Mumbai,Salaried,23003,743,Personal Loan,178793,48,12.33,4737.33,2024-04-24,0,0
CUST102973,34,Delhi,Salaried,16734,615,Gold Loan,51757,12,10.16,4554.11,2024-06-12,0,0
CUST102974,46,Lucknow,Salaried,35281,746,Personal Loan,109621,36,12.13,3647.8,2023-03-23,0,0
CUST102975,48,Jaipur,Salaried,35000,822,Home Loan,1435701,180,8.79,14383.03,2023-06-09,0,0
CUST102976,23,Ahmedabad,Self-Employed,68207,710,Home Loan,1629178,120,10.46,21946.84,2023-04-13,0,0
CUST102977,22,Chennai,Salaried,85780,683,Business Loan,388206,24,12.25,18319.56,2024-02-04,0,0
CUST102978,29,Jaipur,Self-Employed,41847,827,Business Loan,271189,24,12.45,12822.87,2024-09-16,0,0
CUST102979,40,Delhi,Salaried,57248,717,Business Loan,324589,60,14.53,7642.1,2023-04-07,0,0
CUST102980,27,Ahmedabad,Self-Employed,36532,837,Business Loan,187609,24,16.27,9210.14,2023-10-28,0,0
CUST102981,43,Delhi,Salaried,98141,568,Home Loan,1611978,120,9.28,20664.93,2023-12-20,0,0
CUST102982,55,Delhi,Salaried,40052,755,Home Loan,1772172,240,9.13,16093.16,2024-03-01,0,0
CUST102983,38,Kolkata,Salaried,52029,488,Business Loan,304378,36,16.48,10773.3,2024-06-05,0,0
CUST102984,47,Pune,Salaried,47198,650,Personal Loan,97853,48,12.2,2586.46,2023-07-29,0,0
CUST102985,34,Kolkata,Business Owner,32474,756,Vehicle Loan,150892,24,10.36,6988.0,2024-11-20,0,0
CUST102986,30,Pune,Self-Employed,33416,829,Personal Loan,70599,12,17.78,6465.13,2024-10-01,0,0
CUST102987,52,Pune,Self-Employed,69840,633,Personal Loan,220799,48,13.41,5968.51,2024-09-10,0,0
CUST102988,27,Kolkata,Salaried,46339,521,Personal Loan,515465,48,18.36,15238.92,2024-11-03,215,1
CUST102989,48,Jaipur,Salaried,47988,837,Vehicle Loan,654549,60,9.85,13858.97,2024-07-20,0,0
CUST102990,32,Mumbai,Salaried,39727,780,Vehicle Loan,232622,36,11.9,7715.27,2024-02-12,0,0
CUST102991,36,Mumbai,Salaried,35000,545,Home Loan,771978,300,10.88,7499.38,2023-01-12,0,0
CUST102992,31,Hyderabad,Salaried,43171,711,Business Loan,348649,24,15.28,16951.24,2023-11-08,7,0
CUST102993,26,Delhi,Salaried,82217,802,Business Loan,870645,60,15.57,20973.99,2023-07-02,126,1
CUST102994,29,Jaipur,Salaried,65392,624,Business Loan,182575,12,17.77,16718.5,2024-03-08,0,0
CUST102995,38,Pune,Self-Employed,104482,673,Business Loan,315307,36,16.0,11085.26,2023-03-06,0,0
CUST102996,26,Ahmedabad,Business Owner,50418,708,Business Loan,428628,24,14.46,20672.93,2024-08-24,0,0
CUST102997,28,Pune,Business Owner,134261,655,Personal Loan,258322,36,16.89,9195.75,2023-01-23,355,1
CUST102998,21,Ahmedabad,Salaried,86128,751,Gold Loan,164077,12,12.97,14652.6,2023-05-28,0,0
CUST102999,50,Jaipur,Salaried,99014,618,Personal Loan,232016,12,15.94,21044.42,2023-09-03,0,0
CUST103000,25,Pune,Self-Employed,66510,700,Personal Loan,211517,36,13.38,7165.62,2023-04-26,0,0
CUST103001,33,Bengaluru,Self-Employed,63316,674,Personal Loan,74864,24,13.98,3593.73,2023-10-11,0,0
CUST103002,31,Ahmedabad,Self-Employed,20000,607,Personal Loan,87772,36,14.87,3037.06,2024-10-13,0,0
CUST103003,31,Chennai,Self-Employed,47857,770,Personal Loan,107297,12,15.56,9712.82,2023-02-07,1,0
CUST103004,45,Jaipur,Salaried,66937,698,Business Loan,628406,36,12.54,21034.52,2024-04-09,0,0
CUST103005,34,Jaipur,Business Owner,24192,711,Vehicle Loan,187344,36,13.25,6334.94,2024-07-11,0,0
CUST103006,43,Mumbai,Business Owner,56503,673,Gold Loan,65763,6,11.51,11331.38,2024-03-07,0,0
CUST103007,35,Bengaluru,Salaried,20000,644,Vehicle Loan,105426,24,10.97,4912.21,2024-07-15,0,0
CUST103008,37,Lucknow,Salaried,74831,787,Business Loan,631426,60,17.18,15753.74,2024-03-23,0,0
CUST103009,44,Jaipur,Salaried,35561,785,Gold Loan,140193,18,12.27,8566.85,2023-11-08,0,0
CUST103010,31,Chennai,Salaried,85759,602,Home Loan,1709532,240,11.22,17902.26,2023-11-07,15,0
CUST103011,41,Mumbai,Salaried,48581,538,Vehicle Loan,417073,60,10.51,8966.59,2023-05-02,228,1
CUST103012,36,Chennai,Salaried,15619,652,Gold Loan,75282,24,10.87,3504.19,2023-08-27,0,0
CUST103013,35,Hyderabad,Salaried,33718,690,Vehicle Loan,165313,60,13.55,3808.09,2023-12-03,0,0
CUST103014,43,Bengaluru,Business Owner,37380,710,Business Loan,155892,24,17.15,7718.89,2023-08-20,0,0
CUST103015,21,Pune,Self-Employed,68786,635,Business Loan,360409,60,14.8,8536.31,2023-07-03,0,0
CUST103016,37,Bengaluru,Self-Employed,79076,629,Vehicle Loan,541786,24,9.68,24920.73,2024-06-25,0,0
CUST103017,36,Bengaluru,Self-Employed,41646,708,Personal Loan,81596,48,15.71,2300.35,2024-06-20,333,1
CUST103018,35,Lucknow,Salaried,41727,797,Gold Loan,54891,6,12.92,9496.32,2024-07-26,7,0
CUST103019,28,Lucknow,Salaried,34147,840,Vehicle Loan,184397,48,13.59,5001.08,2024-03-21,0,0
CUST103020,37,Lucknow,Self-Employed,30096,700,Personal Loan,65636,12,15.79,5948.69,2024-03-16,0,0
CUST103021,42,Jaipur,Self-Employed,69293,757,Personal Loan,80741,12,13.1,7215.35,2024-07-20,0,0
CUST103022,33,Pune,Salaried,24250,706,Gold Loan,150867,24,9.28,6911.72,2024-08-04,0,0
CUST103023,40,Hyderabad,Self-Employed,72402,676,Personal Loan,419949,36,13.68,14287.68,2023-04-02,0,0
CUST103024,34,Mumbai,Salaried,53040,663,Personal Loan,510131,36,17.4,18289.28,2024-06-11,292,1
CUST103025,35,Mumbai,Self-Employed,67790,685,Gold Loan,156735,6,9.59,26858.01,2024-08-08,0,0
CUST103026,25,Lucknow,Self-Employed,89140,807,Personal Loan,536767,36,11.72,17756.65,2024-11-07,0,0
CUST103027,40,Delhi,Salaried,88709,548,Vehicle Loan,431910,24,12.23,20377.93,2024-04-27,142,1
CUST103028,45,Bengaluru,Salaried,115175,687,Home Loan,3229344,180,8.71,32199.4,2023-01-19,0,0
CUST103029,46,Pune,Salaried,78796,760,Business Loan,197481,12,14.39,17767.51,2024-09-05,0,0
CUST103030,33,Pune,Self-Employed,75767,673,Home Loan,2272176,180,9.66,23946.48,2023-06-02,0,0
CUST103031,43,Hyderabad,Self-Employed,15000,646,Gold Loan,61037,24,11.21,2850.76,2023-03-09,30,0
CUST103032,38,Hyderabad,Salaried,69193,684,Vehicle Loan,266136,60,10.32,5696.6,2024-09-28,0,0
CUST103033,28,Mumbai,Business Owner,95555,724,Business Loan,557404,36,14.99,19319.86,2024-08-01,0,0
CUST103034,36,Ahmedabad,Salaried,101655,900,Business Loan,629485,36,15.67,22028.4,2024-01-23,0,0
CUST103035,24,Chennai,Business Owner,57629,640,Gold Loan,102437,12,12.11,9106.68,2023-03-30,0,0
CUST103036,42,Kolkata,Business Owner,64786,690,Gold Loan,221666,12,10.25,19513.75,2023-02-06,0,0
CUST103037,41,Lucknow,Salaried,73691,626,Personal Loan,171137,24,15.06,8302.74,2023-06-27,0,0
CUST103038,46,Bengaluru,Salaried,48897,603,Home Loan,1972785,240,10.92,20255.56,2024-03-03,155,1
CUST103039,44,Jaipur,Business Owner,71051,760,Gold Loan,205546,18,11.84,12519.34,2024-07-24,0,0
CUST103040,21,Hyderabad,Salaried,67217,690,Personal Loan,164189,36,14.09,5618.77,2023-03-05,0,0
CUST103041,47,Kolkata,Salaried,126562,696,Personal Loan,994281,48,15.29,27817.97,2024-02-17,150,1
CUST103042,42,Pune,Salaried,38854,521,Personal Loan,192860,36,16.97,6873.11,2023-03-01,0,0
CUST103043,41,Lucknow,Salaried,67786,779,Business Loan,333948,12,11.2,29546.04,2024-09-07,125,1
CUST103044,40,Mumbai,Self-Employed,94189,750,Home Loan,2076402,300,8.79,17127.47,2023-07-13,0,0
CUST103045,40,Kolkata,Salaried,73480,667,Gold Loan,62752,24,11.08,2927.07,2023-03-07,30,0
CUST103046,62,Mumbai,Salaried,27974,679,Personal Loan,83160,12,15.11,7510.2,2023-12-06,0,0
CUST103047,21,Chennai,Self-Employed,46963,706,Personal Loan,217297,24,12.34,10263.46,2024-10-12,0,0
CUST103048,26,Kolkata,Salaried,35000,780,Home Loan,574571,120,10.12,7631.23,2023-04-06,0,0
CUST103049,25,Kolkata,Business Owner,114939,895,Business Loan,1027059,36,17.64,36945.43,2024-02-15,0,0
CUST103050,31,Bengaluru,Self-Employed,66735,712,Vehicle Loan,231570,24,9.64,10647.34,2024-05-16,0,0
CUST103051,45,Ahmedabad,Self-Employed,70188,565,Personal Loan,114532,24,15.09,5558.17,2023-10-17,0,0
CUST103052,43,Chennai,Salaried,36647,729,Personal Loan,90936,48,11.63,2378.21,2024-04-27,0,0
CUST103053,40,Delhi,Salaried,24480,775,Personal Loan,86653,12,12.91,7735.95,2024-09-06,0,0
CUST103054,36,Lucknow,Salaried,37406,611,Personal Loan,107370,24,18.81,5402.47,2023-12-28,0,0
CUST103055,50,Mumbai,Salaried,57133,728,Home Loan,1757418,120,11.07,24278.12,2024-03-25,0,0
CUST103056,21,Kolkata,Business Owner,99984,722,Home Loan,4791080,300,9.06,40403.6,2023-11-19,0,0
CUST103057,43,Delhi,Salaried,59303,626,Gold Loan,84522,18,11.61,5139.03,2023-02-12,0,0
CUST103058,34,Lucknow,Self-Employed,55870,732,Personal Loan,197380,24,15.62,9628.54,2024-06-24,15,0
CUST103059,40,Ahmedabad,Salaried,51894,736,Personal Loan,235270,36,17.35,8429.06,2023-03-20,0,0
CUST103060,47,Chennai,Business Owner,86450,679,Vehicle Loan,467999,24,12.04,22039.08,2024-06-20,0,0
CUST103061,22,Jaipur,Business Owner,73541,697,Business Loan,309849,12,14.97,27962.06,2024-11-13,0,0
CUST103062,42,Pune,Salaried,90352,584,Personal Loan,78038,12,12.73,6960.26,2023-07-01,30,0
CUST103063,21,Lucknow,Self-Employed,33553,668,Business Loan,229721,24,15.47,11189.77,2023-10-07,7,0
CUST103064,44,Pune,Salaried,41272,638,Vehicle Loan,449848,48,13.38,12153.31,2023-12-18,193,1
CUST103065,34,Pune,Business Owner,52941,777,Personal Loan,169969,24,17.23,8422.45,2023-10-05,0,0
CUST103066,28,Jaipur,Self-Employed,53695,682,Personal Loan,449169,36,17.27,16074.52,2024-09-21,0,0
CUST103067,26,Pune,Business Owner,54445,692,Home Loan,1549858,180,9.07,15784.3,2024-10-29,0,0
CUST103068,41,Ahmedabad,Salaried,53455,599,Personal Loan,310475,24,18.7,15605.4,2023-02-11,0,0
CUST103069,37,Hyderabad,Self-Employed,103070,699,Gold Loan,140387,6,10.8,24140.37,2023-05-22,261,1
CUST103070,24,Jaipur,Salaried,20149,654,Vehicle Loan,325143,60,12.23,7270.47,2023-03-05,0,0
CUST103071,34,Chennai,Self-Employed,75966,617,Gold Loan,111673,18,10.81,6748.48,2024-08-19,1,0
CUST103072,43,Chennai,Business Owner,45238,714,Vehicle Loan,160216,60,12.37,3593.94,2024-02-04,0,0
CUST103073,30,Chennai,Salaried,41295,727,Personal Loan,335638,24,16.41,16499.71,2023-02-14,0,0
CUST103074,50,Bengaluru,Salaried,67912,676,Gold Loan,174529,12,10.85,15412.95,2023-06-29,0,0
CUST103075,22,Ahmedabad,Salaried,84631,795,Personal Loan,375061,48,14.86,10411.63,2023-02-26,0,0
CUST103076,29,Hyderabad,Salaried,91526,663,Personal Loan,145007,12,17.16,13236.34,2023-03-02,0,0
CUST103077,38,Jaipur,Salaried,73032,595,Gold Loan,505263,24,9.81,23271.04,2024-09-20,0,0
CUST103078,36,Kolkata,Business Owner,48824,742,Personal Loan,66149,12,14.49,5954.59,2024-01-03,0,0
CUST103079,45,Chennai,Salaried,49406,563,Personal Loan,73617,36,18.83,2692.18,2023-01-22,15,0
CUST103080,35,Jaipur,Salaried,71699,729,Business Loan,338608,60,12.58,7631.77,2023-04-27,0,0
CUST103081,38,Kolkata,Business Owner,20000,672,Personal Loan,103765,48,15.65,2922.16,2024-05-21,344,1
CUST103082,38,Jaipur,Salaried,36295,582,Home Loan,896147,240,10.18,8755.16,2024-04-13,30,0
CUST103083,44,Hyderabad,Self-Employed,65618,671,Business Loan,355236,24,16.0,17393.46,2023-10-13,0,0
CUST103084,24,Bengaluru,Salaried,42091,787,Personal Loan,59745,12,18.5,5491.65,2023-10-01,0,0
CUST103085,35,Kolkata,Salaried,44061,688,Vehicle Loan,486569,48,10.96,12566.18,2023-01-07,0,0
CUST103086,22,Pune,Business Owner,34660,627,Vehicle Loan,168349,60,12.82,3814.96,2023-07-17,252,1
CUST103087,21,Pune,Business Owner,25166,780,Personal Loan,79458,48,18.62,2359.9,2023-04-27,1,0
CUST103088,39,Kolkata,Self-Employed,66118,583,Personal Loan,478053,24,13.14,22758.96,2023-07-26,7,0
CUST103089,44,Lucknow,Self-Employed,144621,639,Home Loan,2250840,180,9.58,23612.6,2023-06-17,0,0
CUST103090,26,Kolkata,Salaried,40179,506,Home Loan,1460055,240,9.66,13762.54,2023-12-27,0,0
CUST103091,34,Jaipur,Salaried,34550,667,Vehicle Loan,162099,60,12.03,3608.26,2023-05-31,0,0
CUST103092,23,Ahmedabad,Self-Employed,105924,514,Gold Loan,673071,24,10.63,31254.89,2023-04-17,0,0
CUST103093,37,Hyderabad,Salaried,39222,451,Personal Loan,234551,48,14.52,6470.8,2024-04-20,125,1
CUST103094,33,Chennai,Self-Employed,61791,610,Gold Loan,198537,12,12.85,17718.82,2024-07-09,0,0
CUST103095,40,Lucknow,Business Owner,35000,625,Home Loan,914871,300,10.45,8605.39,2023-01-26,0,0
CUST103096,38,Chennai,Self-Employed,54413,541,Gold Loan,124523,18,12.91,7646.41,2023-01-12,0,0
CUST103097,62,Bengaluru,Self-Employed,35000,784,Home Loan,1462824,240,9.07,13227.33,2024-03-09,0,0
CUST103098,32,Pune,Business Owner,51984,549,Vehicle Loan,436317,48,13.22,11752.99,2023-05-22,0,0
CUST103099,35,Jaipur,Salaried,74252,623,Home Loan,1751506,300,9.09,14806.67,2023-03-03,0,0
CUST103100,31,Bengaluru,Business Owner,107765,696,Gold Loan,585215,24,12.85,27780.97,2024-01-02,0,0
CUST103101,47,Mumbai,Business Owner,55710,617,Home Loan,1540399,240,10.06,14926.47,2023-09-24,0,0
CUST103102,35,Delhi,Self-Employed,41707,619,Personal Loan,148932,48,16.01,4221.54,2023-08-07,30,0
CUST103103,41,Mumbai,Salaried,89160,680,Gold Loan,195088,18,10.1,11725.4,2023-09-09,0,0
CUST103104,40,Pune,Salaried,52545,649,Personal Loan,563295,36,15.88,19770.43,2023-01-19,206,1
CUST103105,28,Jaipur,Salaried,52513,590,Home Loan,2493417,300,10.47,23488.98,2023-08-17,0,0
CUST103106,43,Lucknow,Self-Employed,21604,782,Personal Loan,84520,24,15.75,4128.27,2023-06-10,0,0
CUST103107,21,Bengaluru,Self-Employed,48885,738,Gold Loan,160757,18,9.66,9629.45,2024-04-28,0,0
CUST103108,40,Pune,Salaried,38675,648,Gold Loan,53743,6,12.83,9295.32,2024-03-04,15,0
CUST103109,26,Kolkata,Self-Employed,43902,600,Personal Loan,107875,12,16.27,9801.38,2024-05-22,0,0
CUST103110,44,Chennai,Salaried,45877,780,Vehicle Loan,178386,48,13.1,4794.51,2023-04-13,0,0
CUST103111,26,Lucknow,Salaried,46106,598,Personal Loan,383137,36,16.34,13534.36,2023-05-15,0,0
CUST103112,27,Hyderabad,Salaried,46587,659,Home Loan,1359575,120,9.33,17466.27,2024-03-07,0,0
CUST103113,29,Bengaluru,Salaried,43285,835,Personal Loan,160320,24,15.31,7797.01,2023-05-29,104,1
CUST103114,50,Pune,Self-Employed,63319,711,Vehicle Loan,225423,24,12.31,10644.11,2023-06-22,0,0
CUST103115,35,Jaipur,Salaried,60429,708,Gold Loan,66205,6,11.04,11392.18,2023-04-05,337,1
CUST103116,31,Delhi,Business Owner,89677,742,Personal Loan,123085,12,13.53,11024.25,2023-01-25,0,0
CUST103117,45,Ahmedabad,Business Owner,25000,605,Business Loan,235693,24,12.48,11147.79,2024-01-26,163,1
CUST103118,52,Chennai,Self-Employed,39112,754,Personal Loan,336582,48,12.84,9002.95,2023-04-22,0,0
CUST103119,34,Hyderabad,Salaried,47839,516,Business Loan,323475,36,13.47,10972.52,2024-02-09,15,0
CUST103120,37,Bengaluru,Self-Employed,42228,708,Personal Loan,305774,48,16.45,8736.35,2023-09-28,0,0
CUST103121,41,Bengaluru,Salaried,35000,559,Home Loan,1217041,180,11.33,14086.09,2023-05-07,0,0
CUST103122,43,Pune,Self-Employed,55106,670,Home Loan,995478,120,8.86,12534.99,2023-06-09,0,0
CUST103123,37,Bengaluru,Salaried,37210,621,Business Loan,303201,60,13.9,7039.25,2024-05-16,0,0
CUST103124,42,Chennai,Salaried,47158,661,Personal Loan,110004,24,12.17,5187.01,2024-02-27,0,0
CUST103125,45,Kolkata,Self-Employed,62978,711,Business Loan,243978,12,12.05,21682.86,2023-04-15,0,0
CUST103126,27,Delhi,Salaried,43297,620,Business Loan,257708,36,13.65,8764.1,2024-08-25,323,1
CUST103127,37,Bengaluru,Self-Employed,76960,678,Personal Loan,556390,36,12.8,18693.42,2024-08-23,0,0
CUST103128,32,Mumbai,Salaried,69242,666,Business Loan,447042,36,13.27,15120.81,2023-03-19,0,0
CUST103129,21,Delhi,Self-Employed,86811,752,Gold Loan,262927,24,11.39,12302.12,2024-02-29,0,0
CUST103130,35,Chennai,Business Owner,37381,637,Vehicle Loan,205775,36,10.81,6718.31,2024-10-09,0,0
CUST103131,34,Hyderabad,Salaried,33751,830,Business Loan,454889,60,11.55,10015.62,2023-09-23,0,0
CUST103132,33,Kolkata,Salaried,45948,672,Gold Loan,53730,6,11.04,9245.55,2023-12-07,15,0
CUST103133,48,Jaipur,Salaried,32683,647,Personal Loan,51605,12,17.42,4716.91,2023-06-07,0,0
CUST103134,38,Jaipur,Self-Employed,32048,863,Vehicle Loan,161176,36,9.89,5192.38,2023-07-21,0,0
CUST103135,22,Mumbai,Self-Employed,56083,714,Business Loan,245226,12,13.08,21912.12,2024-03-08,0,0
CUST103136,43,Bengaluru,Salaried,49876,575,Gold Loan,58836,6,10.28,10102.11,2023-07-25,15,0
CUST103137,41,Pune,Business Owner,35000,630,Home Loan,976750,180,9.38,10128.86,2024-09-14,274,1
CUST103138,40,Kolkata,Self-Employed,43467,780,Personal Loan,91106,12,18.44,8371.69,2023-05-23,0,0
CUST103139,43,Kolkata,Salaried,106811,593,Personal Loan,960040,36,15.37,33454.32,2024-06-17,0,0
CUST103140,50,Hyderabad,Salaried,97751,526,Personal Loan,533333,36,17.83,19235.81,2023-12-30,0,0
CUST103141,49,Hyderabad,Business Owner,38936,708,Personal Loan,395849,48,16.6,11340.48,2024-02-22,0,0
CUST103142,21,Hyderabad,Salaried,75412,721,Home Loan,3215423,300,9.19,27403.29,2024-07-23,0,0
CUST103143,38,Chennai,Salaried,87288,762,Vehicle Loan,825216,60,12.93,18746.64,2023-04-28,30,0
CUST103144,50,Chennai,Salaried,38130,703,Gold Loan,127997,24,12.53,6056.99,2024-10-05,0,0
CUST103145,63,Delhi,Business Owner,42523,717,Personal Loan,92143,24,15.72,4499.29,2024-05-01,0,0
CUST103146,21,Ahmedabad,Self-Employed,26231,682,Personal Loan,65614,12,16.8,5978.08,2023-09-27,0,0
CUST103147,52,Mumbai,Salaried,20000,687,Personal Loan,59234,36,16.19,2088.05,2024-10-20,0,0
CUST103148,36,Ahmedabad,Salaried,56490,827,Personal Loan,485385,36,18.44,17655.15,2024-05-02,247,1
CUST103149,37,Delhi,Self-Employed,83297,626,Home Loan,1699403,180,10.85,19155.6,2023-12-11,1,0
CUST103150,62,Pune,Salaried,44520,640,Personal Loan,676521,48,14.19,18551.48,2024-11-09,0,0
CUST103151,38,Bengaluru,Salaried,76746,693,Business Loan,356128,24,13.25,16972.82,2024-05-15,0,0
CUST103152,58,Lucknow,Business Owner,30933,744,Personal Loan,50233,12,13.64,4501.77,2024-10-11,0,0
CUST103153,36,Pune,Business Owner,62072,705,Personal Loan,231673,36,11.82,7674.96,2024-06-25,0,0
CUST103154,36,Mumbai,Business Owner,25000,642,Business Loan,193718,24,11.74,9095.48,2023-06-15,0,0
CUST103155,34,Kolkata,Salaried,166174,686,Personal Loan,319466,24,13.5,15263.13,2023-11-18,0,0
CUST103156,21,Hyderabad,Business Owner,96622,834,Gold Loan,92542,6,9.24,15841.99,2024-09-20,0,0
CUST103157,45,Jaipur,Business Owner,35000,672,Home Loan,946580,300,9.6,8336.13,2024-07-23,0,0
CUST103158,65,Delhi,Self-Employed,38840,647,Vehicle Loan,184583,36,12.8,6201.56,2024-05-10,0,0
CUST103159,21,Delhi,Salaried,57186,717,Home Loan,1637946,240,10.91,16806.48,2023-08-21,0,0
CUST103160,34,Ahmedabad,Salaried,89838,801,Gold Loan,461928,24,11.71,21682.05,2023-02-26,0,0
CUST103161,23,Bengaluru,Salaried,30521,730,Personal Loan,276654,36,16.39,9779.69,2023-01-13,0,0
CUST103162,31,Pune,Self-Employed,79012,799,Business Loan,319632,12,11.98,28395.93,2023-10-06,0,0
CUST103163,39,Bengaluru,Business Owner,38806,666,Personal Loan,262309,24,13.91,12583.06,2023-03-13,0,0
CUST103164,34,Ahmedabad,Salaried,54864,775,Personal Loan,72109,36,12.05,2396.77,2023-04-19,0,0
CUST103165,27,Lucknow,Salaried,37729,546,Vehicle Loan,406906,48,12.83,10881.97,2023-03-22,0,0
CUST103166,31,Delhi,Salaried,57239,807,Home Loan,1749844,240,10.44,17399.62,2024-06-28,0,0
CUST103167,42,Chennai,Salaried,138623,601,Home Loan,3733290,240,11.09,38763.51,2024-01-08,0,0
CUST103168,44,Jaipur,Salaried,40224,757,Personal Loan,237059,24,14.17,11400.93,2023-08-17,30,0
CUST103169,41,Pune,Salaried,54002,830,Home Loan,1248868,300,9.67,11059.26,2024-06-01,0,0
CUST103170,45,Lucknow,Salaried,122471,719,Gold Loan,220865,18,11.39,13406.3,2023-11-26,0,0
CUST103171,31,Hyderabad,Salaried,39781,762,Personal Loan,323319,36,13.09,10907.92,2024-10-03,0,0
CUST103172,39,Mumbai,Self-Employed,27606,595,Vehicle Loan,177486,48,11.57,4636.5,2023-06-21,0,0
CUST103173,35,Pune,Salaried,52089,720,Business Loan,324378,24,17.92,16181.74,2023-07-08,0,0
CUST103174,35,Hyderabad,Business Owner,26084,810,Vehicle Loan,234779,36,9.75,7548.13,2024-05-06,0,0
CUST103175,30,Ahmedabad,Salaried,59214,653,Personal Loan,102329,24,18.38,5127.49,2023-08-24,0,0
CUST103176,42,Chennai,Self-Employed,74900,727,Personal Loan,267731,24,12.23,12631.8,2023-03-05,0,0
CUST103177,57,Jaipur,Self-Employed,72695,799,Business Loan,504168,24,11.29,23566.12,2023-04-12,0,0
CUST103178,41,Chennai,Salaried,92600,670,Business Loan,300012,12,16.65,27312.71,2024-01-19,346,1
CUST103179,33,Ahmedabad,Self-Employed,40415,682,Personal Loan,318890,48,16.09,9052.14,2023-10-20,0,0
CUST103180,23,Chennai,Salaried,47186,710,Gold Loan,58621,6,9.48,10042.08,2024-09-05,0,0
CUST103181,26,Chennai,Salaried,37436,611,Vehicle Loan,283085,36,13.81,9649.07,2023-05-23,0,0
CUST103182,25,Delhi,Self-Employed,47402,676,Home Loan,1534063,240,8.92,13723.53,2024-02-11,0,0
CUST103183,37,Jaipur,Salaried,48077,829,Personal Loan,118261,24,14.46,5703.78,2023-03-08,279,1
CUST103184,44,Chennai,Self-Employed,26584,681,Gold Loan,50546,12,9.14,4423.6,2024-08-29,0,0
CUST103185,34,Pune,Salaried,34751,594,Vehicle Loan,229196,24,9.72,10546.64,2023-08-18,0,0
CUST103186,37,Bengaluru,Business Owner,50341,621,Business Loan,318952,24,11.95,15006.73,2024-04-27,0,0
CUST103187,53,Mumbai,Self-Employed,129705,609,Home Loan,4558847,180,9.38,47275.06,2024-06-19,226,1
CUST103188,41,Kolkata,Salaried,31691,652,Business Loan,304389,36,17.32,10900.84,2024-11-24,30,0
CUST103189,33,Mumbai,Salaried,57455,748,Business Loan,207492,12,13.31,18562.81,2024-05-09,15,0
CUST103190,22,Chennai,Salaried,36707,723,Vehicle Loan,228718,24,12.76,10847.91,2024-07-24,0,0
CUST103191,31,Jaipur,Salaried,65115,663,Vehicle Loan,386251,36,12.15,12856.75,2024-08-19,0,0
CUST103192,49,Kolkata,Self-Employed,63095,611,Business Loan,189876,12,17.07,17323.9,2023-06-28,0,0
CUST103193,33,Pune,Salaried,77361,721,Business Loan,481309,24,16.95,23785.44,2023-07-06,0,0
CUST103194,42,Lucknow,Salaried,21812,710,Personal Loan,128841,36,17.15,4603.16,2023-06-19,30,0
CUST103195,44,Lucknow,Salaried,39336,735,Vehicle Loan,228347,48,9.91,5781.61,2023-06-23,0,0
CUST103196,46,Hyderabad,Salaried,76728,753,Business Loan,549103,60,17.83,13892.88,2023-07-19,242,1
CUST103197,48,Jaipur,Salaried,55651,713,Business Loan,420670,36,13.03,14180.11,2023-05-06,227,1
CUST103198,29,Mumbai,Salaried,44544,720,Gold Loan,67463,6,11.49,11623.63,2024-07-22,1,0
CUST103199,47,Lucknow,Salaried,60352,605,Gold Loan,504815,24,9.86,23262.04,2023-04-06,0,0
CUST103200,25,Mumbai,Salaried,85666,506,Business Loan,580910,36,12.7,19489.32,2023-09-20,257,1
CUST103201,38,Mumbai,Business Owner,59008,838,Vehicle Loan,333082,24,12.2,15710.45,2024-01-23,0,0
CUST103202,45,Mumbai,Salaried,22143,730,Personal Loan,125267,48,18.16,3690.2,2023-03-27,0,0
CUST103203,21,Chennai,Self-Employed,87608,656,Gold Loan,188590,12,12.38,16789.54,2024-11-19,0,0
CUST103204,49,Mumbai,Business Owner,44105,690,Personal Loan,208141,36,14.96,7211.2,2023-03-02,0,0
CUST103205,51,Kolkata,Business Owner,26469,796,Personal Loan,90334,36,17.04,3222.45,2023-04-18,0,0
CUST103206,38,Ahmedabad,Self-Employed,42547,628,Home Loan,1603529,240,11.41,17001.18,2023-10-09,30,0
CUST103207,35,Jaipur,Business Owner,71555,716,Gold Loan,56335,12,12.04,5006.35,2024-09-19,218,1
CUST103208,25,Jaipur,Salaried,60315,802,Business Loan,273545,12,17.53,25017.46,2023-06-02,342,1
CUST103209,46,Ahmedabad,Salaried,48159,806,Gold Loan,74107,24,10.63,3441.25,2024-11-09,0,0
CUST103210,56,Ahmedabad,Self-Employed,33383,639,Business Loan,216438,24,12.6,10249.24,2024-03-28,0,0
CUST103211,36,Lucknow,Salaried,103863,634,Gold Loan,264358,18,12.99,16242.93,2023-08-22,0,0
CUST103212,49,Pune,Salaried,26129,534,Business Loan,110854,12,13.72,9938.66,2023-08-15,258,1
CUST103213,32,Delhi,Salaried,40144,660,Business Loan,215583,24,11.25,10072.9,2024-03-15,0,0
CUST103214,43,Mumbai,Business Owner,48976,614,Business Loan,379069,60,16.14,9246.44,2023-04-21,0,0
CUST103215,21,Delhi,Self-Employed,36606,740,Business Loan,249922,24,16.63,12312.32,2024-05-16,101,1
CUST103216,32,Hyderabad,Self-Employed,51392,447,Business Loan,411679,36,14.21,14112.24,2023-05-23,0,0
CUST103217,43,Mumbai,Salaried,45050,550,Personal Loan,343257,48,16.21,9764.96,2023-07-18,0,0
CUST103218,40,Bengaluru,Salaried,50162,806,Business Loan,128969,12,13.35,11540.35,2023-12-05,154,1
CUST103219,49,Ahmedabad,Self-Employed,56158,694,Personal Loan,577624,36,13.41,19576.7,2023-11-20,7,0
CUST103220,49,Mumbai,Self-Employed,26386,731,Gold Loan,55701,24,11.95,2620.74,2024-03-29,0,0
CUST103221,51,Mumbai,Salaried,22031,464,Personal Loan,95517,24,18.04,4770.45,2024-08-12,0,0
CUST103222,46,Kolkata,Self-Employed,64993,753,Personal Loan,112541,12,17.24,10277.1,2024-05-02,0,0
CUST103223,52,Hyderabad,Salaried,39110,591,Gold Loan,69477,24,10.81,3232.05,2024-05-27,94,1
CUST103224,37,Delhi,Salaried,104746,518,Personal Loan,102126,12,12.13,9079.98,2023-11-19,0,0
CUST103225,21,Chennai,Salaried,45893,730,Business Loan,333623,24,13.34,15914.38,2024-03-31,0,0
CUST103226,31,Bengaluru,Salaried,58996,679,Business Loan,375059,60,16.95,9311.1,2024-10-23,0,0
CUST103227,36,Ahmedabad,Self-Employed,100073,757,Gold Loan,126690,18,11.62,7703.47,2023-02-19,0,0
CUST103228,36,Delhi,Salaried,36147,657,Personal Loan,253807,36,15.12,8813.23,2024-11-20,0,0
CUST103229,37,Ahmedabad,Salaried,32096,521,Personal Loan,103841,36,18.8,3795.91,2023-09-01,0,0
CUST103230,33,Kolkata,Salaried,108421,705,Personal Loan,270353,12,12.72,24111.69,2024-09-28,0,0
CUST103231,36,Delhi,Salaried,71678,636,Business Loan,508865,36,15.79,17837.47,2024-02-21,0,0
CUST103232,21,Delhi,Self-Employed,69962,671,Personal Loan,196574,12,15.47,17786.06,2023-02-13,0,0
CUST103233,52,Lucknow,Salaried,55362,683,Home Loan,1408678,240,11.27,14799.94,2024-05-02,0,0
CUST103234,28,Delhi,Salaried,35000,757,Home Loan,1168365,240,10.3,11508.18,2023-11-24,15,0
CUST103235,33,Jaipur,Business Owner,67345,737,Personal Loan,87739,36,14.3,3011.51,2024-07-09,353,1
CUST103236,41,Kolkata,Salaried,35000,601,Home Loan,1069353,180,8.73,10675.01,2024-08-20,0,0
CUST103237,43,Pune,Self-Employed,52786,479,Personal Loan,546187,48,15.42,15317.33,2023-04-20,0,0
CUST103238,37,Delhi,Business Owner,35000,675,Home Loan,957065,240,9.1,8672.61,2024-02-04,0,0
CUST103239,22,Jaipur,Salaried,151061,592,Personal Loan,442696,48,14.49,12206.42,2023-05-10,30,0
CUST103240,36,Lucknow,Salaried,43570,690,Personal Loan,227243,36,12.42,7593.39,2023-06-16,0,0
CUST103241,30,Ahmedabad,Salaried,25000,621,Business Loan,256509,36,12.66,8600.85,2023-12-31,0,0
CUST103242,21,Bengaluru,Business Owner,52277,528,Business Loan,323406,36,13.82,11025.0,2023-04-20,0,0
CUST103243,45,Hyderabad,Salaried,37609,823,Home Loan,876779,120,9.33,11263.86,2024-02-02,0,0
CUST103244,34,Hyderabad,Self-Employed,38172,751,Personal Loan,119312,24,12.72,5656.63,2023-07-12,0,0
CUST103245,42,Kolkata,Salaried,74665,695,Business Loan,644731,24,14.27,31037.69,2023-10-14,0,0
CUST103246,43,Jaipur,Self-Employed,32648,615,Personal Loan,130511,12,17.8,11952.83,2023-07-23,0,0
CUST103247,36,Kolkata,Salaried,60907,582,Gold Loan,54173,6,9.8,9288.66,2024-11-07,348,1
CUST103248,27,Kolkata,Self-Employed,31643,735,Personal Loan,72347,12,18.8,6660.35,2023-04-14,0,0
CUST103249,51,Kolkata,Salaried,39930,730,Personal Loan,80553,36,17.24,2881.56,2024-04-21,0,0
CUST103250,42,Chennai,Salaried,75637,542,Home Loan,1778207,300,9.01,14934.83,2024-03-16,15,0
CUST103251,40,Chennai,Salaried,36327,743,Business Loan,120252,12,13.92,10792.55,2023-07-25,0,0
CUST103252,47,Mumbai,Self-Employed,35000,653,Home Loan,1325382,300,8.78,10923.57,2023-12-13,0,0
CUST103253,35,Delhi,Business Owner,35819,579,Home Loan,1588833,300,10.75,15286.05,2023-02-10,0,0
CUST103254,30,Ahmedabad,Salaried,21119,724,Gold Loan,63196,18,9.02,3766.91,2024-10-04,0,0
CUST103255,32,Mumbai,Self-Employed,69837,702,Personal Loan,108504,12,17.98,9946.61,2023-10-12,0,0
CUST103256,33,Delhi,Salaried,34565,687,Personal Loan,81709,12,11.63,7245.61,2023-06-23,0,0
CUST103257,40,Ahmedabad,Self-Employed,104208,738,Personal Loan,709153,36,14.11,24275.07,2024-03-23,7,0
CUST103258,31,Chennai,Salaried,30564,866,Gold Loan,77321,12,12.84,6900.3,2023-08-25,0,0
CUST103259,30,Lucknow,Salaried,108625,774,Personal Loan,206691,12,13.84,18542.63,2023-09-09,7,0
CUST103260,46,Bengaluru,Self-Employed,20000,758,Vehicle Loan,129078,36,13.27,4365.95,2023-06-14,0,0
CUST103261,37,Mumbai,Self-Employed,88513,717,Business Loan,915044,60,17.73,23101.91,2023-09-14,0,0
CUST103262,43,Bengaluru,Self-Employed,92843,711,Business Loan,428586,24,17.94,21384.35,2023-10-25,30,0
CUST103263,40,Hyderabad,Salaried,52309,648,Home Loan,2252516,300,9.65,19915.54,2023-06-19,0,0
CUST103264,26,Lucknow,Salaried,61021,700,Gold Loan,277614,24,12.95,13191.76,2023-09-29,0,0
CUST103265,50,Ahmedabad,Business Owner,35000,733,Home Loan,1153458,120,8.87,14530.49,2024-01-18,0,0
CUST103266,29,Bengaluru,Salaried,35477,673,Personal Loan,184193,24,15.78,8999.31,2023-01-24,283,1
CUST103267,21,Delhi,Business Owner,88327,570,Business Loan,223444,12,16.33,20308.18,2024-01-13,0,0
CUST103268,25,Jaipur,Business Owner,47021,814,Gold Loan,78299,12,12.39,6971.06,2024-06-29,0,0
CUST103269,37,Mumbai,Self-Employed,50178,636,Home Loan,1629643,240,10.43,16193.47,2023-06-01,0,0
CUST103270,50,Hyderabad,Salaried,35000,785,Home Loan,1155259,180,11.36,13392.97,2024-09-23,0,0
CUST103271,44,Mumbai,Self-Employed,41268,670,Personal Loan,208776,24,15.15,10137.73,2024-11-14,0,0
CUST103272,27,Delhi,Self-Employed,59432,781,Gold Loan,217296,24,10.07,10034.13,2024-07-12,211,1
CUST103273,21,Jaipur,Salaried,36898,686,Personal Loan,69793,24,16.4,3430.64,2024-09-03,0,0
CUST103274,46,Jaipur,Salaried,31940,703,Personal Loan,255149,36,13.37,8642.52,2024-11-28,0,0
CUST103275,21,Delhi,Self-Employed,31833,663,Business Loan,310969,36,15.8,10902.07,2023-02-18,0,0
CUST103276,42,Hyderabad,Self-Employed,35000,760,Home Loan,878236,180,8.77,8787.89,2023-06-05,0,0
CUST103277,40,Chennai,Salaried,57621,663,Personal Loan,485600,48,17.23,14069.86,2023-02-17,0,0
CUST103278,29,Mumbai,Salaried,95135,780,Vehicle Loan,389056,36,11.03,12742.72,2023-04-05,0,0
CUST103279,40,Chennai,Salaried,15770,838,Gold Loan,57374,12,9.06,5019.04,2024-06-11,0,0
CUST103280,31,Kolkata,Business Owner,28580,499,Personal Loan,137790,36,15.94,4840.21,2023-07-20,0,0
CUST103281,47,Bengaluru,Self-Employed,46208,710,Personal Loan,178146,24,16.1,8731.1,2023-07-03,0,0
CUST103282,42,Ahmedabad,Salaried,36695,900,Business Loan,290096,24,17.9,14468.77,2024-11-07,266,1
CUST103283,63,Chennai,Business Owner,46604,812,Business Loan,246815,24,13.42,11782.78,2023-01-03,0,0
CUST103284,37,Ahmedabad,Business Owner,35000,638,Home Loan,1363790,180,9.24,14027.85,2024-06-20,0,0
CUST103285,46,Chennai,Salaried,71227,707,Gold Loan,96909,12,10.02,8520.74,2024-02-15,0,0
CUST103286,46,Delhi,Salaried,56865,645,Personal Loan,346786,24,12.34,16379.54,2023-01-03,0,0
CUST103287,26,Bengaluru,Salaried,48456,470,Gold Loan,75064,12,12.4,6683.4,2024-02-04,0,0
CUST103288,33,Lucknow,Self-Employed,58696,775,Gold Loan,90179,6,12.83,15597.25,2023-07-06,136,1
CUST103289,29,Pune,Salaried,58505,705,Personal Loan,126386,12,15.05,11410.37,2023-02-21,262,1
CUST103290,45,Hyderabad,Business Owner,99159,558,Personal Loan,165442,12,17.82,15153.55,2023-12-30,202,1
CUST103291,57,Delhi,Salaried,89745,712,Business Loan,354466,12,15.94,32150.94,2023-10-23,0,0
CUST103292,32,Lucknow,Salaried,113380,512,Personal Loan,767117,36,13.02,25854.59,2023-09-06,0,0
CUST103293,37,Delhi,Self-Employed,71747,625,Gold Loan,155968,12,11.88,13848.81,2024-04-28,0,0
CUST103294,56,Bengaluru,Salaried,42913,705,Business Loan,376104,60,14.2,8790.33,2023-12-28,7,0
CUST103295,59,Bengaluru,Self-Employed,59013,758,Gold Loan,67601,24,11.82,3176.53,2023-01-21,0,0
CUST103296,24,Delhi,Salaried,56081,669,Personal Loan,337200,48,18.77,10041.44,2023-12-01,0,0
CUST103297,45,Kolkata,Salaried,49695,611,Business Loan,395940,36,16.18,13955.29,2024-10-19,0,0
CUST103298,34,Ahmedabad,Salaried,62900,635,Business Loan,778362,60,12.96,17694.19,2023-11-16,0,0
CUST103299,31,Lucknow,Self-Employed,35204,551,Personal Loan,76211,12,15.32,6890.19,2023-07-17,0,0
CUST103300,35,Chennai,Salaried,39173,760,Vehicle Loan,306486,48,10.01,7774.75,2023-11-06,7,0
CUST103301,27,Jaipur,Salaried,80986,608,Personal Loan,527002,48,14.87,14632.16,2023-06-17,336,1
CUST103302,40,Lucknow,Self-Employed,48005,523,Personal Loan,278100,36,17.29,9955.21,2023-01-03,0,0
CUST103303,21,Lucknow,Salaried,27606,683,Gold Loan,47277,6,10.15,8114.4,2024-04-25,0,0
CUST103304,42,Pune,Salaried,41698,512,Personal Loan,99807,24,13.39,4763.31,2024-08-02,30,0
CUST103305,41,Bengaluru,Salaried,36418,862,Business Loan,317746,36,17.92,11474.53,2023-02-02,0,0
CUST103306,43,Hyderabad,Salaried,46771,512,Personal Loan,261289,36,13.36,8849.23,2023-02-01,0,0
CUST103307,29,Ahmedabad,Self-Employed,36769,644,Gold Loan,216853,18,12.85,13309.92,2023-05-30,0,0
CUST103308,57,Lucknow,Salaried,110343,649,Home Loan,1556616,120,10.93,21380.75,2023-09-02,0,0
CUST103309,56,Jaipur,Salaried,62658,834,Gold Loan,57246,12,9.67,5024.05,2023-01-02,0,0
CUST103310,30,Pune,Salaried,128938,677,Business Loan,534587,24,12.94,25400.18,2023-01-16,132,1
CUST103311,45,Hyderabad,Salaried,77667,811,Personal Loan,158573,12,11.85,14077.89,2023-10-09,0,0
CUST103312,39,Chennai,Self-Employed,35371,597,Personal Loan,113678,12,18.68,10458.82,2023-07-28,30,0
CUST103313,42,Chennai,Salaried,50523,668,Personal Loan,351455,48,13.85,9577.6,2024-11-03,0,0
CUST103314,25,Delhi,Salaried,46047,532,Business Loan,411907,60,12.39,9244.03,2024-04-01,7,0
CUST103315,41,Pune,Salaried,35000,894,Home Loan,1265310,240,8.95,11343.67,2024-01-27,1,0
CUST103316,30,Ahmedabad,Business Owner,21575,568,Gold Loan,34918,6,10.0,5990.58,2024-01-30,0,0
CUST103317,36,Delhi,Self-Employed,33258,750,Business Loan,128120,12,11.32,11342.59,2024-06-21,0,0
CUST103318,36,Bengaluru,Salaried,35000,734,Home Loan,1485274,240,11.35,15686.17,2023-12-25,0,0
CUST103319,41,Mumbai,Business Owner,20797,667,Personal Loan,136495,36,12.88,4591.17,2023-04-20,0,0
CUST103320,47,Mumbai,Salaried,20746,593,Vehicle Loan,91614,24,10.64,4254.63,2024-07-19,30,0
CUST103321,45,Chennai,Self-Employed,49639,754,Home Loan,1756665,180,9.15,17974.36,2024-02-20,0,0
CUST103322,46,Delhi,Salaried,57810,606,Vehicle Loan,246483,24,13.57,11784.35,2024-07-31,0,0
CUST103323,48,Hyderabad,Self-Employed,45392,623,Vehicle Loan,313247,60,10.2,6686.44,2024-03-02,0,0
CUST103324,34,Delhi,Salaried,151338,564,Business Loan,355068,36,11.47,11703.66,2024-06-03,7,0
CUST103325,42,Hyderabad,Self-Employed,40022,572,Home Loan,1212921,180,10.25,13220.24,2023-01-11,0,0
CUST103326,25,Pune,Salaried,32892,713,Vehicle Loan,283078,60,13.0,6440.89,2023-04-28,0,0
CUST103327,31,Ahmedabad,Salaried,90363,675,Personal Loan,223262,12,17.99,20467.6,2023-11-20,0,0
CUST103328,41,Ahmedabad,Self-Employed,40914,600,Personal Loan,60708,12,16.49,5522.18,2024-09-10,298,1
CUST103329,21,Delhi,Business Owner,56492,754,Vehicle Loan,363047,48,13.62,9851.73,2024-11-11,0,0
CUST103330,40,Lucknow,Salaried,38619,751,Personal Loan,370126,36,14.33,12709.43,2024-04-21,0,0
CUST103331,21,Hyderabad,Salaried,127650,698,Business Loan,624846,36,15.28,21746.27,2023-11-29,0,0
CUST103332,36,Lucknow,Salaried,70561,673,Vehicle Loan,899026,60,11.32,19690.78,2023-02-11,0,0
CUST103333,30,Bengaluru,Salaried,20358,638,Personal Loan,61099,12,12.8,5451.46,2023-01-25,7,0
CUST103334,42,Hyderabad,Business Owner,106345,659,Personal Loan,529455,24,13.27,25238.45,2023-07-20,149,1
CUST103335,32,Bengaluru,Salaried,63296,714,Gold Loan,394313,24,11.64,18495.46,2024-01-21,0,0
CUST103336,44,Chennai,Salaried,53737,678,Home Loan,1529474,180,8.5,15061.34,2023-06-06,0,0
CUST103337,46,Kolkata,Self-Employed,57032,717,Gold Loan,128058,18,9.48,7660.16,2024-03-16,0,0
CUST103338,47,Bengaluru,Self-Employed,61941,652,Business Loan,478439,36,15.67,16742.65,2023-01-19,15,0
CUST103339,29,Lucknow,Salaried,221654,679,Business Loan,1611690,36,16.33,56925.17,2023-06-19,0,0
CUST103340,50,Ahmedabad,Business Owner,53313,714,Gold Loan,151998,18,10.99,9197.99,2023-12-21,0,0
CUST103341,50,Pune,Salaried,47457,618,Business Loan,798397,60,17.08,19876.58,2023-05-06,214,1
CUST103342,26,Chennai,Salaried,62421,662,Vehicle Loan,507210,36,12.72,17021.58,2024-10-04,0,0
CUST103343,36,Mumbai,Self-Employed,37603,547,Personal Loan,64157,12,15.23,5797.67,2024-05-28,0,0
CUST103344,44,Hyderabad,Salaried,55877,634,Home Loan,1471614,240,9.57,13784.71,2023-10-08,0,0
CUST103345,21,Chennai,Business Owner,25924,743,Vehicle Loan,288861,48,11.96,7601.15,2024-02-17,0,0
CUST103346,32,Mumbai,Salaried,47143,733,Home Loan,967096,180,9.89,10327.48,2023-08-16,0,0
CUST103347,57,Lucknow,Self-Employed,58953,608,Home Loan,1501421,120,10.41,20183.84,2023-01-08,0,0
CUST103348,39,Chennai,Salaried,20000,687,Personal Loan,55873,12,16.91,5093.5,2024-06-04,0,0
CUST103349,57,Kolkata,Salaried,49468,609,Personal Loan,111058,12,12.31,9883.48,2023-06-02,7,0
CUST103350,55,Mumbai,Salaried,83174,700,Personal Loan,359403,48,11.78,9425.68,2023-06-25,0,0
CUST103351,42,Delhi,Salaried,49908,673,Business Loan,293981,36,15.76,10300.7,2024-02-24,0,0
CUST103352,47,Pune,Self-Employed,45078,666,Personal Loan,88307,12,14.89,7965.86,2024-04-11,0,0
CUST103353,21,Kolkata,Salaried,55536,773,Business Loan,291334,24,14.79,14096.76,2023-04-25,0,0
CUST103354,46,Jaipur,Self-Employed,32984,692,Personal Loan,81050,48,18.06,2383.39,2024-01-14,0,0
CUST103355,54,Lucknow,Salaried,122832,617,Vehicle Loan,220501,60,12.32,4940.65,2024-03-22,0,0
CUST103356,39,Lucknow,Salaried,25899,771,Gold Loan,64198,24,11.37,3003.17,2024-05-24,0,0
CUST103357,22,Delhi,Self-Employed,126741,631,Personal Loan,314237,12,16.78,28627.11,2023-12-24,0,0
CUST103358,38,Ahmedabad,Salaried,41699,504,Personal Loan,170506,12,15.46,15426.62,2024-03-06,0,0
CUST103359,26,Ahmedabad,Salaried,35000,623,Home Loan,1224769,120,8.74,15343.04,2024-09-22,0,0
CUST103360,47,Mumbai,Salaried,40595,555,Personal Loan,193266,36,17.75,6962.81,2024-11-21,0,0
CUST103361,43,Delhi,Business Owner,132989,628,Personal Loan,353769,12,17.28,32312.44,2023-12-23,133,1
CUST103362,21,Chennai,Self-Employed,25000,667,Business Loan,222983,36,13.2,7534.68,2024-01-19,15,0
CUST103363,53,Jaipur,Self-Employed,45490,873,Personal Loan,176003,12,13.01,15720.93,2023-09-28,0,0
CUST103364,21,Mumbai,Salaried,89396,675,Personal Loan,67067,36,13.56,2277.88,2023-08-07,15,0
CUST103365,46,Ahmedabad,Self-Employed,93646,767,Personal Loan,452824,48,12.94,12134.65,2024-01-09,0,0
CUST103366,21,Delhi,Self-Employed,26895,770,Gold Loan,51039,12,11.43,4521.15,2023-04-11,0,0
CUST103367,45,Mumbai,Salaried,39144,748,Business Loan,346062,60,13.02,7877.52,2024-04-07,0,0
CUST103368,46,Pune,Salaried,54580,649,Personal Loan,241088,12,17.92,22093.77,2024-07-06,0,0
CUST103369,24,Chennai,Salaried,33102,666,Business Loan,356815,60,14.33,8363.63,2024-03-09,0,0
CUST103370,36,Hyderabad,Self-Employed,44427,788,Gold Loan,87316,6,10.61,15006.31,2023-10-21,192,1
CUST103371,38,Pune,Business Owner,25604,423,Personal Loan,64166,24,17.16,3177.45,2024-05-03,0,0
CUST103372,25,Jaipur,Salaried,81366,751,Vehicle Loan,251506,24,10.11,11618.5,2023-12-30,0,0
CUST103373,29,Hyderabad,Salaried,35000,730,Home Loan,869353,300,9.2,7415.01,2024-05-07,0,0
CUST103374,26,Kolkata,Salaried,89692,620,Vehicle Loan,596171,36,13.4,20202.41,2023-01-14,0,0
CUST103375,31,Ahmedabad,Salaried,35000,613,Home Loan,811285,300,11.04,7974.98,2024-02-12,0,0
CUST103376,37,Lucknow,Self-Employed,37452,753,Gold Loan,332264,24,10.97,15481.48,2024-07-08,0,0
CUST103377,38,Hyderabad,Salaried,41603,661,Personal Loan,61875,24,16.05,3031.07,2023-07-23,0,0
CUST103378,27,Pune,Salaried,110202,680,Home Loan,4277980,300,9.75,38122.68,2023-01-31,0,0
CUST103379,52,Bengaluru,Self-Employed,109202,742,Business Loan,520542,24,11.54,24392.05,2024-03-15,7,0
CUST103380,38,Chennai,Self-Employed,39653,667,Gold Loan,63425,6,9.95,10879.72,2024-02-27,296,1
CUST103381,26,Chennai,Salaried,25000,550,Business Loan,187111,24,11.48,8762.6,2024-04-28,121,1
CUST103382,21,Jaipur,Self-Employed,57132,501,Gold Loan,51125,6,10.18,8775.61,2024-03-31,259,1
CUST103383,53,Jaipur,Business Owner,83964,753,Vehicle Loan,337625,60,11.58,7438.82,2024-11-02,30,0
CUST103384,40,Ahmedabad,Salaried,33836,615,Personal Loan,89245,12,16.28,8109.11,2024-08-15,0,0
CUST103385,35,Ahmedabad,Business Owner,68706,701,Home Loan,1904402,240,10.26,18707.14,2023-03-29,120,1
CUST103386,48,Delhi,Salaried,44222,651,Home Loan,1314039,300,8.57,10643.06,2024-03-13,0,0
CUST103387,34,Hyderabad,Business Owner,36717,677,Personal Loan,271271,24,18.42,13598.08,2023-11-20,0,0
CUST103388,46,Lucknow,Salaried,20452,670,Personal Loan,119585,48,13.64,3246.28,2023-07-13,0,0
CUST103389,34,Jaipur,Salaried,79252,481,Gold Loan,128237,6,11.85,22117.58,2024-07-14,0,0
CUST103390,35,Bengaluru,Salaried,30056,707,Vehicle Loan,247225,36,13.74,8418.38,2023-05-06,1,0
CUST103391,37,Delhi,Self-Employed,53899,615,Business Loan,865704,60,16.67,21361.66,2023-07-22,0,0
CUST103392,27,Mumbai,Self-Employed,66810,704,Business Loan,434307,36,11.65,14352.71,2023-05-06,0,0
CUST103393,43,Hyderabad,Salaried,33308,796,Gold Loan,82707,18,9.72,4956.48,2024-04-13,0,0
CUST103394,43,Delhi,Self-Employed,56092,679,Gold Loan,157982,12,10.52,13927.36,2023-05-06,310,1
CUST103395,37,Mumbai,Business Owner,71651,767,Vehicle Loan,697536,60,11.94,15495.16,2023-06-25,0,0
CUST103396,33,Kolkata,Salaried,75162,614,Personal Loan,850644,36,17.91,30714.43,2023-01-08,0,0
CUST103397,49,Delhi,Self-Employed,31092,755,Personal Loan,81061,12,15.31,7328.29,2023-06-04,0,0
CUST103398,31,Kolkata,Salaried,64487,729,Home Loan,2031602,300,11.43,20546.7,2024-06-01,0,0
CUST103399,44,Jaipur,Self-Employed,27103,561,Personal Loan,190321,48,13.35,5138.96,2024-03-12,0,0
CUST103400,34,Jaipur,Business Owner,63041,869,Personal Loan,509655,48,15.81,14394.22,2024-09-22,0,0
CUST103401,27,Delhi,Salaried,81958,676,Gold Loan,132935,6,10.18,22818.31,2024-05-11,0,0
CUST103402,37,Bengaluru,Business Owner,79908,622,Gold Loan,391262,12,10.96,34573.08,2024-02-23,0,0
CUST103403,42,Delhi,Salaried,103535,727,Home Loan,2846398,300,9.93,25724.92,2023-12-04,0,0
CUST103404,30,Jaipur,Business Owner,58334,779,Personal Loan,540896,48,12.65,14417.1,2024-03-19,0,0
CUST103405,31,Chennai,Self-Employed,56720,512,Gold Loan,234616,24,11.8,11022.29,2024-07-18,0,0
CUST103406,55,Pune,Salaried,35324,710,Personal Loan,234201,48,13.4,6329.62,2023-04-20,0,0
CUST103407,21,Kolkata,Self-Employed,77789,808,Business Loan,447402,36,16.93,15935.52,2023-05-03,355,1
CUST103408,40,Hyderabad,Self-Employed,67546,794,Gold Loan,72333,6,12.79,12509.19,2023-06-11,0,0
CUST103409,23,Hyderabad,Salaried,93820,554,Personal Loan,355360,24,17.8,17706.71,2023-10-25,0,0
CUST103410,34,Mumbai,Self-Employed,131511,619,Personal Loan,116154,48,11.61,3036.59,2024-09-17,0,0
CUST103411,58,Bengaluru,Salaried,25000,752,Business Loan,67270,12,15.11,6075.17,2024-08-10,0,0
CUST103412,30,Kolkata,Salaried,46371,809,Personal Loan,471457,48,14.61,13027.99,2024-07-27,0,0
CUST103413,32,Pune,Salaried,122348,769,Business Loan,450841,24,14.71,21797.7,2024-03-24,0,0
CUST103414,39,Bengaluru,Salaried,40897,669,Home Loan,1281423,300,10.82,12392.99,2024-03-13,0,0
CUST103415,40,Pune,Business Owner,32543,725,Vehicle Loan,232318,36,12.4,7760.74,2024-05-01,0,0
CUST103416,40,Hyderabad,Salaried,164544,596,Gold Loan,1058571,24,11.41,49539.45,2023-02-25,0,0
CUST103417,39,Kolkata,Salaried,29100,660,Personal Loan,291926,48,12.73,7792.58,2024-03-23,0,0
CUST103418,30,Ahmedabad,Business Owner,42053,627,Personal Loan,528787,36,12.08,17583.51,2024-06-18,250,1
CUST103419,59,Chennai,Self-Employed,49589,854,Home Loan,1510465,240,10.58,15161.44,2023-03-15,0,0
CUST103420,36,Jaipur,Self-Employed,112163,679,Home Loan,3431126,120,10.53,46355.55,2023-07-08,0,0
CUST103421,23,Ahmedabad,Self-Employed,38886,584,Personal Loan,264105,24,16.6,13007.25,2024-07-09,7,0
CUST103422,38,Lucknow,Salaried,48896,748,Personal Loan,281829,48,12.2,7449.34,2023-04-19,0,0
CUST103423,36,Delhi,Salaried,82842,594,Home Loan,2045172,180,8.62,20283.74,2023-08-06,290,1
CUST103424,53,Hyderabad,Self-Employed,56359,819,Vehicle Loan,607468,48,10.24,15477.07,2023-06-17,0,0
CUST103425,46,Hyderabad,Salaried,96994,765,Personal Loan,902251,36,13.45,30596.33,2023-11-10,225,1
CUST103426,36,Delhi,Self-Employed,53143,376,Gold Loan,205962,12,9.57,18066.17,2024-09-11,0,0
CUST103427,61,Ahmedabad,Salaried,46571,770,Gold Loan,72389,12,11.01,6398.2,2023-03-27,30,0
CUST103428,46,Hyderabad,Salaried,56292,526,Personal Loan,504212,48,18.52,14948.58,2024-11-06,0,0
CUST103429,61,Bengaluru,Self-Employed,66721,709,Business Loan,479302,36,17.47,17200.75,2023-05-27,7,0
CUST103430,39,Ahmedabad,Business Owner,85780,693,Home Loan,2321600,180,8.63,23038.97,2024-02-15,0,0
CUST103431,35,Chennai,Self-Employed,32139,707,Business Loan,519672,60,15.9,12609.82,2024-07-25,0,0
CUST103432,42,Delhi,Salaried,20000,694,Personal Loan,157266,36,15.63,5500.32,2024-01-02,0,0
CUST103433,24,Jaipur,Salaried,42344,523,Personal Loan,243489,48,17.17,7047.32,2024-02-18,227,1
CUST103434,34,Delhi,Salaried,35805,857,Personal Loan,116054,36,16.95,4134.75,2023-02-26,0,0
CUST103435,30,Hyderabad,Business Owner,25911,773,Vehicle Loan,303650,36,12.15,10107.29,2023-09-12,270,1
CUST103436,46,Hyderabad,Salaried,66931,786,Personal Loan,161346,12,15.43,14595.58,2024-03-12,0,0
CUST103437,52,Chennai,Salaried,58596,723,Vehicle Loan,511773,24,10.42,23715.06,2023-02-10,0,0
CUST103438,36,Chennai,Self-Employed,42581,715,Gold Loan,222307,18,9.66,13316.33,2023-06-16,0,0
CUST103439,23,Chennai,Salaried,78500,603,Vehicle Loan,343331,24,13.51,16404.95,2023-12-15,0,0
CUST103440,35,Delhi,Salaried,50918,642,Business Loan,129050,12,16.82,11758.95,2024-07-27,0,0
CUST103441,34,Mumbai,Self-Employed,177140,637,Personal Loan,533719,24,14.43,25733.94,2023-10-19,300,1
CUST103442,49,Mumbai,Self-Employed,29869,549,Gold Loan,62750,12,12.93,5602.6,2023-08-06,332,1
CUST103443,47,Pune,Self-Employed,40388,657,Personal Loan,111615,12,11.55,9893.38,2024-07-10,0,0
CUST103444,38,Lucknow,Self-Employed,24755,672,Personal Loan,62365,12,13.13,5574.08,2023-04-09,241,1
CUST103445,46,Jaipur,Self-Employed,41713,665,Home Loan,1642752,300,9.17,13977.66,2023-11-22,0,0
CUST103446,53,Kolkata,Business Owner,114485,687,Personal Loan,457802,36,15.65,16015.97,2024-09-27,0,0
CUST103447,36,Hyderabad,Self-Employed,56499,618,Home Loan,1383696,180,10.4,15209.69,2023-11-20,0,0
CUST103448,58,Bengaluru,Business Owner,55418,687,Home Loan,1502189,300,11.26,15006.37,2024-08-07,1,0
CUST103449,41,Hyderabad,Salaried,90047,785,Business Loan,326112,12,15.85,29565.28,2023-06-18,1,0
CUST103450,30,Kolkata,Salaried,64594,719,Vehicle Loan,199429,24,9.97,9199.88,2023-07-08,30,0
CUST103451,45,Pune,Self-Employed,40553,725,Gold Loan,65962,6,10.06,11318.48,2023-02-18,0,0
CUST103452,50,Lucknow,Self-Employed,54217,713,Business Loan,362617,24,16.24,17796.47,2024-09-26,316,1
CUST103453,35,Hyderabad,Salaried,37878,727,Home Loan,1195345,120,11.12,16547.18,2024-03-15,0,0
CUST103454,29,Chennai,Self-Employed,40288,662,Home Loan,1395184,240,9.27,12796.12,2023-03-08,0,0
CUST103455,34,Mumbai,Salaried,59101,708,Home Loan,1881062,120,9.15,23981.47,2024-01-02,0,0
CUST103456,37,Pune,Self-Employed,34541,731,Business Loan,122307,12,16.85,11146.28,2024-05-17,0,0
CUST103457,40,Chennai,Salaried,57859,668,Personal Loan,69643,36,12.49,2329.48,2024-08-03,15,0
CUST103458,40,Bengaluru,Business Owner,34637,716,Gold Loan,62982,6,11.38,10848.15,2024-10-12,30,0
CUST103459,49,Lucknow,Self-Employed,42175,619,Home Loan,893579,120,9.23,11431.01,2023-05-06,0,0
CUST103460,29,Chennai,Salaried,51329,649,Personal Loan,611530,36,15.59,21376.0,2023-08-11,263,1
CUST103461,46,Kolkata,Business Owner,92598,610,Vehicle Loan,1001581,48,10.89,25832.91,2023-07-07,15,0
CUST103462,44,Ahmedabad,Salaried,70375,663,Personal Loan,318319,36,11.65,10519.61,2024-05-21,0,0
CUST103463,27,Bengaluru,Salaried,38496,622,Personal Loan,78221,24,18.52,3924.79,2024-05-14,0,0
CUST103464,21,Hyderabad,Salaried,75105,808,Gold Loan,160846,12,10.07,14146.16,2024-04-28,0,0
CUST103465,52,Mumbai,Salaried,35000,658,Home Loan,1110167,180,9.03,11279.87,2024-04-28,0,0
CUST103466,28,Hyderabad,Self-Employed,61407,671,Vehicle Loan,522900,48,13.34,14116.5,2023-11-28,0,0
CUST103467,37,Jaipur,Business Owner,84940,663,Vehicle Loan,616687,36,13.64,20969.23,2024-03-31,0,0
CUST103468,32,Pune,Self-Employed,56666,659,Personal Loan,497053,48,11.99,13086.87,2024-04-16,133,1
CUST103469,38,Hyderabad,Business Owner,33945,900,Personal Loan,78485,24,16.31,3854.51,2023-01-03,0,0
CUST103470,21,Bengaluru,Self-Employed,31825,537,Personal Loan,135821,36,13.39,4601.9,2023-10-17,0,0
CUST103471,49,Jaipur,Self-Employed,93391,627,Business Loan,514637,24,15.07,24970.14,2023-09-07,0,0
CUST103472,45,Pune,Self-Employed,57404,578,Home Loan,2016104,180,9.61,21186.68,2024-09-24,98,1
CUST103473,49,Chennai,Self-Employed,124684,491,Gold Loan,201309,6,9.44,34481.32,2023-08-07,181,1
CUST103474,37,Lucknow,Salaried,44135,645,Personal Loan,64925,12,12.25,5776.1,2024-08-04,0,0
CUST103475,30,Jaipur,Salaried,35197,643,Gold Loan,57706,6,12.89,9982.47,2024-11-12,0,0
CUST103476,33,Delhi,Self-Employed,58190,695,Business Loan,192770,12,17.96,17669.48,2023-01-15,0,0
CUST103477,35,Mumbai,Self-Employed,40368,629,Vehicle Loan,256308,36,12.18,8535.15,2024-04-24,0,0
CUST103478,46,Ahmedabad,Salaried,40390,539,Personal Loan,213817,48,13.81,5822.51,2023-04-24,0,0
CUST103479,43,Bengaluru,Salaried,35000,601,Home Loan,775681,180,9.95,8311.8,2023-11-04,0,0
CUST103480,41,Pune,Self-Employed,47940,581,Vehicle Loan,368708,48,12.42,9785.7,2024-07-18,0,0
CUST103481,39,Delhi,Salaried,47536,706,Gold Loan,232453,24,9.73,10697.58,2023-04-02,0,0
CUST103482,37,Bengaluru,Self-Employed,87447,758,Home Loan,1814558,300,9.18,15451.99,2024-03-20,0,0
CUST103483,40,Chennai,Self-Employed,29725,644,Vehicle Loan,195831,36,11.9,6495.04,2023-09-11,30,0
CUST103484,56,Mumbai,Salaried,20000,653,Personal Loan,61212,48,17.97,1797.14,2024-01-18,0,0
CUST103485,33,Chennai,Self-Employed,28794,670,Personal Loan,81510,24,13.94,3911.22,2024-05-18,222,1
CUST103486,54,Hyderabad,Salaried,57650,881,Vehicle Loan,332206,48,12.62,8849.73,2023-12-29,0,0
CUST103487,23,Jaipur,Business Owner,35857,668,Personal Loan,51864,12,18.01,4755.14,2024-09-08,0,0
CUST103488,37,Pune,Salaried,55501,594,Home Loan,2058972,300,10.19,18986.37,2023-08-25,0,0
CUST103489,44,Jaipur,Salaried,35000,647,Home Loan,818152,180,10.13,8857.09,2023-06-04,0,0
CUST103490,39,Mumbai,Salaried,116850,580,Business Loan,609420,36,12.32,20334.73,2023-10-21,0,0
CUST103491,45,Bengaluru,Self-Employed,62097,711,Business Loan,564213,60,11.94,12533.51,2024-03-29,318,1
CUST103492,23,Jaipur,Salaried,112135,779,Business Loan,345342,60,15.75,8352.24,2023-09-30,0,0
CUST103493,50,Mumbai,Business Owner,29387,680,Gold Loan,73051,12,9.64,6410.12,2024-04-25,0,0
CUST103494,39,Mumbai,Salaried,39560,739,Gold Loan,83413,18,10.82,5041.09,2024-11-18,0,0
CUST103495,29,Delhi,Self-Employed,49411,616,Personal Loan,79915,12,17.93,7323.94,2024-09-13,0,0
CUST103496,30,Chennai,Salaried,43628,650,Personal Loan,355516,48,17.52,10354.32,2024-07-17,0,0
CUST103497,42,Bengaluru,Self-Employed,64591,621,Gold Loan,93005,24,9.6,4274.56,2023-12-23,0,0
CUST103498,21,Mumbai,Self-Employed,57536,539,Personal Loan,445144,48,15.15,12422.56,2023-03-21,0,0
CUST103499,50,Lucknow,Self-Employed,64529,740,Business Loan,381331,24,13.49,18217.06,2024-05-07,0,0
CUST103500,48,Kolkata,Salaried,51614,640,Business Loan,457480,60,14.53,10770.88,2023-07-20,0,0
CUST103501,30,Kolkata,Salaried,26729,702,Personal Loan,161535,24,16.46,7944.81,2024-02-19,0,0
CUST103502,21,Pune,Salaried,25662,726,Personal Loan,122932,36,17.49,4412.9,2023-12-27,0,0
CUST103503,55,Pune,Self-Employed,84335,900,Personal Loan,173024,12,15.27,15638.91,2023-05-15,0,0
CUST103504,59,Lucknow,Salaried,25000,631,Business Loan,93573,12,17.24,8544.96,2023-12-26,0,0
CUST103505,36,Ahmedabad,Business Owner,45976,807,Vehicle Loan,426005,24,10.55,19766.29,2023-01-18,346,1
CUST103506,31,Pune,Business Owner,42971,568,Gold Loan,233763,24,10.92,10886.51,2024-09-27,0,0
CUST103507,43,Jaipur,Self-Employed,56098,642,Home Loan,1578961,240,11.32,16643.1,2023-02-28,204,1
CUST103508,58,Delhi,Self-Employed,19419,752,Gold Loan,89401,24,10.81,4158.91,2023-02-08,0,0
CUST103509,32,Bengaluru,Business Owner,56359,555,Personal Loan,144698,24,16.41,7113.24,2023-01-05,0,0
CUST103510,46,Pune,Self-Employed,32624,776,Gold Loan,66703,18,11.8,4061.49,2023-08-20,0,0
CUST103511,28,Bengaluru,Business Owner,58836,706,Home Loan,2081672,300,8.78,17156.78,2023-03-24,7,0
CUST103512,41,Kolkata,Salaried,54052,755,Personal Loan,181887,36,14.93,6298.94,2023-07-22,243,1
CUST103513,23,Kolkata,Salaried,29120,665,Business Loan,208157,36,12.78,6991.59,2024-10-10,207,1
CUST103514,36,Hyderabad,Self-Employed,35000,542,Home Loan,984752,300,11.42,9952.15,2023-09-15,0,0
CUST103515,21,Jaipur,Self-Employed,46664,645,Vehicle Loan,236603,60,13.12,5397.99,2024-11-15,181,1
CUST103516,40,Pune,Salaried,30355,697,Business Loan,138669,24,17.34,6878.79,2024-02-28,30,0
CUST103517,52,Delhi,Self-Employed,84518,586,Personal Loan,351357,36,15.62,12286.85,2023-02-12,0,0
CUST103518,26,Chennai,Self-Employed,61262,607,Gold Loan,276934,18,10.18,16654.81,2023-05-14,0,0
CUST103519,37,Hyderabad,Salaried,47789,705,Personal Loan,112845,12,18.84,10390.79,2023-06-07,0,0
CUST103520,36,Hyderabad,Self-Employed,31348,697,Vehicle Loan,243379,36,10.98,7965.61,2023-06-12,249,1
CUST103521,27,Delhi,Salaried,23395,786,Personal Loan,259011,48,14.46,7137.77,2023-10-17,7,0
CUST103522,28,Jaipur,Salaried,56091,660,Personal Loan,435570,36,15.76,15261.79,2024-11-07,0,0
CUST103523,22,Delhi,Business Owner,46338,663,Gold Loan,66067,18,12.3,4038.11,2024-11-12,263,1
CUST103524,30,Bengaluru,Self-Employed,74171,804,Personal Loan,197592,24,13.74,9462.71,2024-10-30,0,0
CUST103525,45,Jaipur,Business Owner,63071,692,Home Loan,2133647,180,11.14,24438.87,2024-04-04,30,0
CUST103526,26,Jaipur,Self-Employed,46448,633,Gold Loan,52843,6,11.27,9098.92,2023-03-19,0,0
CUST103527,47,Hyderabad,Salaried,58617,660,Personal Loan,164867,36,15.09,5722.44,2024-04-12,0,0
CUST103528,48,Chennai,Salaried,29392,802,Business Loan,317901,36,13.19,10740.46,2023-01-25,0,0
CUST103529,34,Pune,Salaried,65569,662,Personal Loan,350051,36,11.86,11603.31,2023-02-24,0,0
CUST103530,21,Jaipur,Self-Employed,66960,621,Gold Loan,74427,6,9.79,12761.1,2024-02-15,1,0
CUST103531,26,Lucknow,Salaried,73458,742,Home Loan,2386419,300,10.76,22976.72,2024-07-08,0,0
CUST103532,32,Kolkata,Self-Employed,49806,823,Business Loan,373796,36,12.86,12569.47,2023-08-16,0,0
CUST103533,35,Chennai,Salaried,68071,699,Home Loan,2088552,240,11.0,21557.79,2023-11-02,0,0
CUST103534,33,Jaipur,Salaried,129007,794,Home Loan,2521875,240,11.06,26133.56,2023-03-01,0,0
CUST103535,24,Hyderabad,Self-Employed,58707,703,Home Loan,1582636,300,10.23,14638.82,2024-01-15,0,0
CUST103536,42,Delhi,Self-Employed,78137,667,Personal Loan,189550,12,16.86,17275.27,2024-02-14,0,0
CUST103537,31,Hyderabad,Self-Employed,35000,648,Home Loan,829546,120,9.36,10670.64,2023-08-25,0,0
CUST103538,40,Bengaluru,Self-Employed,26593,650,Personal Loan,199708,36,17.36,7155.97,2023-06-03,0,0
CUST103539,23,Mumbai,Salaried,46827,637,Personal Loan,169751,36,12.66,5691.82,2023-09-17,0,0
CUST103540,40,Jaipur,Self-Employed,58998,616,Personal Loan,391562,36,17.0,13960.25,2024-10-29,1,0
CUST103541,56,Ahmedabad,Salaried,63323,583,Home Loan,1550744,120,10.51,20933.65,2023-08-22,0,0
CUST103542,28,Mumbai,Salaried,112340,567,Home Loan,2823551,240,10.92,28990.8,2023-01-31,1,0
CUST103543,43,Hyderabad,Business Owner,34783,613,Business Loan,451383,60,11.11,9838.94,2023-06-17,0,0
CUST103544,45,Lucknow,Self-Employed,35000,712,Home Loan,1033355,120,9.03,13106.89,2023-05-16,0,0
CUST103545,29,Bengaluru,Salaried,48712,645,Personal Loan,423395,36,13.43,14353.7,2024-05-01,0,0
CUST103546,47,Pune,Salaried,31751,900,Personal Loan,94666,24,18.2,4735.27,2024-04-13,0,0
CUST103547,43,Jaipur,Self-Employed,40202,706,Personal Loan,124730,36,16.92,4442.0,2023-01-02,1,0
CUST103548,31,Chennai,Self-Employed,35698,682,Personal Loan,80485,24,18.29,4029.43,2023-06-29,0,0
CUST103549,38,Lucknow,Salaried,25000,510,Business Loan,189109,36,15.35,6587.98,2023-01-18,0,0
CUST103550,48,Kolkata,Salaried,53368,473,Personal Loan,159669,24,17.09,7901.3,2023-10-27,0,0
CUST103551,36,Lucknow,Salaried,45339,560,Business Loan,377667,36,14.53,13005.19,2023-04-18,0,0
CUST103552,32,Bengaluru,Salaried,37319,851,Home Loan,890676,180,9.56,9332.93,2023-11-15,0,0
CUST103553,48,Lucknow,Salaried,55878,763,Home Loan,1162826,240,10.69,11758.21,2024-11-24,0,0
CUST103554,49,Chennai,Salaried,41564,549,Home Loan,1393616,180,10.94,15787.33,2023-09-09,0,0
CUST103555,32,Pune,Salaried,98316,598,Home Loan,3528082,300,9.93,31885.78,2024-05-29,0,0
CUST103556,28,Chennai,Business Owner,152117,769,Personal Loan,964405,36,15.18,33516.49,2024-04-29,0,0
CUST103557,46,Jaipur,Salaried,49101,657,Business Loan,565666,60,11.9,12554.36,2023-12-26,0,0
CUST103558,32,Jaipur,Salaried,60073,625,Gold Loan,102651,12,12.63,9150.7,2024-02-18,0,0
CUST103559,32,Pune,Business Owner,25683,690,Personal Loan,94587,48,14.86,2625.72,2023-02-16,357,1
CUST103560,34,Bengaluru,Self-Employed,24843,741,Vehicle Loan,150400,48,12.27,3980.58,2023-12-01,0,0
CUST103561,43,Pune,Self-Employed,53766,690,Personal Loan,166022,24,18.08,8294.92,2023-04-07,0,0
CUST103562,44,Ahmedabad,Salaried,45850,647,Home Loan,1521790,180,9.8,16167.54,2024-07-12,1,0
CUST103563,56,Delhi,Self-Employed,49956,656,Personal Loan,524013,48,11.87,13765.85,2023-06-11,0,0
CUST103564,28,Ahmedabad,Business Owner,50175,900,Personal Loan,268519,24,14.27,12926.65,2024-02-24,7,0
CUST103565,38,Pune,Salaried,161935,756,Home Loan,2333237,240,8.5,20248.37,2024-03-11,0,0
CUST103566,28,Bengaluru,Self-Employed,35000,787,Home Loan,1488604,240,9.21,13595.06,2023-03-18,0,0
CUST103567,27,Ahmedabad,Salaried,95365,574,Home Loan,1695547,180,10.3,18532.88,2023-01-14,30,0
CUST103568,37,Pune,Salaried,21922,808,Vehicle Loan,169402,36,13.46,5745.43,2023-09-01,0,0
CUST103569,31,Delhi,Self-Employed,60496,622,Personal Loan,357746,36,12.25,11925.05,2023-09-26,0,0
CUST103570,21,Hyderabad,Business Owner,40500,790,Personal Loan,92906,36,18.84,3398.05,2023-05-10,30,0
CUST103571,31,Chennai,Self-Employed,61694,677,Personal Loan,604973,36,17.17,21620.16,2023-10-28,0,0
CUST103572,28,Ahmedabad,Business Owner,56396,587,Personal Loan,445186,36,15.62,15568.03,2023-12-26,262,1
CUST103573,50,Kolkata,Salaried,37717,666,Home Loan,834055,240,9.34,7687.55,2023-12-13,118,1
CUST103574,43,Delhi,Salaried,25000,531,Business Loan,210420,24,13.66,10069.11,2024-10-18,249,1
CUST103575,21,Lucknow,Salaried,25000,763,Business Loan,306077,60,13.77,7085.43,2023-05-25,0,0
CUST103576,37,Hyderabad,Salaried,23733,663,Personal Loan,69814,48,11.89,1834.7,2024-08-08,0,0
CUST103577,46,Delhi,Salaried,119618,803,Business Loan,461699,24,15.0,22386.24,2024-05-24,0,0
CUST103578,37,Ahmedabad,Self-Employed,54341,884,Personal Loan,50462,24,14.57,2436.44,2023-07-20,0,0
CUST103579,50,Bengaluru,Salaried,27882,641,Personal Loan,108155,48,11.75,2834.88,2024-08-28,0,0
CUST103580,23,Lucknow,Salaried,79782,645,Gold Loan,87369,6,12.86,15112.53,2024-05-18,0,0
CUST103581,45,Hyderabad,Salaried,91165,652,Business Loan,1129124,60,13.81,26161.65,2023-09-29,274,1
CUST103582,51,Lucknow,Business Owner,44874,566,Gold Loan,52528,12,10.65,4633.94,2024-02-21,0,0
CUST103583,30,Pune,Self-Employed,77609,712,Personal Loan,214359,12,17.61,19612.67,2024-02-28,7,0
CUST103584,55,Mumbai,Self-Employed,65026,629,Business Loan,338565,24,13.22,16131.01,2024-01-18,30,0
CUST103585,42,Bengaluru,Salaried,66379,613,Business Loan,411691,24,13.94,19754.8,2023-10-13,0,0
CUST103586,37,Hyderabad,Business Owner,38095,648,Home Loan,661899,120,10.81,9046.62,2023-11-24,0,0
CUST103587,34,Lucknow,Self-Employed,95082,785,Personal Loan,619579,48,17.38,18000.02,2024-10-31,0,0
CUST103588,40,Jaipur,Business Owner,62439,730,Personal Loan,284717,24,17.82,14189.49,2024-05-13,0,0
CUST103589,35,Hyderabad,Salaried,74041,663,Personal Loan,334321,12,16.54,30418.73,2023-09-09,0,0
CUST103590,44,Jaipur,Self-Employed,31892,674,Business Loan,89286,12,16.37,8116.64,2024-04-16,0,0
CUST103591,34,Pune,Salaried,58595,674,Business Loan,683889,60,17.9,17329.1,2023-04-29,0,0
CUST103592,38,Hyderabad,Business Owner,88926,732,Gold Loan,513039,18,10.9,31024.65,2024-08-30,0,0
CUST103593,50,Chennai,Salaried,41769,644,Personal Loan,531054,48,13.08,14267.94,2024-09-25,0,0
CUST103594,60,Lucknow,Business Owner,35000,773,Home Loan,644827,120,9.55,8361.57,2024-04-01,15,0
CUST103595,23,Hyderabad,Self-Employed,27061,510,Personal Loan,56067,48,13.77,1525.65,2024-08-29,0,0
CUST103596,47,Bengaluru,Salaried,43940,610,Business Loan,243047,24,14.06,11676.28,2023-12-16,0,0
CUST103597,56,Chennai,Business Owner,27513,567,Personal Loan,134905,36,16.33,4764.87,2024-03-18,30,0
CUST103598,21,Ahmedabad,Self-Employed,95041,734,Business Loan,309838,12,15.68,28064.97,2023-01-10,212,1
CUST103599,30,Pune,Business Owner,87843,591,Business Loan,367162,24,16.48,18061.72,2023-08-04,1,0
CUST103600,36,Chennai,Business Owner,15000,457,Gold Loan,32046,6,12.79,5542.0,2023-10-26,155,1
CUST103601,21,Jaipur,Self-Employed,41419,567,Home Loan,1500001,180,9.03,15240.79,2024-01-12,0,0
CUST103602,23,Chennai,Business Owner,53205,797,Personal Loan,249051,48,17.58,7261.33,2024-02-01,30,0
CUST103603,33,Lucknow,Self-Employed,25000,669,Business Loan,77578,12,11.58,6877.48,2023-02-26,0,0
CUST103604,32,Jaipur,Self-Employed,35000,705,Home Loan,621129,120,10.5,8381.2,2023-08-26,269,1
CUST103605,38,Kolkata,Self-Employed,74694,766,Home Loan,1515079,120,11.1,20956.07,2024-04-17,0,0
CUST103606,51,Jaipur,Business Owner,65635,673,Personal Loan,64229,12,13.46,5750.63,2024-02-02,165,1
CUST103607,49,Kolkata,Salaried,43642,601,Gold Loan,145485,18,12.16,8882.79,2023-11-30,0,0
CUST103608,29,Hyderabad,Self-Employed,72999,801,Home Loan,1448287,180,10.61,16108.26,2023-12-22,0,0
CUST103609,36,Lucknow,Salaried,46006,638,Personal Loan,146409,12,15.67,13260.96,2024-09-03,0,0
CUST103610,35,Bengaluru,Self-Employed,77801,650,Gold Loan,355480,24,10.31,16454.51,2023-11-16,30,0
CUST103611,52,Pune,Salaried,51395,665,Gold Loan,165097,12,10.79,14575.38,2023-02-26,0,0
CUST103612,21,Bengaluru,Salaried,78230,566,Personal Loan,220515,12,12.75,19669.94,2024-01-03,0,0
CUST103613,41,Jaipur,Self-Employed,78200,616,Vehicle Loan,899925,60,13.46,20688.6,2023-09-29,0,0
CUST103614,32,Lucknow,Business Owner,47735,621,Personal Loan,167541,36,12.26,5585.59,2023-01-14,0,0
CUST103615,45,Mumbai,Salaried,44720,650,Vehicle Loan,406003,60,10.95,8817.37,2024-10-28,0,0
CUST103616,33,Pune,Self-Employed,30682,673,Personal Loan,52892,12,12.17,4703.6,2023-02-14,217,1
CUST103617,51,Lucknow,Business Owner,58024,724,Personal Loan,134486,12,15.8,12189.31,2023-10-03,0,0
CUST103618,30,Pune,Salaried,42881,795,Personal Loan,236307,24,17.29,11716.51,2024-03-24,0,0
CUST103619,22,Bengaluru,Self-Employed,52944,545,Home Loan,1535117,120,11.28,21390.28,2023-12-31,0,0
CUST103620,31,Chennai,Salaried,50131,731,Personal Loan,156598,24,14.07,7523.9,2024-03-14,0,0
CUST103621,21,Chennai,Self-Employed,113926,759,Personal Loan,103068,12,18.42,9469.89,2024-09-27,0,0
CUST103622,37,Pune,Salaried,52989,691,Home Loan,1531191,180,10.93,17336.22,2023-05-07,0,0
CUST103623,36,Ahmedabad,Self-Employed,32676,581,Personal Loan,133585,36,17.42,4790.64,2023-11-16,0,0
CUST103624,41,Ahmedabad,Self-Employed,46458,756,Gold Loan,115571,18,10.96,6992.05,2024-01-22,0,0
CUST103625,38,Lucknow,Business Owner,76927,718,Business Loan,311838,60,13.66,7201.07,2023-11-09,0,0
CUST103626,33,Bengaluru,Salaried,27490,664,Personal Loan,79812,48,14.55,2203.06,2023-04-20,0,0
CUST103627,41,Chennai,Self-Employed,90717,641,Home Loan,1920626,120,9.31,24653.07,2023-01-09,0,0
CUST103628,30,Delhi,Salaried,79241,693,Business Loan,472756,24,14.06,22711.78,2024-03-27,0,0
CUST103629,52,Pune,Business Owner,59977,773,Gold Loan,73522,18,11.26,4458.29,2023-07-28,0,0
CUST103630,43,Kolkata,Salaried,68224,690,Home Loan,2562693,240,10.49,25568.2,2023-11-13,0,0
CUST103631,47,Lucknow,Salaried,114859,605,Vehicle Loan,798168,36,12.11,26552.55,2023-04-21,0,0
CUST103632,32,Kolkata,Salaried,52128,772,Personal Loan,452598,48,13.35,12220.84,2023-01-09,0,0
CUST103633,38,Mumbai,Self-Employed,87727,764,Personal Loan,511017,36,17.48,18341.46,2023-07-04,0,0
CUST103634,35,Bengaluru,Business Owner,82822,750,Vehicle Loan,195818,36,10.35,6350.72,2023-05-12,0,0
CUST103635,42,Chennai,Salaried,37986,846,Business Loan,303108,60,12.03,6747.07,2023-07-20,30,0
CUST103636,30,Mumbai,Self-Employed,102696,659,Personal Loan,105309,12,17.65,9637.2,2024-05-19,0,0
CUST103637,43,Mumbai,Salaried,35299,814,Business Loan,236742,36,13.48,8031.62,2024-01-04,0,0
CUST103638,37,Chennai,Self-Employed,38603,747,Home Loan,1349540,300,11.0,13227.02,2024-08-12,0,0
CUST103639,47,Ahmedabad,Business Owner,39481,628,Home Loan,799862,120,9.77,10468.63,2024-07-23,0,0
CUST103640,42,Delhi,Salaried,23147,674,Personal Loan,52739,12,12.2,4690.73,2024-06-12,0,0
CUST103641,39,Hyderabad,Salaried,60018,703,Home Loan,1366554,300,10.7,13098.44,2023-12-04,0,0
CUST103642,34,Chennai,Self-Employed,25299,757,Gold Loan,38807,6,10.04,6658.55,2024-09-16,0,0
CUST103643,43,Mumbai,Salaried,51265,795,Gold Loan,60866,24,12.31,2873.99,2023-07-28,0,0
CUST103644,46,Hyderabad,Business Owner,35000,847,Home Loan,1162981,240,10.99,11996.24,2023-07-04,0,0
CUST103645,63,Pune,Salaried,61303,666,Business Loan,736895,60,13.96,17130.98,2023-08-08,0,0
CUST103646,36,Hyderabad,Business Owner,85235,546,Personal Loan,378367,48,17.54,11023.79,2023-11-20,0,0
CUST103647,50,Lucknow,Salaried,52452,715,Gold Loan,58722,6,10.52,10089.48,2024-08-25,0,0
CUST103648,42,Kolkata,Salaried,107780,789,Gold Loan,509259,24,9.61,23408.16,2024-09-21,358,1
CUST103649,32,Mumbai,Salaried,55941,770,Home Loan,1554015,180,9.17,15919.4,2023-06-19,0,0
CUST103650,40,Hyderabad,Self-Employed,52529,574,Personal Loan,320487,24,15.08,15551.52,2024-07-16,0,0
CUST103651,36,Bengaluru,Self-Employed,44548,723,Business Loan,200164,12,13.02,17879.98,2023-11-11,160,1
CUST103652,52,Ahmedabad,Self-Employed,189163,567,Gold Loan,474492,18,10.26,28553.44,2024-06-29,0,0
CUST103653,25,Jaipur,Salaried,37307,623,Personal Loan,141453,48,16.7,4059.71,2024-02-14,0,0
CUST103654,41,Bengaluru,Salaried,42010,526,Business Loan,310581,24,13.77,14878.17,2024-10-07,1,0
CUST103655,38,Pune,Salaried,35000,480,Home Loan,1219335,240,9.3,11207.03,2024-10-25,91,1
CUST103656,46,Pune,Self-Employed,69822,704,Home Loan,2345567,300,10.96,22921.41,2023-02-17,212,1
CUST103657,25,Kolkata,Self-Employed,42984,683,Personal Loan,415300,48,18.73,12358.43,2023-04-17,30,0
CUST103658,45,Pune,Salaried,75958,702,Personal Loan,126289,12,16.06,11461.9,2023-01-14,0,0
CUST103659,62,Lucknow,Self-Employed,27261,557,Personal Loan,61663,48,12.16,1628.67,2024-03-27,144,1
CUST103660,31,Lucknow,Salaried,47120,645,Home Loan,2038547,300,8.67,16649.13,2024-07-06,0,0
CUST103661,21,Kolkata,Self-Employed,32464,579,Vehicle Loan,190970,36,13.93,6520.41,2024-06-12,0,0
CUST103662,51,Mumbai,Salaried,36772,696,Vehicle Loan,166786,24,11.8,7835.63,2023-03-03,0,0
CUST103663,21,Mumbai,Business Owner,74593,670,Vehicle Loan,152894,48,12.48,4062.41,2024-05-11,0,0
CUST103664,40,Pune,Business Owner,38327,747,Home Loan,1732597,300,9.05,14599.26,2023-10-10,0,0
CUST103665,47,Pune,Self-Employed,69840,587,Home Loan,2541832,300,8.63,20690.68,2023-08-19,0,0
CUST103666,60,Chennai,Salaried,56191,705,Personal Loan,104362,24,16.21,5120.37,2023-05-23,0,0
CUST103667,39,Bengaluru,Self-Employed,41000,720,Home Loan,1355811,120,8.59,16875.45,2023-03-30,0,0
CUST103668,28,Lucknow,Business Owner,47788,900,Home Loan,802158,120,9.19,10244.07,2024-05-28,0,0
CUST103669,55,Mumbai,Self-Employed,23317,587,Personal Loan,61317,24,17.34,3041.68,2024-03-10,0,0
CUST103670,46,Kolkata,Salaried,29053,649,Personal Loan,240387,36,16.55,8516.71,2024-06-23,0,0
CUST103671,33,Delhi,Salaried,22185,640,Gold Loan,51106,6,12.86,8839.99,2024-11-21,0,0
CUST103672,28,Jaipur,Self-Employed,48738,580,Home Loan,1092259,180,10.18,11858.04,2024-02-06,280,1
CUST103673,37,Mumbai,Salaried,68150,747,Vehicle Loan,381023,36,12.46,12739.29,2024-10-21,297,1
CUST103674,27,Lucknow,Business Owner,43333,703,Business Loan,308864,24,17.48,15342.27,2024-08-24,107,1
CUST103675,23,Jaipur,Salaried,145017,644,Personal Loan,81693,24,17.94,4076.08,2023-08-23,0,0
CUST103676,47,Pune,Self-Employed,116007,589,Personal Loan,933060,48,11.53,24356.28,2023-04-13,0,0
CUST103677,41,Bengaluru,Salaried,56840,608,Home Loan,881689,120,10.33,11813.3,2023-11-01,0,0
CUST103678,21,Lucknow,Self-Employed,63448,899,Business Loan,351863,24,15.56,17154.42,2023-03-11,236,1
CUST103679,45,Pune,Salaried,22185,724,Personal Loan,120896,24,12.15,5699.47,2023-01-14,0,0
CUST103680,53,Lucknow,Business Owner,59950,726,Personal Loan,425362,48,17.77,12443.94,2024-05-12,0,0
CUST103681,37,Jaipur,Business Owner,20000,539,Vehicle Loan,162353,48,11.64,4246.74,2024-11-21,280,1
CUST103682,42,Jaipur,Business Owner,44338,664,Personal Loan,145526,48,18.24,4293.1,2023-07-21,0,0
CUST103683,23,Ahmedabad,Self-Employed,83942,710,Personal Loan,519886,24,14.72,25138.42,2024-02-07,0,0
CUST103684,27,Bengaluru,Salaried,49840,598,Vehicle Loan,421504,36,9.9,13580.97,2024-05-30,0,0
CUST103685,64,Bengaluru,Salaried,43578,765,Vehicle Loan,238039,36,13.7,8100.97,2024-03-24,0,0
CUST103686,41,Kolkata,Business Owner,34148,815,Business Loan,118339,12,17.96,10847.07,2024-09-30,0,0
CUST103687,28,Bengaluru,Salaried,76154,679,Business Loan,347299,12,13.85,31158.47,2024-08-10,94,1
CUST103688,30,Delhi,Self-Employed,66576,731,Business Loan,984837,60,14.52,23181.8,2023-12-07,0,0
CUST103689,34,Pune,Salaried,55828,757,Gold Loan,323985,18,12.88,19889.96,2024-05-25,0,0
CUST103690,39,Chennai,Self-Employed,51145,706,Business Loan,140360,12,14.45,12632.26,2023-07-01,0,0
CUST103691,46,Kolkata,Business Owner,28192,684,Personal Loan,62479,12,13.93,5607.75,2024-02-24,0,0
CUST103692,33,Mumbai,Salaried,45958,671,Vehicle Loan,181810,36,9.79,5848.59,2024-04-29,0,0
CUST103693,33,Lucknow,Salaried,18723,583,Gold Loan,38074,6,12.86,6585.8,2023-10-23,0,0
CUST103694,43,Delhi,Business Owner,81401,729,Personal Loan,492287,48,14.97,13693.23,2023-08-16,0,0
CUST103695,46,Jaipur,Salaried,58098,710,Gold Loan,245768,18,10.54,14821.29,2023-10-29,0,0
CUST103696,36,Lucknow,Salaried,20000,614,Personal Loan,69288,24,17.58,3445.1,2023-04-07,0,0
CUST103697,51,Hyderabad,Salaried,35000,587,Home Loan,637970,120,10.27,8526.49,2024-06-09,0,0
CUST103698,29,Pune,Salaried,60559,629,Personal Loan,112907,12,11.87,10024.79,2024-05-02,0,0
CUST103699,29,Hyderabad,Self-Employed,137365,655,Home Loan,1592188,120,8.72,19928.69,2023-03-08,0,0
CUST103700,31,Ahmedabad,Salaried,66116,656,Vehicle Loan,438359,60,11.97,9744.41,2024-10-30,0,0
CUST103701,41,Kolkata,Salaried,48713,673,Personal Loan,544121,48,13.73,14795.32,2024-02-27,0,0
CUST103702,46,Lucknow,Salaried,45658,675,Home Loan,1027695,240,8.85,9147.53,2024-05-08,30,0
CUST103703,37,Chennai,Self-Employed,68216,559,Personal Loan,131781,48,15.66,3711.8,2023-05-20,0,0
CUST103704,26,Delhi,Business Owner,129470,440,Business Loan,348495,12,13.33,31180.61,2023-02-28,0,0
CUST103705,40,Delhi,Salaried,51751,664,Home Loan,2264035,240,10.61,22771.21,2024-04-11,0,0
CUST103706,53,Pune,Salaried,35000,764,Home Loan,769280,120,10.46,10363.06,2023-09-04,0,0
CUST103707,31,Bengaluru,Business Owner,60152,712,Home Loan,1520497,240,10.24,14915.72,2024-04-28,0,0
CUST103708,41,Hyderabad,Salaried,71566,772,Vehicle Loan,363691,24,13.03,17295.66,2024-03-15,0,0
CUST103709,21,Chennai,Business Owner,167801,692,Gold Loan,652916,24,10.67,30331.07,2024-03-04,0,0
CUST103710,32,Lucknow,Salaried,60920,708,Gold Loan,53576,6,11.36,9227.51,2023-05-30,0,0
CUST103711,41,Delhi,Self-Employed,94611,753,Home Loan,1869655,240,10.98,19272.92,2023-11-17,0,0
CUST103712,36,Chennai,Salaried,24192,689,Vehicle Loan,310133,48,10.02,7868.75,2023-06-05,0,0
CUST103713,34,Jaipur,Salaried,66916,584,Gold Loan,273023,18,10.31,16435.96,2023-07-21,30,0
CUST103714,43,Delhi,Salaried,80350,735,Business Loan,303617,12,12.85,27096.88,2024-01-03,0,0
CUST103715,34,Delhi,Salaried,43815,518,Home Loan,1904484,300,10.44,17900.24,2024-03-29,0,0
CUST103716,56,Mumbai,Salaried,35000,811,Home Loan,1447059,180,9.79,15364.79,2023-07-18,0,0
CUST103717,21,Kolkata,Salaried,47166,624,Vehicle Loan,236388,60,11.3,5175.09,2024-04-02,0,0
CUST103718,25,Delhi,Self-Employed,47067,555,Personal Loan,91560,48,11.54,2390.5,2023-09-09,0,0
CUST103719,21,Mumbai,Business Owner,236706,783,Business Loan,457371,12,14.51,41175.86,2024-02-22,212,1
CUST103720,42,Delhi,Salaried,29247,712,Personal Loan,70009,48,13.34,1890.0,2024-02-23,0,0
CUST103721,44,Kolkata,Self-Employed,51331,771,Personal Loan,59534,12,14.42,5357.16,2024-03-09,0,0
CUST103722,49,Ahmedabad,Salaried,80217,690,Home Loan,2599589,300,9.46,22640.28,2023-07-03,0,0
CUST103723,39,Delhi,Salaried,37395,759,Gold Loan,207645,24,9.25,9510.04,2023-01-20,0,0
CUST103724,25,Lucknow,Business Owner,41239,541,Personal Loan,63357,12,16.47,5762.54,2023-08-16,0,0
CUST103725,42,Jaipur,Salaried,32409,755,Personal Loan,357400,48,15.24,9990.24,2023-09-22,359,1
CUST103726,34,Bengaluru,Business Owner,73694,748,Personal Loan,197404,12,16.85,17990.13,2024-05-14,15,0
CUST103727,32,Pune,Salaried,44954,665,Personal Loan,205389,48,12.68,5477.51,2023-03-07,0,0
CUST103728,46,Jaipur,Business Owner,72262,743,Gold Loan,165955,6,9.53,28433.04,2024-01-24,15,0
CUST103729,46,Pune,Salaried,75270,718,Personal Loan,145078,24,18.32,7265.34,2023-03-12,0,0
CUST103730,45,Mumbai,Self-Employed,41062,645,Gold Loan,89879,24,12.44,4249.41,2023-11-19,0,0
CUST103731,45,Kolkata,Self-Employed,56255,756,Business Loan,315754,36,15.02,10948.81,2023-11-28,0,0
CUST103732,35,Chennai,Self-Employed,155093,680,Business Loan,374132,12,17.71,34248.8,2023-12-23,0,0
CUST103733,45,Lucknow,Salaried,97464,691,Personal Loan,662682,24,14.56,31992.87,2023-03-28,0,0
CUST103734,31,Bengaluru,Salaried,20000,761,Personal Loan,62009,36,18.36,2252.99,2024-10-15,0,0
CUST103735,26,Jaipur,Self-Employed,119539,604,Home Loan,2304923,180,11.27,26589.79,2024-02-01,0,0
CUST103736,41,Mumbai,Salaried,21770,843,Personal Loan,98387,24,16.46,4838.99,2024-04-08,0,0
CUST103737,49,Mumbai,Self-Employed,40367,549,Home Loan,1179371,120,10.39,15841.29,2023-11-30,291,1
CUST103738,24,Pune,Salaried,25000,604,Business Loan,94811,12,16.3,8615.75,2023-02-25,123,1
CUST103739,45,Lucknow,Salaried,28832,628,Vehicle Loan,320240,48,13.37,8650.16,2023-06-05,0,0
CUST103740,22,Mumbai,Self-Employed,47501,654,Personal Loan,259687,24,12.09,12235.29,2024-05-19,0,0
CUST103741,44,Kolkata,Business Owner,91098,730,Business Loan,707756,24,15.18,34377.27,2023-02-05,1,0
CUST103742,33,Lucknow,Business Owner,32693,626,Personal Loan,55998,12,17.38,5117.39,2024-09-18,0,0
CUST103743,31,Mumbai,Business Owner,56614,754,Personal Loan,205849,12,13.37,18421.62,2024-07-21,196,1
CUST103744,27,Kolkata,Business Owner,46063,609,Home Loan,1210909,120,10.35,16237.86,2024-01-30,355,1
CUST103745,30,Pune,Self-Employed,92552,589,Business Loan,583943,36,12.72,19596.69,2024-01-22,114,1
CUST103746,42,Ahmedabad,Salaried,47255,500,Personal Loan,114119,48,16.44,3259.94,2023-01-26,110,1
CUST103747,29,Pune,Business Owner,124484,640,Personal Loan,686928,48,18.76,20452.33,2024-11-11,0,0
CUST103748,29,Pune,Salaried,29024,673,Vehicle Loan,235272,36,10.55,7652.46,2024-07-23,0,0
CUST103749,25,Jaipur,Salaried,64824,676,Business Loan,733125,60,15.7,17711.53,2023-08-30,0,0
CUST103750,49,Lucknow,Business Owner,29945,858,Personal Loan,94552,48,11.59,2470.93,2024-11-10,0,0
CUST103751,36,Ahmedabad,Salaried,83997,756,Home Loan,1939656,240,9.05,17514.01,2023-10-04,0,0
CUST103752,34,Ahmedabad,Self-Employed,77913,684,Business Loan,603591,60,11.02,13129.55,2024-06-15,0,0
CUST103753,52,Jaipur,Self-Employed,44834,762,Home Loan,1378037,300,9.87,12396.17,2023-09-05,0,0
CUST103754,39,Bengaluru,Self-Employed,78733,744,Home Loan,1969320,300,10.85,19088.38,2023-09-01,0,0
CUST103755,44,Ahmedabad,Self-Employed,76316,668,Gold Loan,68356,12,12.16,6078.47,2024-11-08,0,0
CUST103756,42,Lucknow,Salaried,122648,764,Home Loan,2579539,180,9.12,26347.86,2023-05-11,0,0
CUST103757,50,Pune,Salaried,48683,770,Business Loan,351358,24,12.32,16592.2,2024-07-23,0,0
CUST103758,43,Kolkata,Salaried,35000,660,Home Loan,992050,240,8.77,8779.52,2023-07-23,0,0
CUST103759,23,Jaipur,Self-Employed,47439,670,Gold Loan,72792,24,9.46,3340.87,2023-01-03,0,0
CUST103760,40,Mumbai,Salaried,41585,733,Personal Loan,68456,36,16.16,2412.12,2024-10-30,0,0
CUST103761,33,Jaipur,Salaried,52816,653,Vehicle Loan,277173,60,10.23,5920.52,2023-03-17,0,0
CUST103762,45,Delhi,Salaried,68791,749,Personal Loan,304187,12,12.45,27090.72,2023-04-01,0,0
CUST103763,38,Kolkata,Salaried,20000,614,Personal Loan,138265,48,16.63,3963.22,2024-02-16,0,0
CUST103764,45,Kolkata,Self-Employed,27940,564,Personal Loan,72257,36,17.16,2581.92,2023-01-18,0,0
CUST103765,32,Ahmedabad,Salaried,35000,714,Home Loan,1516296,240,10.66,15301.71,2024-07-21,109,1
CUST103766,47,Delhi,Self-Employed,36036,707,Home Loan,1204025,120,9.04,15278.16,2023-05-13,0,0
CUST103767,36,Chennai,Self-Employed,61995,646,Personal Loan,236956,48,17.78,6933.37,2024-04-02,0,0
CUST103768,39,Jaipur,Business Owner,44956,842,Personal Loan,68917,12,11.83,6117.71,2023-07-07,333,1
CUST103769,29,Lucknow,Salaried,35785,676,Vehicle Loan,177759,36,10.03,5738.29,2023-05-12,0,0
CUST103770,37,Pune,Salaried,35000,479,Home Loan,1129221,240,9.48,10511.08,2023-03-29,0,0
CUST103771,38,Hyderabad,Self-Employed,20000,672,Personal Loan,120726,48,18.5,3577.95,2023-02-23,0,0
CUST103772,21,Hyderabad,Salaried,28887,651,Personal Loan,88988,12,18.59,8183.43,2023-08-28,0,0
CUST103773,32,Kolkata,Business Owner,112307,697,Personal Loan,436027,24,14.39,21015.34,2023-01-18,0,0
CUST103774,23,Jaipur,Self-Employed,36228,702,Gold Loan,54984,6,11.82,9482.51,2024-08-03,0,0
CUST103775,37,Chennai,Self-Employed,52244,826,Vehicle Loan,200234,48,10.94,5169.32,2023-02-12,0,0
CUST103776,38,Lucknow,Self-Employed,62935,523,Business Loan,273747,24,12.04,12891.34,2023-07-29,219,1
CUST103777,39,Mumbai,Salaried,69820,658,Vehicle Loan,170034,24,10.78,7907.56,2023-11-04,0,0
CUST103778,33,Pune,Business Owner,22601,551,Gold Loan,78262,24,9.98,3610.67,2024-01-03,0,0
CUST103779,42,Bengaluru,Salaried,29481,591,Business Loan,329581,36,13.39,11166.9,2024-08-10,0,0
CUST103780,38,Bengaluru,Salaried,55340,665,Vehicle Loan,249587,24,12.42,11797.94,2023-08-26,7,0
CUST103781,35,Ahmedabad,Salaried,61543,639,Home Loan,1298145,240,10.1,12613.51,2024-08-07,1,0
CUST103782,40,Ahmedabad,Self-Employed,35000,589,Home Loan,1373251,180,10.98,15591.09,2023-12-19,30,0
CUST103783,57,Chennai,Self-Employed,40119,605,Gold Loan,113189,18,12.49,6928.29,2023-02-23,234,1
CUST103784,46,Delhi,Self-Employed,36398,578,Home Loan,1547344,240,9.5,14423.28,2023-04-19,361,1
CUST103785,35,Delhi,Salaried,87915,608,Vehicle Loan,157061,24,9.88,7238.87,2024-08-06,1,0
CUST103786,47,Mumbai,Salaried,92315,649,Personal Loan,507124,24,18.74,25499.4,2023-08-18,0,0
CUST103787,51,Kolkata,Business Owner,44433,900,Personal Loan,300915,36,17.89,10862.2,2024-09-03,327,1
CUST103788,33,Lucknow,Salaried,33272,643,Business Loan,310199,60,15.16,7405.69,2023-06-27,0,0
CUST103789,42,Jaipur,Salaried,221790,669,Personal Loan,474109,12,14.79,42745.31,2023-01-19,173,1
CUST103790,41,Hyderabad,Business Owner,54332,564,Personal Loan,333818,36,11.79,11054.08,2023-02-10,0,0
CUST103791,30,Bengaluru,Business Owner,25000,536,Business Loan,214213,60,15.17,5115.25,2023-10-15,0,0
CUST103792,48,Delhi,Salaried,34747,822,Personal Loan,250192,48,17.08,7229.66,2024-09-04,0,0
CUST103793,38,Hyderabad,Salaried,69761,746,Vehicle Loan,358253,24,11.23,16735.68,2023-12-24,0,0
CUST103794,52,Pune,Salaried,35000,900,Home Loan,1154563,180,8.54,11396.53,2023-02-22,0,0
CUST103795,39,Hyderabad,Salaried,35000,568,Home Loan,1254232,180,10.44,13817.65,2023-07-22,116,1
CUST103796,55,Ahmedabad,Self-Employed,84823,653,Personal Loan,256916,36,16.71,9122.72,2024-11-23,0,0
CUST103797,24,Mumbai,Salaried,20000,460,Vehicle Loan,181443,24,12.07,8547.08,2024-11-11,321,1
CUST103798,48,Mumbai,Salaried,28071,579,Business Loan,171096,24,15.56,8341.47,2023-08-26,0,0
CUST103799,21,Delhi,Self-Employed,15000,671,Gold Loan,53701,24,9.18,2457.75,2024-06-26,1,0
CUST103800,28,Lucknow,Salaried,110812,631,Personal Loan,349701,36,16.88,12446.92,2023-10-30,0,0
CUST103801,36,Jaipur,Salaried,48312,724,Business Loan,392793,60,14.57,9256.09,2024-08-16,0,0
CUST103802,45,Hyderabad,Self-Employed,53971,644,Home Loan,1973173,240,10.49,19686.51,2024-05-11,0,0
CUST103803,32,Lucknow,Self-Employed,108771,620,Home Loan,1878695,240,11.06,19468.44,2023-03-23,0,0
CUST103804,41,Jaipur,Salaried,26895,708,Personal Loan,77058,36,14.88,2666.71,2024-09-20,1,0
CUST103805,42,Kolkata,Self-Employed,88676,723,Personal Loan,340316,24,18.46,17065.71,2023-07-09,0,0
CUST103806,27,Pune,Salaried,52937,664,Personal Loan,590297,36,12.23,19671.22,2024-05-12,0,0
CUST103807,49,Jaipur,Salaried,59172,563,Business Loan,522846,24,15.34,25435.59,2024-06-06,0,0
CUST103808,46,Lucknow,Salaried,20000,619,Vehicle Loan,148454,24,13.49,7091.99,2023-11-04,0,0
CUST103809,27,Jaipur,Salaried,47121,609,Home Loan,697495,120,11.34,9742.72,2024-07-18,0,0
CUST103810,21,Kolkata,Salaried,94238,664,Personal Loan,79909,48,15.36,2238.54,2023-10-29,0,0
CUST103811,35,Lucknow,Salaried,39765,645,Home Loan,1503003,180,8.76,15030.62,2024-10-31,0,0
CUST103812,45,Chennai,Business Owner,64814,795,Gold Loan,104149,6,10.22,17879.24,2024-04-13,0,0
CUST103813,48,Kolkata,Salaried,25160,728,Vehicle Loan,245914,48,13.34,6638.83,2024-02-07,0,0
CUST103814,40,Mumbai,Self-Employed,56908,734,Business Loan,398378,24,17.19,19733.1,2023-12-19,0,0
CUST103815,21,Jaipur,Salaried,34582,622,Personal Loan,217152,48,13.39,5867.77,2023-10-10,226,1
CUST103816,35,Mumbai,Business Owner,43614,619,Business Loan,540122,60,17.76,13645.13,2023-10-02,0,0
CUST103817,25,Mumbai,Business Owner,50482,764,Gold Loan,150092,18,11.0,9083.35,2023-12-21,0,0
CUST103818,30,Mumbai,Business Owner,78819,666,Vehicle Loan,619708,48,11.68,16222.09,2024-03-11,0,0
CUST103819,60,Chennai,Self-Employed,45144,762,Business Loan,214962,12,16.94,19599.44,2023-11-20,138,1
CUST103820,34,Hyderabad,Salaried,57498,836,Home Loan,1916402,180,8.63,19017.89,2023-04-22,0,0
CUST103821,47,Mumbai,Salaried,48971,567,Home Loan,1949920,240,10.21,19089.25,2024-10-21,0,0
CUST103822,40,Chennai,Self-Employed,45184,791,Vehicle Loan,432384,36,10.14,13980.25,2024-04-25,0,0
CUST103823,37,Mumbai,Self-Employed,34897,569,Business Loan,160115,12,16.3,14550.11,2023-05-02,0,0
CUST103824,31,Lucknow,Salaried,28251,815,Business Loan,242026,24,16.47,11904.77,2023-10-02,0,0
CUST103825,32,Delhi,Self-Employed,46005,607,Personal Loan,111367,12,13.96,9997.23,2023-04-08,0,0
CUST103826,32,Mumbai,Salaried,35000,665,Home Loan,795782,240,10.84,8127.49,2023-10-18,1,0
CUST103827,42,Bengaluru,Self-Employed,25000,724,Business Loan,205918,36,16.03,7242.52,2024-05-18,0,0
CUST103828,31,Bengaluru,Salaried,35000,754,Home Loan,1640594,300,9.19,13981.89,2024-01-05,0,0
CUST103829,42,Delhi,Self-Employed,78417,740,Personal Loan,146792,24,15.13,7126.52,2023-11-22,1,0
CUST103830,40,Ahmedabad,Salaried,47272,897,Vehicle Loan,378753,24,13.34,18067.15,2024-07-01,0,0
CUST103831,24,Hyderabad,Salaried,27229,638,Gold Loan,52383,24,11.47,2452.9,2024-07-20,0,0
CUST103832,36,Delhi,Salaried,68854,670,Business Loan,215010,12,13.22,19226.31,2023-08-13,15,0
CUST103833,45,Pune,Salaried,28264,723,Personal Loan,147219,48,12.4,3905.82,2023-01-24,0,0
CUST103834,40,Delhi,Self-Employed,45125,686,Gold Loan,61788,6,12.64,10680.97,2023-08-06,207,1
CUST103835,59,Bengaluru,Salaried,36200,756,Business Loan,254123,36,14.45,8740.97,2024-09-27,0,0
CUST103836,50,Chennai,Self-Employed,43115,900,Personal Loan,373690,36,17.08,13337.95,2024-06-08,0,0
CUST103837,21,Mumbai,Salaried,47069,742,Vehicle Loan,155354,24,10.16,7180.28,2024-09-23,0,0
CUST103838,43,Ahmedabad,Salaried,35000,673,Home Loan,1161320,240,8.63,10173.96,2023-07-06,0,0
CUST103839,27,Pune,Business Owner,23597,719,Gold Loan,69138,12,11.37,6122.47,2024-09-12,0,0
CUST103840,37,Hyderabad,Self-Employed,33297,722,Personal Loan,426140,48,12.01,11223.99,2023-04-17,0,0
CUST103841,36,Lucknow,Salaried,41645,609,Business Loan,300356,36,17.55,10790.91,2023-09-06,30,0
CUST103842,44,Jaipur,Business Owner,63138,732,Home Loan,1882607,180,11.27,21717.92,2023-08-15,0,0
CUST103843,40,Mumbai,Self-Employed,32544,618,Gold Loan,65798,6,10.1,11291.64,2023-08-23,0,0
CUST103844,43,Pune,Self-Employed,47717,649,Home Loan,1188135,300,11.01,11653.66,2023-06-07,0,0
CUST103845,50,Kolkata,Self-Employed,53105,762,Home Loan,1545644,120,11.43,21669.2,2023-09-02,0,0
CUST103846,28,Jaipur,Self-Employed,66443,670,Gold Loan,349740,24,10.2,16171.03,2024-03-16,0,0
CUST103847,26,Kolkata,Salaried,187627,750,Personal Loan,565693,12,11.59,50152.7,2024-09-16,1,0
CUST103848,41,Ahmedabad,Self-Employed,57122,662,Personal Loan,175963,48,18.63,5227.02,2023-03-20,0,0
CUST103849,32,Hyderabad,Salaried,81310,590,Business Loan,346867,24,14.76,16778.89,2024-04-25,0,0
CUST103850,46,Bengaluru,Salaried,82024,579,Home Loan,1768504,180,9.9,18896.39,2024-08-01,0,0
CUST103851,43,Jaipur,Self-Employed,50096,641,Business Loan,199760,12,14.49,17981.96,2023-12-22,0,0
CUST103852,39,Hyderabad,Business Owner,43140,687,Vehicle Loan,212955,24,10.34,9860.24,2023-10-21,0,0
CUST103853,41,Kolkata,Business Owner,52981,789,Business Loan,458861,60,11.61,10116.91,2023-01-18,234,1
CUST103854,30,Jaipur,Self-Employed,33627,644,Personal Loan,142039,24,13.95,6816.35,2024-02-02,7,0
CUST103855,47,Mumbai,Self-Employed,36452,550,Home Loan,877328,180,9.58,9203.67,2023-08-12,172,1
CUST103856,46,Jaipur,Self-Employed,87758,748,Home Loan,1712865,120,10.75,23352.98,2024-04-10,0,0
CUST103857,43,Jaipur,Salaried,48448,675,Gold Loan,183224,18,10.57,11052.05,2023-12-20,287,1
CUST103858,24,Ahmedabad,Salaried,31514,499,Personal Loan,107970,24,18.89,5436.85,2024-02-29,0,0
CUST103859,38,Pune,Self-Employed,25000,723,Business Loan,95252,12,13.57,8533.14,2023-12-10,15,0
CUST103860,27,Lucknow,Self-Employed,47112,579,Personal Loan,78164,24,15.08,3792.88,2024-11-11,0,0
CUST103861,33,Kolkata,Business Owner,60449,595,Vehicle Loan,513872,60,9.92,10898.04,2023-02-06,0,0
CUST103862,21,Ahmedabad,Business Owner,52601,662,Personal Loan,240185,12,16.3,21826.3,2023-11-21,0,0
CUST103863,36,Jaipur,Self-Employed,58342,641,Home Loan,1388793,180,10.75,15567.65,2024-11-28,0,0
CUST103864,38,Lucknow,Salaried,40578,605,Business Loan,244135,24,11.65,11452.42,2024-11-01,211,1
CUST103865,52,Lucknow,Salaried,21001,732,Vehicle Loan,265571,48,12.67,7081.18,2023-01-20,1,0
CUST103866,28,Chennai,Business Owner,32431,679,Business Loan,139898,12,16.78,12744.76,2024-05-19,0,0
CUST103867,43,Chennai,Salaried,98012,782,Personal Loan,294484,36,15.8,10324.13,2024-04-22,0,0
CUST103868,41,Pune,Salaried,95329,672,Business Loan,375127,24,11.42,17557.1,2023-03-01,0,0
CUST103869,23,Mumbai,Salaried,22677,628,Vehicle Loan,191177,48,11.85,5020.36,2024-01-28,0,0
CUST103870,42,Mumbai,Business Owner,30012,622,Gold Loan,59112,6,9.91,10138.72,2023-01-15,312,1
CUST103871,28,Bengaluru,Self-Employed,65938,693,Personal Loan,817217,48,14.7,22619.68,2024-01-18,178,1
CUST103872,40,Kolkata,Self-Employed,37374,704,Home Loan,972873,120,9.64,12663.43,2024-08-14,258,1
CUST103873,33,Mumbai,Business Owner,57142,659,Personal Loan,62352,36,16.56,2209.39,2024-10-10,0,0
CUST103874,31,Bengaluru,Self-Employed,20919,701,Vehicle Loan,232029,60,12.51,5221.35,2023-05-05,0,0
CUST103875,41,Mumbai,Salaried,71317,746,Business Loan,304499,36,13.17,10284.73,2024-11-30,0,0
CUST103876,39,Pune,Salaried,44614,560,Home Loan,1363070,240,8.96,12228.85,2023-01-04,175,1
CUST103877,21,Jaipur,Self-Employed,20000,639,Vehicle Loan,158693,36,12.65,5320.28,2024-11-04,0,0
CUST103878,21,Lucknow,Salaried,44988,813,Home Loan,951399,120,10.86,13030.24,2024-02-15,7,0
CUST103879,44,Jaipur,Salaried,74572,867,Personal Loan,503587,24,17.13,24929.95,2024-02-23,0,0
CUST103880,48,Delhi,Salaried,39758,666,Home Loan,858361,180,8.6,8503.01,2024-04-27,0,0
CUST103881,29,Delhi,Salaried,77671,744,Gold Loan,123542,6,9.23,21148.18,2023-06-18,0,0
CUST103882,40,Kolkata,Business Owner,70434,754,Home Loan,1536152,120,9.09,19534.23,2024-01-24,0,0
CUST103883,34,Lucknow,Self-Employed,54380,680,Vehicle Loan,326885,48,12.52,8691.83,2023-10-18,1,0
CUST103884,32,Bengaluru,Salaried,61471,651,Vehicle Loan,607278,36,11.03,19890.13,2023-07-03,0,0
CUST103885,25,Ahmedabad,Self-Employed,22117,821,Personal Loan,341656,48,14.78,9470.48,2024-05-17,0,0
CUST103886,44,Delhi,Salaried,57222,514,Home Loan,1100484,180,10.64,12260.43,2024-04-02,348,1
CUST103887,42,Ahmedabad,Salaried,35178,794,Home Loan,1133213,120,10.2,15101.28,2023-03-22,298,1
CUST103888,23,Chennai,Self-Employed,59922,610,Personal Loan,155596,36,16.88,5538.13,2023-08-21,0,0
CUST103889,35,Jaipur,Salaried,34832,613,Business Loan,383877,36,15.45,13391.97,2023-03-01,0,0
CUST103890,36,Delhi,Salaried,65428,900,Personal Loan,202224,36,14.26,6937.1,2023-08-07,0,0
CUST103891,43,Kolkata,Salaried,31413,763,Gold Loan,72692,24,12.27,3431.04,2023-08-28,260,1
CUST103892,51,Mumbai,Business Owner,61220,613,Business Loan,333359,36,15.88,11700.17,2024-10-09,0,0
CUST103893,28,Mumbai,Salaried,53306,654,Home Loan,1322285,240,10.29,13015.43,2024-02-18,0,0
CUST103894,41,Delhi,Salaried,23080,529,Personal Loan,137553,48,13.1,3697.03,2024-11-21,0,0
CUST103895,31,Kolkata,Salaried,33579,592,Personal Loan,286150,48,13.66,7770.75,2023-12-12,0,0
CUST103896,30,Bengaluru,Self-Employed,102906,589,Personal Loan,518228,24,13.44,24744.74,2024-01-28,0,0
CUST103897,51,Hyderabad,Salaried,25000,513,Business Loan,203425,36,11.74,6731.39,2023-11-22,182,1
CUST103898,37,Hyderabad,Salaried,25860,783,Gold Loan,77106,12,12.79,6879.3,2024-02-02,0,0
CUST103899,44,Jaipur,Salaried,103278,634,Personal Loan,258512,36,17.88,9330.27,2024-10-21,312,1
CUST103900,54,Ahmedabad,Self-Employed,20000,706,Personal Loan,119087,36,17.45,4272.49,2024-08-04,0,0
CUST103901,45,Ahmedabad,Salaried,23941,806,Personal Loan,67580,24,17.98,3373.22,2024-11-29,0,0
CUST103902,38,Delhi,Salaried,87004,645,Personal Loan,246994,24,18.06,12338.12,2024-11-15,0,0
CUST103903,51,Hyderabad,Self-Employed,38634,780,Vehicle Loan,286856,36,13.14,9684.67,2024-08-17,30,0
CUST103904,33,Bengaluru,Salaried,35000,692,Home Loan,1102643,120,11.43,15458.53,2024-07-02,0,0
CUST103905,27,Delhi,Salaried,26106,701,Business Loan,72766,12,16.38,6615.21,2023-10-24,15,0
CUST103906,54,Chennai,Salaried,40924,679,Gold Loan,122299,12,9.57,10727.58,2023-04-04,0,0
CUST103907,35,Pune,Salaried,108036,694,Home Loan,2156006,240,9.97,20763.09,2024-08-03,1,0
CUST103908,30,Hyderabad,Self-Employed,38158,848,Business Loan,365915,60,16.09,8915.85,2023-10-28,15,0
CUST103909,46,Mumbai,Salaried,84938,811,Gold Loan,110239,18,9.24,6582.12,2024-09-29,0,0
CUST103910,39,Hyderabad,Salaried,51050,714,Vehicle Loan,223946,24,12.32,10575.41,2024-08-29,0,0
CUST103911,22,Jaipur,Self-Employed,83394,672,Personal Loan,85653,12,13.8,7682.48,2023-11-26,0,0
CUST103912,41,Hyderabad,Business Owner,68782,692,Home Loan,1682767,120,8.62,20972.06,2023-08-15,0,0
CUST103913,23,Lucknow,Salaried,61481,619,Personal Loan,221368,12,16.44,20131.03,2024-09-30,1,0
CUST103914,31,Jaipur,Salaried,25000,514,Business Loan,279374,36,14.8,9657.25,2024-10-17,245,1
CUST103915,47,Kolkata,Business Owner,87879,760,Home Loan,1686491,120,10.85,23088.45,2023-04-20,7,0
CUST103916,41,Hyderabad,Self-Employed,68938,814,Personal Loan,422584,36,12.71,14179.57,2023-05-14,0,0
CUST103917,28,Ahmedabad,Self-Employed,67727,494,Gold Loan,92096,6,11.39,15863.27,2024-02-21,0,0
CUST103918,23,Chennai,Self-Employed,66434,632,Gold Loan,51484,6,12.4,8893.66,2024-03-11,0,0
CUST103919,41,Chennai,Salaried,39591,608,Personal Loan,141516,36,17.05,5048.95,2023-02-08,0,0
CUST103920,55,Kolkata,Salaried,21729,674,Personal Loan,166808,48,14.27,4580.9,2023-05-02,0,0
CUST103921,36,Delhi,Business Owner,35744,677,Personal Loan,63061,48,15.55,1772.67,2024-09-22,0,0
CUST103922,32,Hyderabad,Salaried,75827,679,Home Loan,1541926,240,11.33,16263.31,2024-05-12,0,0
CUST103923,28,Kolkata,Salaried,106304,789,Business Loan,370211,24,14.15,17801.14,2023-08-26,0,0
CUST103924,34,Chennai,Self-Employed,97539,606,Home Loan,2935844,240,8.66,25776.02,2024-06-26,0,0
CUST103925,42,Delhi,Self-Employed,55965,743,Personal Loan,135728,36,16.18,4783.86,2023-10-29,0,0
CUST103926,60,Kolkata,Salaried,35000,756,Home Loan,1289393,300,10.28,11972.18,2023-01-10,0,0
CUST103927,59,Delhi,Self-Employed,58376,650,Personal Loan,249889,48,18.45,7399.38,2024-04-16,0,0
CUST103928,25,Bengaluru,Salaried,47682,726,Home Loan,1097391,300,11.28,10978.54,2024-10-02,0,0
CUST103929,42,Ahmedabad,Salaried,74663,664,Vehicle Loan,314653,24,13.11,14975.44,2024-09-27,0,0
CUST103930,30,Delhi,Business Owner,86700,633,Personal Loan,142925,24,12.42,6756.04,2023-02-19,354,1
CUST103931,32,Delhi,Business Owner,70633,595,Personal Loan,636629,48,17.63,18578.12,2024-05-19,0,0
CUST103932,50,Bengaluru,Salaried,80721,766,Business Loan,706871,60,15.96,17174.71,2024-07-24,0,0
CUST103933,30,Kolkata,Self-Employed,53040,423,Vehicle Loan,518668,60,11.2,11328.9,2024-01-24,0,0
CUST103934,27,Chennai,Business Owner,65363,696,Vehicle Loan,451422,48,13.92,12317.66,2023-05-05,0,0
CUST103935,34,Ahmedabad,Business Owner,40500,641,Personal Loan,358153,48,12.2,9466.75,2024-11-24,0,0
CUST103936,39,Kolkata,Self-Employed,107185,708,Personal Loan,984475,48,12.63,26230.57,2024-10-22,0,0
CUST103937,47,Delhi,Business Owner,43395,676,Personal Loan,89317,12,14.32,8032.97,2024-08-01,182,1
CUST103938,42,Lucknow,Salaried,46920,609,Personal Loan,62330,12,18.45,5727.77,2024-02-14,0,0
CUST103939,37,Lucknow,Self-Employed,34605,679,Business Loan,237242,24,15.01,11504.2,2024-10-22,7,0
CUST103940,42,Chennai,Self-Employed,55264,701,Home Loan,1366253,120,11.39,19123.01,2024-03-02,164,1
CUST103941,25,Delhi,Self-Employed,39633,582,Gold Loan,52558,12,11.6,4659.89,2023-03-01,0,0
CUST103942,50,Chennai,Salaried,70258,805,Home Loan,1387364,120,8.78,17409.78,2024-06-27,0,0
CUST103943,46,Chennai,Salaried,74268,682,Home Loan,1335338,120,9.07,16966.13,2023-07-21,0,0
CUST103944,39,Delhi,Salaried,37402,742,Personal Loan,142506,48,11.74,3734.56,2024-09-24,0,0
CUST103945,21,Bengaluru,Salaried,51887,815,Personal Loan,108635,36,15.01,3766.4,2023-09-09,30,0
CUST103946,32,Mumbai,Salaried,69581,889,Business Loan,661266,60,15.33,15846.25,2023-07-13,361,1
CUST103947,45,Bengaluru,Self-Employed,29975,790,Personal Loan,84898,12,12.56,7565.34,2024-07-11,0,0
CUST103948,36,Ahmedabad,Business Owner,37340,742,Business Loan,124342,12,13.3,11123.4,2024-01-22,199,1
CUST103949,35,Jaipur,Salaried,35011,666,Home Loan,802169,120,9.29,10287.86,2023-04-27,0,0
CUST103950,35,Hyderabad,Salaried,56211,524,Vehicle Loan,237418,60,9.92,5035.09,2024-09-26,318,1
CUST103951,47,Pune,Salaried,49824,570,Home Loan,2098625,180,8.66,20863.29,2023-06-02,0,0
CUST103952,53,Lucknow,Salaried,63888,723,Business Loan,270709,12,15.86,24543.73,2023-10-28,0,0
CUST103953,49,Delhi,Self-Employed,69993,644,Gold Loan,116632,24,9.96,5379.82,2023-07-14,0,0
CUST103954,35,Pune,Salaried,65902,676,Personal Loan,131586,36,11.88,4363.0,2023-08-07,0,0
CUST103955,30,Jaipur,Salaried,79064,704,Business Loan,300743,12,14.26,27039.65,2024-02-01,303,1
CUST103956,36,Lucknow,Salaried,31843,718,Personal Loan,64613,24,17.15,3199.27,2024-08-26,0,0
CUST103957,36,Bengaluru,Salaried,35000,694,Home Loan,1605249,300,10.22,14836.6,2023-06-30,313,1
CUST103958,35,Delhi,Salaried,56680,655,Business Loan,339968,24,15.11,16501.68,2024-09-24,0,0
CUST103959,42,Kolkata,Self-Employed,63403,807,Home Loan,1414892,240,11.45,15040.11,2023-05-20,1,0
CUST103960,36,Delhi,Salaried,37906,786,Vehicle Loan,199748,24,11.68,9373.01,2023-05-04,310,1
CUST103961,42,Bengaluru,Salaried,30827,580,Personal Loan,52143,12,16.18,4735.42,2024-04-23,7,0
CUST103962,37,Hyderabad,Self-Employed,121100,787,Vehicle Loan,867282,48,10.62,22255.65,2023-08-24,15,0
CUST103963,29,Jaipur,Business Owner,56942,692,Gold Loan,240550,18,11.87,14654.71,2024-02-07,7,0
CUST103964,23,Delhi,Business Owner,35000,792,Home Loan,1416387,300,10.36,13231.89,2024-04-23,0,0
CUST103965,42,Pune,Salaried,40951,673,Home Loan,1143363,300,9.44,9941.88,2023-06-16,0,0
CUST103966,35,Chennai,Salaried,56848,779,Personal Loan,62534,36,13.52,2122.71,2024-08-29,0,0
CUST103967,39,Lucknow,Business Owner,40273,688,Gold Loan,105422,12,10.56,9295.75,2024-11-01,0,0
CUST103968,35,Hyderabad,Salaried,44364,870,Personal Loan,347142,48,14.98,9657.7,2023-08-11,0,0
CUST103969,35,Pune,Salaried,35000,736,Home Loan,1359510,300,8.75,11177.12,2024-09-03,0,0
CUST103970,59,Lucknow,Business Owner,35973,643,Business Loan,264656,36,16.38,9354.25,2023-11-14,0,0
CUST103971,35,Kolkata,Salaried,117802,587,Business Loan,528411,60,13.89,12265.09,2024-10-06,0,0
CUST103972,40,Bengaluru,Salaried,74862,697,Business Loan,288051,12,15.25,26032.99,2024-11-17,363,1
CUST103973,31,Chennai,Salaried,52762,627,Personal Loan,418132,48,13.15,11248.59,2023-12-22,15,0
CUST103974,46,Mumbai,Business Owner,27330,613,Personal Loan,116342,24,16.54,5726.53,2023-08-09,0,0
CUST103975,65,Hyderabad,Self-Employed,48699,891,Business Loan,363978,24,15.77,17781.52,2023-05-05,0,0
CUST103976,34,Delhi,Self-Employed,73668,859,Personal Loan,108505,12,16.76,9883.82,2023-10-20,286,1
CUST103977,34,Hyderabad,Business Owner,26013,562,Personal Loan,137891,48,13.7,3747.36,2023-05-28,0,0
CUST103978,44,Jaipur,Salaried,58186,741,Personal Loan,406124,36,12.01,13491.07,2023-02-21,0,0
CUST103979,47,Ahmedabad,Salaried,49211,573,Home Loan,1198365,120,10.13,15922.88,2024-06-04,0,0
CUST103980,31,Hyderabad,Salaried,35000,644,Home Loan,1054765,240,9.89,10101.96,2023-10-10,0,0
CUST103981,36,Ahmedabad,Salaried,57305,736,Gold Loan,90937,24,11.6,4263.75,2024-01-08,0,0
CUST103982,31,Lucknow,Salaried,78653,651,Gold Loan,213587,18,10.66,12892.41,2024-06-05,0,0
CUST103983,34,Delhi,Self-Employed,77087,485,Business Loan,728447,60,13.51,16765.21,2024-10-11,0,0
CUST103984,45,Ahmedabad,Salaried,158034,640,Personal Loan,456520,24,18.72,22950.49,2023-04-27,160,1
CUST103985,30,Ahmedabad,Business Owner,22509,679,Vehicle Loan,165849,60,11.08,3612.58,2024-08-24,0,0
CUST103986,41,Pune,Self-Employed,37008,741,Personal Loan,71486,12,13.54,6403.06,2024-06-16,30,0
CUST103987,28,Jaipur,Salaried,64134,859,Business Loan,182455,12,11.02,16127.38,2024-01-07,0,0
CUST103988,36,Mumbai,Salaried,82858,800,Home Loan,2515786,300,8.51,20274.75,2023-04-08,0,0
CUST103989,34,Kolkata,Business Owner,46831,635,Vehicle Loan,333481,48,13.26,8989.55,2023-07-24,342,1
CUST103990,42,Hyderabad,Salaried,69254,609,Business Loan,705516,60,13.52,16241.08,2024-08-10,0,0
CUST103991,39,Pune,Self-Employed,37929,641,Personal Loan,76269,12,14.17,6854.08,2023-04-17,0,0
CUST103992,30,Bengaluru,Salaried,58150,713,Business Loan,244080,12,16.13,22160.61,2023-03-09,0,0
CUST103993,36,Jaipur,Salaried,59316,823,Vehicle Loan,225905,24,13.8,10825.02,2024-07-12,0,0
CUST103994,48,Bengaluru,Salaried,72023,856,Gold Loan,76574,6,12.56,13233.92,2023-07-24,0,0
CUST103995,36,Chennai,Salaried,36185,650,Business Loan,290749,36,12.8,9768.5,2024-06-09,0,0
CUST103996,39,Hyderabad,Self-Employed,98854,724,Business Loan,507446,24,12.57,24022.54,2023-11-06,0,0
CUST103997,34,Hyderabad,Self-Employed,36163,688,Vehicle Loan,320307,60,13.99,7451.32,2024-11-19,0,0
CUST103998,41,Mumbai,Business Owner,20000,613,Personal Loan,193883,36,14.27,6651.91,2024-07-24,0,0
CUST103999,51,Jaipur,Business Owner,30862,617,Personal Loan,94480,36,14.72,3262.24,2024-07-29,266,1
CUST104000,35,Mumbai,Self-Employed,117543,603,Personal Loan,228450,36,13.7,7774.63,2023-12-23,0,0
CUST104001,30,Kolkata,Self-Employed,31163,571,Personal Loan,94892,24,18.13,4743.36,2023-03-31,0,0
CUST104002,27,Ahmedabad,Salaried,74984,750,Home Loan,1347836,120,10.11,17893.95,2024-03-18,0,0
CUST104003,43,Chennai,Salaried,36112,510,Gold Loan,133464,12,10.14,11742.3,2024-08-02,311,1
CUST104004,37,Kolkata,Business Owner,35000,687,Home Loan,973517,240,10.74,9876.84,2024-09-14,7,0
CUST104005,27,Bengaluru,Self-Employed,29614,864,Personal Loan,165638,24,11.56,7763.16,2023-02-17,0,0
CUST104006,42,Mumbai,Salaried,32191,756,Personal Loan,150531,24,16.81,7428.86,2023-01-10,0,0
CUST104007,52,Bengaluru,Salaried,92910,652,Personal Loan,377100,36,16.03,13263.3,2024-02-14,0,0
CUST104008,36,Ahmedabad,Self-Employed,35612,579,Home Loan,824116,180,8.74,8231.75,2024-09-03,7,0
CUST104009,28,Delhi,Salaried,70010,710,Vehicle Loan,333262,24,11.2,15563.58,2023-10-15,15,0
CUST104010,37,Lucknow,Self-Employed,84517,720,Gold Loan,141258,12,11.49,12516.93,2023-12-24,0,0
CUST104011,39,Chennai,Self-Employed,49768,758,Gold Loan,64549,24,9.59,2966.41,2024-06-10,0,0
CUST104012,31,Mumbai,Self-Employed,51171,698,Home Loan,1502676,240,11.19,15705.22,2023-08-16,0,0
CUST104013,49,Kolkata,Salaried,21470,397,Gold Loan,50725,12,9.0,4435.98,2023-10-11,0,0
CUST104014,35,Hyderabad,Business Owner,62772,744,Personal Loan,54483,12,17.02,4969.63,2024-02-23,246,1
CUST104015,47,Mumbai,Salaried,20000,705,Personal Loan,102318,24,13.92,4908.72,2024-11-17,7,0
CUST104016,32,Delhi,Salaried,73204,610,Personal Loan,214897,48,15.49,6034.26,2024-11-07,0,0
CUST104017,48,Kolkata,Salaried,62043,759,Personal Loan,115409,12,18.5,10608.18,2023-05-18,0,0
CUST104018,25,Kolkata,Business Owner,46933,621,Personal Loan,170174,48,11.89,4472.15,2023-04-16,0,0
CUST104019,53,Pune,Salaried,62263,719,Business Loan,442985,36,14.44,15235.02,2023-06-06,7,0
CUST104020,45,Bengaluru,Salaried,54725,636,Home Loan,1191888,120,9.94,15711.31,2024-11-07,0,0
CUST104021,44,Pune,Business Owner,72080,772,Gold Loan,207620,24,12.65,9836.54,2023-08-31,0,0
CUST104022,27,Ahmedabad,Self-Employed,72739,697,Business Loan,557685,60,11.65,12306.98,2023-11-10,0,0
CUST104023,51,Ahmedabad,Self-Employed,29188,795,Business Loan,188016,36,17.78,6776.5,2024-11-10,0,0
CUST104024,23,Pune,Business Owner,30458,800,Personal Loan,211797,36,13.67,7204.82,2024-06-30,1,0
CUST104025,40,Jaipur,Self-Employed,85136,783,Gold Loan,77813,18,9.22,4645.32,2023-12-21,0,0
CUST104026,30,Ahmedabad,Business Owner,25000,734,Business Loan,320103,60,15.72,7736.74,2024-10-22,0,0
CUST104027,25,Lucknow,Self-Employed,31422,502,Personal Loan,113921,48,13.78,3100.5,2024-05-02,0,0
CUST104028,44,Kolkata,Salaried,38253,623,Personal Loan,127779,24,14.25,6150.14,2023-03-02,0,0
CUST104029,34,Lucknow,Business Owner,33569,674,Business Loan,268906,36,13.35,9105.9,2024-05-11,0,0
CUST104030,30,Hyderabad,Salaried,37774,631,Personal Loan,241011,36,11.78,7979.71,2024-10-12,334,1
CUST104031,39,Pune,Business Owner,64703,604,Business Loan,910751,60,14.5,21428.41,2023-02-17,0,0
CUST104032,33,Lucknow,Salaried,47688,651,Personal Loan,58276,36,12.44,1947.87,2024-02-25,0,0
CUST104033,22,Pune,Salaried,76336,649,Personal Loan,234071,48,17.92,6866.05,2023-11-01,0,0
CUST104034,40,Ahmedabad,Salaried,36839,680,Personal Loan,112159,36,14.48,3859.53,2023-09-22,0,0
CUST104035,52,Pune,Self-Employed,79007,751,Home Loan,1519012,180,9.74,16082.62,2023-07-12,0,0
CUST104036,34,Delhi,Salaried,85559,759,Gold Loan,258243,12,11.33,22863.71,2023-02-09,0,0
CUST104037,33,Jaipur,Salaried,43330,573,Vehicle Loan,351204,48,9.8,8873.75,2023-01-13,0,0
CUST104038,40,Lucknow,Salaried,46165,683,Business Loan,424106,60,16.01,10315.69,2024-10-09,0,0
CUST104039,30,Lucknow,Self-Employed,36302,690,Personal Loan,96422,24,15.42,4694.44,2024-05-13,0,0
CUST104040,61,Lucknow,Salaried,70289,605,Home Loan,1855423,240,8.74,16384.73,2024-01-29,0,0
CUST104041,40,Delhi,Salaried,29820,780,Personal Loan,59819,12,18.18,5489.33,2023-01-22,0,0
CUST104042,37,Jaipur,Salaried,35849,686,Business Loan,158220,12,13.6,14176.36,2024-02-25,0,0
CUST104043,46,Hyderabad,Salaried,191628,713,Business Loan,1456362,24,14.43,70220.35,2024-08-13,1,0
CUST104044,21,Pune,Salaried,75049,900,Personal Loan,102500,12,17.61,9378.19,2024-08-02,0,0
CUST104045,39,Kolkata,Self-Employed,25000,710,Business Loan,163587,24,14.73,7910.82,2024-03-24,329,1
CUST104046,26,Mumbai,Salaried,115701,810,Gold Loan,328381,12,10.05,28877.54,2024-11-14,0,0
CUST104047,36,Hyderabad,Business Owner,24560,785,Personal Loan,244125,36,13.88,8329.39,2023-09-24,0,0
CUST104048,34,Hyderabad,Salaried,57003,673,Personal Loan,347815,24,14.42,16768.7,2023-06-11,105,1
CUST104049,30,Hyderabad,Salaried,77054,805,Business Loan,292494,12,11.69,25945.34,2023-08-12,0,0
CUST104050,48,Jaipur,Self-Employed,69548,869,Personal Loan,193212,36,12.92,6502.63,2024-06-30,0,0
CUST104051,33,Kolkata,Self-Employed,63006,666,Vehicle Loan,432874,36,13.28,14643.68,2023-08-23,0,0
CUST104052,38,Kolkata,Self-Employed,55856,640,Personal Loan,74723,12,13.81,6702.48,2024-01-07,0,0
CUST104053,43,Bengaluru,Salaried,35000,713,Home Loan,764602,120,10.08,10138.17,2023-12-08,0,0
CUST104054,56,Chennai,Salaried,118568,719,Personal Loan,242114,24,17.39,12016.08,2024-03-25,0,0
CUST104055,27,Delhi,Self-Employed,33214,721,Business Loan,314631,36,13.95,10745.7,2024-11-19,0,0
CUST104056,21,Ahmedabad,Self-Employed,83896,695,Personal Loan,500041,48,12.91,13392.52,2024-11-24,0,0
CUST104057,32,Delhi,Self-Employed,50760,628,Personal Loan,491252,48,16.35,14010.44,2023-06-02,0,0
CUST104058,39,Kolkata,Salaried,182917,670,Gold Loan,53717,12,11.71,4765.41,2024-03-06,0,0
CUST104059,38,Mumbai,Self-Employed,57146,712,Business Loan,621951,60,18.0,15793.47,2023-12-22,7,0
CUST104060,45,Bengaluru,Salaried,29041,694,Gold Loan,127325,24,12.0,5993.63,2023-12-20,0,0
CUST104061,38,Jaipur,Self-Employed,25000,613,Business Loan,232634,36,11.22,7640.4,2023-08-15,1,0
CUST104062,55,Mumbai,Salaried,33126,666,Personal Loan,188766,24,17.76,9402.1,2024-09-17,0,0
CUST104063,22,Bengaluru,Salaried,35000,570,Home Loan,1567406,300,9.22,13390.55,2024-08-04,0,0
CUST104064,49,Kolkata,Self-Employed,37482,609,Business Loan,320909,36,14.62,11064.79,2023-04-13,256,1
CUST104065,33,Pune,Self-Employed,46389,629,Business Loan,237163,24,14.1,11398.09,2024-04-14,0,0
CUST104066,40,Jaipur,Salaried,45338,744,Business Loan,325041,24,14.89,15743.17,2024-08-11,0,0
CUST104067,49,Hyderabad,Salaried,54886,739,Vehicle Loan,524533,36,12.47,17539.98,2023-06-02,0,0
CUST104068,45,Chennai,Salaried,71819,760,Home Loan,2596786,240,9.2,23699.01,2024-09-12,0,0
CUST104069,21,Mumbai,Business Owner,37856,633,Business Loan,236417,36,16.03,8315.22,2023-08-01,109,1
CUST104070,45,Chennai,Self-Employed,70673,664,Business Loan,723525,36,17.46,25961.58,2024-09-12,0,0
CUST104071,38,Chennai,Self-Employed,22343,794,Personal Loan,119929,36,17.41,4300.31,2023-03-22,0,0
CUST104072,49,Pune,Salaried,135052,805,Gold Loan,116434,6,11.54,20064.04,2024-11-08,0,0
CUST104073,32,Ahmedabad,Self-Employed,26301,510,Vehicle Loan,158103,24,12.69,7493.5,2023-03-11,336,1
CUST104074,50,Mumbai,Salaried,91980,631,Personal Loan,310193,12,16.26,28182.26,2024-02-14,0,0
CUST104075,49,Bengaluru,Salaried,25000,812,Business Loan,123950,24,14.75,5995.21,2023-10-08,0,0
CUST104076,45,Pune,Salaried,47181,900,Personal Loan,112025,48,15.08,3122.28,2023-09-23,0,0
CUST104077,46,Delhi,Self-Employed,39886,640,Vehicle Loan,305675,36,10.16,9886.25,2023-10-01,0,0
CUST104078,45,Mumbai,Self-Employed,57614,738,Personal Loan,192198,12,14.67,17317.55,2023-04-04,7,0
CUST104079,21,Chennai,Self-Employed,78973,767,Personal Loan,587237,36,14.82,20305.04,2023-05-15,0,0
CUST104080,50,Pune,Self-Employed,46017,663,Vehicle Loan,347201,36,11.97,11527.07,2024-03-12,7,0
CUST104081,41,Ahmedabad,Business Owner,78924,682,Home Loan,1720724,240,8.68,15129.45,2023-05-15,7,0
CUST104082,31,Hyderabad,Salaried,38390,706,Home Loan,1082488,180,10.68,12086.89,2024-01-01,0,0
CUST104083,38,Lucknow,Business Owner,26901,643,Business Loan,184856,36,13.71,6291.93,2023-03-24,0,0
CUST104084,37,Ahmedabad,Salaried,65217,668,Business Loan,421575,60,14.01,9811.5,2024-11-01,0,0
CUST104085,29,Hyderabad,Self-Employed,22968,685,Personal Loan,85270,24,13.45,4071.94,2023-08-31,0,0
CUST104086,37,Jaipur,Salaried,35000,611,Home Loan,1512163,300,10.49,14266.77,2023-02-24,15,0
CUST104087,21,Mumbai,Salaried,35000,696,Home Loan,1236245,300,9.92,11164.12,2023-06-25,0,0
CUST104088,44,Hyderabad,Self-Employed,22747,722,Personal Loan,50051,12,12.27,4453.3,2023-10-09,0,0
CUST104089,35,Mumbai,Salaried,35000,602,Home Loan,1150705,300,11.06,11328.16,2023-05-30,1,0
CUST104090,36,Lucknow,Salaried,102301,655,Gold Loan,141072,24,12.68,6685.64,2024-09-12,0,0
CUST104091,35,Lucknow,Salaried,32888,756,Personal Loan,152845,36,17.0,5449.34,2023-02-16,0,0
CUST104092,44,Lucknow,Self-Employed,61668,590,Home Loan,1656965,300,10.39,15514.77,2024-04-10,0,0
CUST104093,34,Jaipur,Self-Employed,82822,533,Personal Loan,166548,24,15.01,8076.15,2024-11-14,0,0
CUST104094,55,Chennai,Salaried,53026,748,Home Loan,1152446,120,8.68,14399.86,2023-02-28,0,0
CUST104095,21,Mumbai,Self-Employed,38509,672,Business Loan,389896,36,14.23,13369.32,2023-07-19,0,0
CUST104096,42,Ahmedabad,Self-Employed,28416,632,Personal Loan,169453,24,17.3,8402.59,2023-08-19,0,0
CUST104097,51,Delhi,Business Owner,58907,682,Business Loan,269834,12,13.23,24129.96,2024-09-14,0,0
CUST104098,51,Hyderabad,Self-Employed,20000,665,Personal Loan,70970,12,16.91,6469.77,2024-03-20,0,0
CUST104099,21,Bengaluru,Salaried,35000,670,Home Loan,1075714,120,11.09,14872.82,2023-08-17,7,0
CUST104100,32,Pune,Salaried,35000,734,Home Loan,1442888,300,10.19,13305.29,2023-11-24,0,0
CUST104101,33,Kolkata,Salaried,80996,695,Personal Loan,318647,12,12.61,28402.41,2023-04-20,30,0
CUST104102,40,Bengaluru,Salaried,87218,658,Business Loan,879270,36,12.08,29237.95,2023-04-29,0,0
CUST104103,51,Kolkata,Salaried,31755,518,Gold Loan,212432,24,12.89,10088.43,2023-11-17,0,0
CUST104104,21,Ahmedabad,Business Owner,35000,650,Home Loan,1335144,240,11.11,13881.29,2023-02-23,199,1
CUST104105,49,Lucknow,Salaried,35000,672,Home Loan,859941,300,10.52,8131.69,2023-03-29,0,0
CUST104106,29,Pune,Salaried,101865,565,Home Loan,2026786,180,9.8,21532.63,2023-03-05,303,1
CUST104107,33,Hyderabad,Salaried,109625,561,Personal Loan,122348,48,18.15,3603.57,2024-11-09,7,0
CUST104108,43,Bengaluru,Salaried,35000,649,Home Loan,1542201,300,8.72,12647.69,2024-01-14,0,0
CUST104109,29,Bengaluru,Salaried,88309,769,Gold Loan,347102,24,9.43,15925.83,2023-01-16,0,0
CUST104110,46,Mumbai,Self-Employed,40587,756,Personal Loan,151664,48,18.26,4475.76,2023-06-29,259,1
CUST104111,34,Lucknow,Salaried,25000,526,Business Loan,281191,36,13.46,9536.86,2024-03-18,0,0
CUST104112,51,Hyderabad,Salaried,91110,603,Vehicle Loan,419016,36,13.23,14164.77,2024-01-31,0,0
CUST104113,53,Pune,Self-Employed,44857,747,Business Loan,211927,12,14.31,19059.24,2023-09-22,278,1
CUST104114,29,Ahmedabad,Salaried,36968,650,Home Loan,1162086,120,8.6,14470.43,2023-05-26,0,0
CUST104115,40,Chennai,Salaried,27087,587,Personal Loan,80402,24,14.51,3879.73,2024-09-03,0,0
CUST104116,36,Pune,Business Owner,54711,516,Personal Loan,52830,24,11.89,2484.18,2023-02-25,0,0
CUST104117,32,Jaipur,Self-Employed,45199,515,Gold Loan,112236,12,10.41,9888.74,2024-02-09,0,0
CUST104118,54,Lucknow,Salaried,69788,676,Home Loan,1870687,300,9.69,16591.88,2023-03-23,0,0
CUST104119,21,Hyderabad,Salaried,41111,649,Business Loan,379019,24,11.24,17707.52,2024-08-02,0,0
CUST104120,35,Kolkata,Salaried,20000,670,Personal Loan,134210,48,18.57,3982.51,2024-02-09,0,0
CUST104121,32,Mumbai,Self-Employed,42820,594,Personal Loan,443497,48,14.75,12286.72,2024-09-14,0,0
CUST104122,39,Jaipur,Self-Employed,47314,561,Business Loan,240485,24,11.74,11291.29,2023-04-05,0,0
CUST104123,46,Jaipur,Salaried,57796,663,Business Loan,303396,24,16.34,14904.55,2024-07-02,0,0
CUST104124,47,Kolkata,Salaried,44306,621,Home Loan,1427794,180,9.57,14969.75,2024-03-10,154,1
CUST104125,31,Mumbai,Business Owner,32241,538,Business Loan,156772,24,17.09,7757.94,2024-05-18,0,0
CUST104126,26,Lucknow,Salaried,59291,739,Personal Loan,69418,12,11.78,6160.56,2024-09-13,0,0
CUST104127,53,Ahmedabad,Salaried,28403,553,Business Loan,251087,36,13.55,8526.78,2023-03-25,95,1
CUST104128,48,Bengaluru,Self-Employed,67593,625,Gold Loan,124020,6,10.49,21307.0,2024-06-12,15,0
CUST104129,52,Jaipur,Salaried,44550,810,Business Loan,343307,60,14.92,8152.84,2023-12-19,0,0
CUST104130,44,Kolkata,Salaried,51173,628,Business Loan,248644,12,16.95,22671.61,2024-05-18,0,0
CUST104131,43,Pune,Salaried,88514,573,Personal Loan,870672,48,17.63,25407.96,2023-02-28,0,0
CUST104132,21,Bengaluru,Self-Employed,43956,665,Business Loan,389173,24,11.35,18201.82,2024-03-18,0,0
CUST104133,44,Ahmedabad,Salaried,35000,681,Home Loan,1101119,240,10.21,10779.69,2023-06-26,0,0
CUST104134,65,Pune,Salaried,22685,632,Gold Loan,102746,24,10.18,4749.75,2024-04-04,0,0
CUST104135,34,Jaipur,Business Owner,36245,791,Personal Loan,153395,12,13.04,13703.7,2024-07-15,0,0
CUST104136,30,Pune,Salaried,72888,733,Personal Loan,280735,36,12.69,9417.21,2024-03-15,0,0
CUST104137,35,Mumbai,Business Owner,122257,643,Personal Loan,490586,36,18.69,17906.13,2023-01-10,253,1
CUST104138,46,Kolkata,Salaried,26780,649,Personal Loan,398536,48,12.7,10632.48,2024-02-10,0,0
CUST104139,54,Jaipur,Self-Employed,20114,744,Personal Loan,127775,36,13.15,4314.48,2024-11-22,30,0
CUST104140,43,Mumbai,Self-Employed,61762,651,Business Loan,634843,36,14.55,21867.4,2023-12-26,0,0
CUST104141,35,Bengaluru,Salaried,45270,642,Personal Loan,222608,48,18.79,6631.36,2023-02-11,15,0
CUST104142,33,Jaipur,Self-Employed,81751,666,Personal Loan,734802,48,17.11,21244.58,2023-09-22,0,0
CUST104143,34,Chennai,Self-Employed,42414,824,Personal Loan,283425,24,14.27,13644.23,2023-07-29,0,0
CUST104144,39,Pune,Self-Employed,49946,771,Business Loan,246404,12,16.22,22382.11,2024-10-18,0,0
CUST104145,47,Lucknow,Salaried,168217,681,Personal Loan,936369,48,11.85,24589.28,2024-04-01,0,0
CUST104146,33,Bengaluru,Salaried,39194,597,Business Loan,441212,60,12.09,9834.6,2024-06-03,154,1
CUST104147,50,Pune,Salaried,63246,874,Personal Loan,87848,12,17.62,8038.03,2023-08-24,0,0
CUST104148,43,Pune,Self-Employed,47238,764,Business Loan,378842,60,11.09,8253.96,2024-10-26,0,0
CUST104149,43,Kolkata,Salaried,87664,557,Home Loan,1558384,120,11.34,21767.76,2024-02-05,0,0
CUST104150,37,Kolkata,Salaried,57081,645,Business Loan,431214,36,15.97,15153.82,2024-09-25,0,0
CUST104151,34,Lucknow,Salaried,35114,749,Vehicle Loan,520051,48,12.67,13866.64,2024-05-10,0,0
CUST104152,46,Hyderabad,Salaried,49514,900,Personal Loan,207836,24,17.94,10370.0,2023-07-02,0,0
CUST104153,35,Bengaluru,Salaried,100433,637,Vehicle Loan,597511,36,11.67,19751.87,2024-01-06,0,0
CUST104154,33,Mumbai,Salaried,21846,756,Personal Loan,97773,24,11.78,4592.48,2024-11-28,0,0
CUST104155,52,Jaipur,Salaried,19907,705,Gold Loan,25000,6,10.27,4292.36,2024-06-11,0,0
CUST104156,54,Chennai,Salaried,131917,751,Home Loan,2801332,240,9.17,25511.4,2023-07-30,0,0
CUST104157,33,Ahmedabad,Business Owner,48379,741,Business Loan,338366,60,17.09,8425.65,2024-05-07,0,0
CUST104158,47,Lucknow,Salaried,23939,632,Gold Loan,72188,18,12.05,4403.85,2023-08-03,7,0
CUST104159,31,Hyderabad,Salaried,35000,584,Home Loan,607898,120,9.82,7972.95,2023-07-25,30,0
CUST104160,48,Mumbai,Salaried,41275,648,Business Loan,190779,12,16.22,17329.41,2023-07-04,0,0
CUST104161,41,Lucknow,Salaried,36749,667,Vehicle Loan,180316,24,11.19,8420.05,2024-03-31,0,0
CUST104162,39,Jaipur,Business Owner,34243,668,Personal Loan,58582,48,13.37,1582.39,2024-04-19,0,0
CUST104163,30,Ahmedabad,Self-Employed,115794,518,Gold Loan,407979,18,9.39,24387.59,2023-11-07,7,0
CUST104164,43,Jaipur,Salaried,90292,567,Home Loan,3262983,300,11.26,32596.12,2024-04-06,0,0
CUST104165,53,Lucknow,Self-Employed,40400,837,Home Loan,1501943,300,8.54,12134.56,2023-08-17,15,0
CUST104166,33,Lucknow,Salaried,97333,648,Personal Loan,429417,36,15.2,14927.97,2024-03-06,0,0
CUST104167,49,Delhi,Salaried,42105,754,Personal Loan,114711,36,17.46,4116.07,2024-04-05,0,0
CUST104168,59,Hyderabad,Self-Employed,64149,792,Personal Loan,56893,12,15.01,5135.33,2023-10-27,0,0
CUST104169,39,Delhi,Self-Employed,35000,713,Home Loan,1128660,180,9.35,11683.8,2024-09-30,0,0
CUST104170,31,Delhi,Self-Employed,57051,539,Gold Loan,89305,12,9.36,7824.77,2024-04-24,0,0
CUST104171,44,Pune,Self-Employed,35104,530,Personal Loan,109736,12,13.68,9836.36,2023-12-01,0,0
CUST104172,32,Delhi,Salaried,59110,608,Business Loan,468528,60,16.09,11416.11,2023-06-19,146,1
CUST104173,58,Chennai,Self-Employed,42870,764,Personal Loan,124824,12,13.9,11201.71,2023-08-22,0,0
CUST104174,26,Bengaluru,Self-Employed,45772,740,Personal Loan,192722,12,16.37,17519.59,2023-10-06,0,0
CUST104175,56,Hyderabad,Business Owner,41187,526,Personal Loan,110172,48,16.87,3171.61,2023-05-21,0,0
CUST104176,21,Lucknow,Salaried,64951,710,Home Loan,1613405,120,10.13,21437.58,2024-05-09,0,0
CUST104177,36,Hyderabad,Self-Employed,49631,900,Personal Loan,54667,12,15.36,4943.44,2023-02-27,0,0
CUST104178,21,Delhi,Business Owner,44434,625,Business Loan,269600,36,16.49,9543.69,2023-03-05,30,0
CUST104179,52,Delhi,Self-Employed,66163,648,Personal Loan,238666,12,15.42,21588.92,2024-02-22,0,0
CUST104180,51,Pune,Salaried,68787,633,Business Loan,356787,36,14.64,12305.33,2023-05-28,1,0
CUST104181,35,Jaipur,Salaried,52056,779,Gold Loan,109729,18,10.62,6621.37,2023-06-23,0,0
CUST104182,32,Kolkata,Self-Employed,34004,734,Gold Loan,62041,18,10.07,3728.0,2024-04-13,0,0
CUST104183,50,Mumbai,Salaried,47650,754,Personal Loan,430689,36,15.64,15065.31,2023-04-18,346,1
CUST104184,32,Bengaluru,Self-Employed,61015,689,Business Loan,271502,12,14.46,24436.18,2023-01-02,0,0
CUST104185,49,Bengaluru,Salaried,42050,723,Gold Loan,111950,24,10.98,5216.71,2023-03-20,0,0
CUST104186,34,Pune,Salaried,46071,847,Gold Loan,213997,24,10.97,9970.96,2024-05-23,0,0
CUST104187,21,Delhi,Self-Employed,50922,900,Personal Loan,173805,24,18.04,8680.42,2023-11-21,0,0
CUST104188,41,Hyderabad,Business Owner,85212,687,Personal Loan,325793,36,11.64,10765.06,2023-11-28,0,0
CUST104189,38,Jaipur,Salaried,30960,600,Business Loan,161483,24,11.53,7566.17,2023-10-01,0,0
CUST104190,28,Pune,Salaried,76196,653,Vehicle Loan,164509,48,13.15,4425.62,2023-09-22,0,0
CUST104191,46,Pune,Salaried,45013,669,Business Loan,320626,24,17.48,15926.52,2024-05-19,0,0
CUST104192,21,Jaipur,Salaried,48504,690,Business Loan,401290,24,11.45,18787.21,2024-02-26,15,0
CUST104193,28,Lucknow,Salaried,25000,541,Business Loan,399563,60,15.34,9577.03,2023-05-15,7,0
CUST104194,29,Mumbai,Self-Employed,201571,858,Vehicle Loan,654053,36,13.04,22050.23,2023-04-06,0,0
CUST104195,40,Kolkata,Salaried,38628,534,Vehicle Loan,170740,24,10.76,7938.81,2024-02-18,0,0
CUST104196,45,Bengaluru,Self-Employed,35331,797,Business Loan,307229,24,15.53,14973.98,2023-01-12,0,0
CUST104197,30,Mumbai,Self-Employed,79879,733,Business Loan,653049,60,16.52,16061.88,2024-06-23,0,0
CUST104198,43,Ahmedabad,Salaried,67335,571,Personal Loan,398325,24,12.75,18890.36,2023-08-31,0,0
CUST104199,21,Hyderabad,Business Owner,39600,900,Personal Loan,449843,36,16.36,15895.21,2023-04-22,0,0
CUST104200,28,Bengaluru,Self-Employed,28649,672,Personal Loan,197416,24,17.43,9801.53,2023-10-12,0,0
CUST104201,36,Ahmedabad,Salaried,39511,850,Business Loan,138273,12,12.78,12335.9,2024-10-28,0,0
CUST104202,21,Bengaluru,Self-Employed,45365,823,Vehicle Loan,496388,60,10.22,10600.59,2023-10-03,0,0
CUST104203,29,Jaipur,Salaried,45393,404,Vehicle Loan,453575,60,12.03,10096.4,2024-11-19,0,0
CUST104204,21,Hyderabad,Salaried,39793,711,Personal Loan,120240,12,12.76,10725.97,2023-05-08,137,1
CUST104205,44,Bengaluru,Business Owner,74687,640,Business Loan,353002,12,14.11,31713.31,2024-08-25,0,0
CUST104206,35,Kolkata,Salaried,50639,693,Personal Loan,72150,12,11.63,6397.96,2023-08-13,263,1
CUST104207,52,Jaipur,Salaried,67225,726,Business Loan,223154,12,16.57,20307.2,2023-08-27,0,0
CUST104208,35,Mumbai,Self-Employed,41246,653,Home Loan,1576744,240,9.43,14625.32,2023-04-04,0,0
CUST104209,34,Kolkata,Self-Employed,64799,687,Business Loan,937316,60,15.51,22550.39,2024-11-05,0,0
CUST104210,31,Ahmedabad,Salaried,108445,557,Personal Loan,574531,48,14.1,15728.74,2023-03-12,15,0
CUST104211,32,Lucknow,Salaried,63106,557,Personal Loan,194383,24,17.49,9656.56,2024-01-30,0,0
CUST104212,37,Mumbai,Salaried,54751,589,Personal Loan,148567,36,18.55,5412.13,2024-04-04,0,0
CUST104213,34,Pune,Salaried,54470,647,Vehicle Loan,283175,24,13.5,13529.26,2024-07-27,1,0
CUST104214,49,Lucknow,Self-Employed,25000,751,Business Loan,130448,24,15.94,6383.4,2023-12-06,0,0
CUST104215,45,Delhi,Salaried,51674,709,Gold Loan,151450,18,9.89,9087.98,2023-03-28,0,0
CUST104216,47,Lucknow,Self-Employed,23881,695,Personal Loan,51781,24,13.4,2471.5,2023-12-15,0,0
CUST104217,44,Bengaluru,Salaried,27534,695,Personal Loan,80246,48,13.55,2174.77,2023-11-16,0,0
CUST104218,51,Lucknow,Self-Employed,17829,604,Gold Loan,42870,6,9.19,7337.73,2024-02-23,0,0
CUST104219,31,Hyderabad,Self-Employed,18022,640,Gold Loan,45813,12,10.79,4044.54,2023-02-16,0,0
CUST104220,65,Chennai,Salaried,40235,655,Vehicle Loan,224519,24,11.1,10474.77,2024-04-22,0,0
CUST104221,41,Jaipur,Self-Employed,64711,600,Home Loan,1244140,120,8.72,15572.33,2023-09-01,0,0
CUST104222,44,Lucknow,Self-Employed,74196,760,Personal Loan,99053,36,15.32,3449.25,2023-04-13,286,1
CUST104223,29,Ahmedabad,Self-Employed,45073,719,Personal Loan,235524,24,14.58,11372.83,2023-03-11,0,0
CUST104224,36,Mumbai,Salaried,53151,731,Business Loan,434519,60,17.86,11000.86,2024-01-08,0,0
CUST104225,41,Ahmedabad,Salaried,53821,625,Business Loan,259622,12,13.18,23210.66,2024-04-23,7,0
CUST104226,39,Kolkata,Salaried,34643,704,Personal Loan,232951,36,12.05,7742.87,2023-04-08,1,0
CUST104227,34,Ahmedabad,Salaried,76718,728,Personal Loan,373532,48,12.64,9954.32,2023-10-24,107,1
CUST104228,21,Bengaluru,Salaried,95411,692,Business Loan,993716,60,14.29,23271.71,2024-03-08,0,0
CUST104229,40,Pune,Salaried,111116,832,Business Loan,541920,36,17.19,19372.21,2024-03-03,0,0
CUST104230,38,Bengaluru,Salaried,25000,645,Business Loan,214409,60,16.45,5265.41,2023-06-21,0,0
CUST104231,40,Delhi,Business Owner,75576,753,Gold Loan,56316,12,11.56,4992.02,2023-07-07,0,0
CUST104232,21,Chennai,Salaried,35000,672,Home Loan,1570020,240,10.02,15171.84,2024-05-16,1,0
CUST104233,42,Lucknow,Salaried,74425,645,Gold Loan,189017,12,12.23,16814.28,2024-01-29,0,0
CUST104234,36,Chennai,Business Owner,53770,727,Home Loan,1298341,120,11.43,18202.13,2024-08-09,0,0
CUST104235,36,Kolkata,Self-Employed,117200,512,Personal Loan,803460,48,18.58,23845.84,2023-08-09,263,1
CUST104236,46,Kolkata,Self-Employed,20037,584,Personal Loan,155822,48,17.8,4561.0,2024-08-22,0,0
CUST104237,38,Ahmedabad,Business Owner,35000,823,Home Loan,951693,120,9.51,12319.89,2024-11-23,0,0
CUST104238,21,Chennai,Salaried,49069,670,Business Loan,149386,12,13.04,13345.55,2023-04-22,0,0
CUST104239,40,Delhi,Salaried,56159,776,Gold Loan,340184,18,11.57,20677.23,2023-03-01,0,0
CUST104240,50,Ahmedabad,Business Owner,51628,723,Personal Loan,398197,48,14.02,10885.32,2023-03-28,0,0
CUST104241,40,Ahmedabad,Salaried,35000,613,Home Loan,983416,120,9.6,12779.07,2024-04-16,0,0
CUST104242,29,Lucknow,Salaried,67151,539,Personal Loan,58872,12,15.15,5317.86,2024-08-28,0,0
CUST104243,21,Pune,Salaried,30032,681,Personal Loan,53321,48,11.74,1397.35,2023-02-06,0,0
CUST104244,49,Jaipur,Self-Employed,47549,690,Gold Loan,53807,6,10.85,9253.76,2024-10-06,0,0
CUST104245,45,Kolkata,Business Owner,41151,644,Personal Loan,81507,48,14.17,2234.26,2023-11-13,0,0
CUST104246,21,Lucknow,Salaried,72471,617,Gold Loan,82243,6,9.11,14073.67,2023-09-04,0,0
CUST104247,35,Ahmedabad,Self-Employed,34058,712,Business Loan,264103,24,14.33,12721.56,2024-07-24,0,0
CUST104248,51,Ahmedabad,Self-Employed,38745,755,Business Loan,357385,60,15.63,8620.81,2023-04-09,0,0
CUST104249,43,Lucknow,Salaried,122638,555,Personal Loan,474235,12,11.86,42104.15,2023-02-19,213,1
CUST104250,41,Bengaluru,Self-Employed,20000,799,Personal Loan,120750,48,12.68,3220.28,2023-11-11,0,0
CUST104251,41,Jaipur,Salaried,110008,541,Business Loan,301812,12,13.78,27067.6,2024-09-11,0,0
CUST104252,49,Chennai,Salaried,46221,781,Home Loan,1796598,300,9.74,15997.58,2024-11-26,0,0
CUST104253,51,Jaipur,Self-Employed,33907,597,Vehicle Loan,223953,36,10.18,7245.27,2024-07-01,0,0
CUST104254,45,Jaipur,Self-Employed,103104,785,Personal Loan,260589,12,17.91,23879.64,2024-04-22,0,0
CUST104255,36,Hyderabad,Business Owner,71155,492,Gold Loan,382943,24,11.74,17980.0,2023-06-03,0,0
CUST104256,33,Jaipur,Business Owner,51655,647,Personal Loan,342934,48,15.94,9708.31,2023-09-25,0,0
CUST104257,53,Delhi,Salaried,45615,554,Business Loan,346301,36,15.82,12144.16,2023-06-28,0,0
CUST104258,26,Pune,Salaried,60738,594,Personal Loan,67709,48,17.49,1970.95,2024-11-21,0,0
CUST104259,25,Mumbai,Self-Employed,102381,740,Gold Loan,414630,18,11.5,25188.79,2024-03-08,0,0
CUST104260,34,Pune,Self-Employed,33881,610,Vehicle Loan,167918,24,12.94,7978.4,2024-09-07,0,0
CUST104261,28,Ahmedabad,Business Owner,74304,678,Vehicle Loan,306186,60,9.96,6499.52,2024-04-03,0,0
CUST104262,30,Jaipur,Salaried,31373,551,Personal Loan,80385,12,17.89,7365.49,2023-02-13,338,1
CUST104263,35,Chennai,Salaried,38004,571,Home Loan,1738050,300,9.05,14645.21,2024-11-09,0,0
CUST104264,38,Delhi,Self-Employed,35113,768,Business Loan,326619,60,15.89,7923.66,2024-09-17,0,0
CUST104265,39,Hyderabad,Salaried,36572,636,Vehicle Loan,498068,48,12.04,13125.82,2024-03-27,0,0
CUST104266,39,Pune,Salaried,33892,593,Personal Loan,51069,48,11.72,1337.83,2023-02-07,15,0
CUST104267,36,Bengaluru,Business Owner,68945,643,Business Loan,479436,24,15.82,23433.46,2024-06-11,252,1
CUST104268,35,Delhi,Business Owner,49825,777,Business Loan,339252,36,13.83,11566.84,2024-11-25,0,0
CUST104269,50,Kolkata,Salaried,39239,612,Vehicle Loan,194847,36,11.92,6464.27,2023-08-05,349,1
CUST104270,39,Lucknow,Business Owner,33944,645,Gold Loan,80603,18,11.44,4894.39,2024-01-14,0,0
CUST104271,41,Pune,Salaried,46719,639,Personal Loan,319687,36,15.07,11093.02,2024-03-21,0,0
CUST104272,34,Kolkata,Salaried,35000,722,Home Loan,1066634,180,11.25,12291.3,2023-09-09,0,0
CUST104273,34,Bengaluru,Salaried,48759,676,Gold Loan,53863,6,9.04,9215.34,2023-09-15,0,0
CUST104274,36,Mumbai,Self-Employed,104837,751,Home Loan,2949538,180,8.52,29079.86,2024-03-08,7,0
CUST104275,37,Mumbai,Salaried,83496,571,Business Loan,444751,24,11.54,20840.56,2023-06-04,0,0
CUST104276,34,Lucknow,Salaried,92828,733,Business Loan,786356,36,16.32,27770.34,2023-06-19,0,0
CUST104277,36,Lucknow,Salaried,30636,597,Vehicle Loan,490472,60,13.35,11247.82,2023-03-21,0,0
CUST104278,37,Mumbai,Self-Employed,28343,506,Business Loan,121278,12,11.9,10769.73,2024-10-20,297,1
CUST104279,32,Kolkata,Self-Employed,61521,701,Gold Loan,177872,12,9.55,15600.57,2024-06-17,0,0
CUST104280,27,Kolkata,Self-Employed,26747,607,Business Loan,206103,24,13.75,9871.28,2023-09-27,15,0
CUST104281,21,Bengaluru,Self-Employed,37588,546,Home Loan,1382897,300,9.73,12304.15,2023-06-03,161,1
CUST104282,35,Pune,Self-Employed,112632,643,Home Loan,2674506,120,8.73,33489.94,2024-10-27,0,0
CUST104283,27,Kolkata,Salaried,66071,692,Business Loan,277312,24,14.69,13405.12,2023-04-23,0,0
CUST104284,39,Mumbai,Salaried,28310,701,Personal Loan,158947,36,15.38,5539.57,2024-08-02,0,0
CUST104285,40,Kolkata,Salaried,85085,810,Gold Loan,227343,24,12.92,10799.76,2023-02-26,0,0
CUST104286,23,Delhi,Salaried,61656,699,Home Loan,1515680,120,9.66,19745.55,2023-05-16,0,0
CUST104287,45,Hyderabad,Salaried,41068,861,Vehicle Loan,200082,24,12.95,9507.56,2024-09-20,0,0
CUST104288,39,Ahmedabad,Self-Employed,52824,811,Gold Loan,130258,24,12.67,6172.53,2024-02-29,0,0
CUST104289,41,Delhi,Salaried,79873,627,Home Loan,1820084,240,9.91,17455.81,2023-02-14,0,0
CUST104290,39,Lucknow,Self-Employed,37798,446,Personal Loan,125495,36,17.57,4509.92,2023-06-08,7,0
CUST104291,31,Chennai,Salaried,59054,727,Personal Loan,64895,12,12.95,5794.72,2024-09-22,161,1
CUST104292,30,Jaipur,Salaried,46718,531,Personal Loan,406136,36,14.64,14007.34,2024-04-12,0,0
CUST104293,40,Jaipur,Salaried,58190,612,Home Loan,1767513,300,10.53,16726.42,2023-11-02,0,0
CUST104294,28,Kolkata,Salaried,61377,607,Business Loan,342617,36,16.15,12070.79,2023-12-23,0,0
CUST104295,23,Bengaluru,Self-Employed,80922,784,Vehicle Loan,837007,48,9.99,21224.64,2023-02-13,0,0
CUST104296,47,Lucknow,Business Owner,71516,701,Gold Loan,91858,18,9.55,5497.71,2023-06-05,0,0
CUST104297,40,Delhi,Salaried,58715,618,Vehicle Loan,914312,60,10.27,19548.12,2024-10-21,30,0
CUST104298,32,Chennai,Self-Employed,58793,698,Vehicle Loan,276958,24,11.64,12990.86,2023-02-02,249,1
CUST104299,53,Kolkata,Self-Employed,79103,501,Personal Loan,497449,24,13.51,23768.97,2024-04-18,182,1
CUST104300,41,Kolkata,Business Owner,60302,576,Personal Loan,201282,24,15.14,9772.88,2023-03-28,0,0
CUST104301,33,Jaipur,Self-Employed,116465,677,Personal Loan,671348,24,14.17,32287.3,2024-05-30,0,0
CUST104302,34,Bengaluru,Salaried,35000,691,Home Loan,780246,240,10.11,7586.5,2023-07-27,0,0
CUST104303,43,Lucknow,Self-Employed,38955,658,Personal Loan,116017,24,17.59,5769.09,2024-04-07,15,0
CUST104304,38,Pune,Salaried,33061,677,Gold Loan,80789,24,9.4,3705.67,2024-08-04,1,0
CUST104305,31,Jaipur,Salaried,113142,596,Home Loan,3482397,300,11.44,35244.81,2023-05-11,0,0
CUST104306,42,Ahmedabad,Business Owner,26745,754,Gold Loan,110057,12,10.38,9695.22,2024-03-06,0,0
CUST104307,34,Jaipur,Salaried,60051,668,Gold Loan,259307,18,12.92,15924.11,2024-01-29,0,0
CUST104308,53,Bengaluru,Business Owner,69362,614,Gold Loan,136082,12,10.1,11970.1,2024-10-03,7,0
CUST104309,34,Jaipur,Salaried,57731,566,Personal Loan,84976,12,17.11,7754.65,2024-02-06,0,0
CUST104310,30,Ahmedabad,Salaried,87188,653,Home Loan,2935607,240,8.86,26148.68,2024-05-22,100,1
CUST104311,39,Mumbai,Self-Employed,78739,717,Personal Loan,245500,12,15.22,22183.91,2023-05-28,0,0
CUST104312,25,Chennai,Self-Employed,134814,661,Personal Loan,134693,36,12.37,4497.58,2024-11-12,0,0
CUST104313,23,Delhi,Salaried,44609,760,Home Loan,1102408,180,11.11,12606.19,2024-05-14,0,0
CUST104314,45,Chennai,Self-Employed,61058,668,Home Loan,2083201,300,8.94,17396.63,2023-03-16,0,0
CUST104315,22,Delhi,Salaried,23668,535,Personal Loan,232333,36,12.33,7753.45,2024-08-20,0,0
CUST104316,39,Kolkata,Salaried,31228,511,Vehicle Loan,172401,36,13.68,5865.5,2024-06-25,148,1
CUST104317,32,Mumbai,Self-Employed,33380,847,Vehicle Loan,213314,24,11.22,9963.91,2024-10-26,1,0
CUST104318,31,Mumbai,Salaried,46819,563,Gold Loan,88083,24,11.8,4138.15,2024-01-24,1,0
CUST104319,35,Pune,Self-Employed,35000,640,Home Loan,1331211,240,11.31,14022.55,2024-11-29,0,0
CUST104320,33,Kolkata,Salaried,20000,738,Personal Loan,112398,36,17.05,4010.09,2023-02-02,327,1
CUST104321,42,Mumbai,Salaried,51886,604,Business Loan,369097,60,15.06,8792.42,2024-09-20,0,0
CUST104322,42,Lucknow,Self-Employed,49454,808,Gold Loan,186661,12,11.34,16527.03,2023-11-17,0,0
CUST104323,57,Pune,Salaried,45631,692,Home Loan,1819262,300,8.97,15229.82,2023-06-25,0,0
CUST104324,21,Hyderabad,Self-Employed,56871,580,Personal Loan,143705,36,16.21,5067.15,2024-01-22,0,0
CUST104325,39,Mumbai,Salaried,126563,680,Vehicle Loan,741134,60,11.58,16329.25,2024-10-28,0,0
CUST104326,47,Hyderabad,Salaried,59531,614,Personal Loan,158832,48,14.29,4363.46,2024-06-08,0,0
CUST104327,37,Delhi,Self-Employed,60444,778,Personal Loan,217968,24,14.0,10465.27,2024-09-21,0,0
CUST104328,33,Lucknow,Salaried,20000,730,Personal Loan,86167,24,13.94,4134.68,2024-01-05,0,0
CUST104329,40,Mumbai,Salaried,43668,628,Vehicle Loan,332744,36,11.29,10939.37,2023-05-29,0,0
CUST104330,52,Ahmedabad,Salaried,71696,616,Home Loan,1791760,120,9.19,22881.91,2024-04-23,229,1
CUST104331,48,Hyderabad,Salaried,38503,614,Business Loan,511121,60,13.56,11776.62,2024-10-05,0,0
CUST104332,45,Lucknow,Self-Employed,142587,660,Gold Loan,109838,12,9.75,9643.74,2024-10-12,0,0
CUST104333,48,Delhi,Salaried,53429,544,Home Loan,1543961,180,8.57,15267.41,2024-07-15,0,0
CUST104334,33,Delhi,Salaried,51157,709,Personal Loan,105005,12,16.42,9548.08,2024-03-04,0,0
CUST104335,50,Hyderabad,Salaried,39040,764,Business Loan,129938,12,13.14,11614.24,2024-08-13,0,0
CUST104336,43,Lucknow,Salaried,86464,643,Home Loan,3370963,300,9.41,29241.37,2024-10-14,0,0
CUST104337,36,Pune,Salaried,50965,708,Gold Loan,58745,6,11.77,10129.68,2023-07-22,0,0
CUST104338,59,Lucknow,Salaried,169976,610,Vehicle Loan,727934,60,9.74,15373.49,2024-03-26,0,0
CUST104339,30,Chennai,Self-Employed,56187,776,Personal Loan,153189,12,12.52,13647.95,2024-05-01,0,0
CUST104340,38,Ahmedabad,Self-Employed,37399,683,Gold Loan,55080,18,9.78,3302.37,2024-09-11,0,0
CUST104341,44,Bengaluru,Salaried,61235,612,Gold Loan,50397,6,9.25,8627.56,2024-09-08,357,1
CUST104342,42,Hyderabad,Salaried,62632,779,Personal Loan,157717,24,16.13,7732.12,2024-01-21,0,0
CUST104343,43,Jaipur,Self-Employed,49573,547,Vehicle Loan,151226,24,10.05,6981.8,2023-03-28,0,0
CUST104344,38,Jaipur,Salaried,31297,681,Personal Loan,98244,24,18.26,4917.09,2024-04-15,0,0
CUST104345,36,Jaipur,Salaried,33603,684,Gold Loan,161849,24,9.98,7467.02,2024-10-02,30,0
CUST104346,37,Mumbai,Salaried,51612,534,Personal Loan,320786,48,17.1,9272.9,2023-02-10,0,0
CUST104347,50,Mumbai,Business Owner,45700,706,Home Loan,1513979,240,10.0,14610.23,2024-02-04,1,0
CUST104348,51,Chennai,Salaried,54264,528,Gold Loan,54872,6,12.15,9472.14,2024-02-26,0,0
CUST104349,53,Jaipur,Self-Employed,41748,717,Personal Loan,65621,12,13.71,5882.97,2023-07-22,0,0
CUST104350,36,Pune,Salaried,26261,689,Personal Loan,132703,24,15.01,6434.95,2023-03-25,0,0
CUST104351,31,Pune,Salaried,131381,512,Home Loan,2837653,180,10.14,30737.06,2023-04-26,7,0
CUST104352,37,Lucknow,Salaried,31725,795,Personal Loan,179164,24,16.09,8780.13,2024-08-18,0,0
CUST104353,25,Lucknow,Salaried,35000,827,Home Loan,1498761,300,9.47,13063.38,2023-12-14,0,0
CUST104354,27,Chennai,Business Owner,53971,537,Business Loan,348817,36,13.0,11753.02,2024-09-13,0,0
CUST104355,27,Mumbai,Self-Employed,25000,703,Business Loan,81937,12,12.72,7307.63,2024-08-05,0,0
CUST104356,43,Kolkata,Self-Employed,69273,640,Home Loan,2301649,240,10.88,23569.67,2023-03-21,1,0
CUST104357,52,Pune,Business Owner,51558,623,Personal Loan,491189,48,17.41,14277.68,2024-11-18,0,0
CUST104358,34,Jaipur,Salaried,80848,650,Home Loan,1538705,120,10.6,20848.77,2023-12-28,0,0
CUST104359,34,Jaipur,Salaried,74236,699,Personal Loan,137545,48,15.06,3832.16,2024-01-29,0,0
CUST104360,35,Jaipur,Self-Employed,35993,722,Personal Loan,323970,48,12.8,8659.18,2024-11-21,0,0
CUST104361,56,Ahmedabad,Business Owner,73464,774,Home Loan,1645110,120,9.88,21631.08,2024-03-07,0,0
CUST104362,21,Kolkata,Salaried,65041,711,Business Loan,172459,12,17.76,15791.35,2023-04-30,0,0
CUST104363,32,Lucknow,Salaried,63664,788,Business Loan,205252,12,16.85,18705.35,2023-10-12,0,0
CUST104364,32,Lucknow,Salaried,47925,621,Gold Loan,144977,18,11.82,8828.88,2023-09-30,0,0
CUST104365,34,Mumbai,Self-Employed,35212,789,Personal Loan,130367,48,14.13,3570.98,2023-11-30,1,0
CUST104366,21,Kolkata,Salaried,45895,602,Personal Loan,97612,12,14.49,8786.82,2024-08-22,0,0
CUST104367,29,Delhi,Business Owner,65607,637,Personal Loan,142778,12,12.26,12703.03,2023-04-02,0,0
CUST104368,44,Delhi,Salaried,112162,589,Personal Loan,749445,48,18.98,22400.59,2024-01-21,0,0
CUST104369,30,Lucknow,Salaried,47331,679,Personal Loan,563929,36,14.3,19356.03,2023-03-11,0,0
CUST104370,41,Jaipur,Salaried,62839,711,Gold Loan,64149,12,12.64,5718.78,2023-10-17,0,0
CUST104371,31,Mumbai,Salaried,20000,724,Personal Loan,168487,36,13.07,5682.68,2023-04-05,0,0
CUST104372,29,Pune,Self-Employed,36710,709,Vehicle Loan,534777,48,9.78,13506.89,2023-03-04,0,0
CUST104373,23,Ahmedabad,Business Owner,44860,585,Personal Loan,355902,24,16.53,17516.33,2023-11-20,0,0
CUST104374,32,Pune,Salaried,32600,642,Vehicle Loan,299476,48,9.79,7565.32,2024-10-21,0,0
CUST104375,41,Lucknow,Self-Employed,74987,659,Gold Loan,124958,6,11.93,21556.98,2023-02-07,0,0
CUST104376,32,Mumbai,Salaried,56318,549,Personal Loan,70468,48,18.82,2100.31,2023-12-10,0,0
CUST104377,39,Lucknow,Business Owner,101255,673,Home Loan,3361043,180,8.67,33433.3,2023-12-09,0,0
CUST104378,33,Kolkata,Salaried,65189,759,Personal Loan,299816,24,14.48,14463.11,2024-01-23,0,0
CUST104379,49,Ahmedabad,Salaried,54815,589,Home Loan,1719308,120,10.87,23557.13,2023-07-23,0,0
CUST104380,44,Hyderabad,Salaried,33463,571,Vehicle Loan,415340,60,12.35,9312.64,2023-07-20,0,0
CUST104381,30,Mumbai,Business Owner,37013,741,Personal Loan,73530,24,15.23,3573.26,2023-08-01,1,0
CUST104382,30,Ahmedabad,Salaried,35000,765,Home Loan,784199,300,10.22,7248.0,2024-07-01,0,0
CUST104383,41,Jaipur,Self-Employed,48895,703,Personal Loan,79270,48,12.23,2096.45,2024-05-17,0,0
CUST104384,39,Hyderabad,Salaried,105224,674,Home Loan,2689522,240,10.95,27669.47,2023-12-02,137,1
CUST104385,50,Jaipur,Salaried,67048,732,Personal Loan,83546,12,16.59,7603.55,2023-11-04,0,0
CUST104386,47,Mumbai,Salaried,50683,738,Business Loan,254658,24,16.38,12515.13,2023-08-31,0,0
CUST104387,48,Kolkata,Salaried,34569,580,Personal Loan,140951,12,14.3,12675.49,2023-04-15,0,0
CUST104388,44,Delhi,Salaried,105759,647,Business Loan,726191,60,11.58,16000.01,2023-06-01,0,0
CUST104389,39,Pune,Self-Employed,101712,704,Home Loan,3605779,300,8.57,29205.0,2023-04-14,0,0
CUST104390,39,Ahmedabad,Salaried,59273,699,Personal Loan,202651,12,12.24,18028.06,2023-01-23,0,0
CUST104391,35,Kolkata,Self-Employed,78641,620,Business Loan,301736,24,14.32,14532.87,2023-10-09,0,0
CUST104392,36,Delhi,Business Owner,36450,687,Personal Loan,76505,12,15.53,6924.36,2024-01-03,0,0
CUST104393,33,Delhi,Self-Employed,22270,573,Gold Loan,51385,12,12.02,4565.98,2024-06-17,0,0
CUST104394,27,Ahmedabad,Self-Employed,32539,589,Gold Loan,137360,12,10.59,12113.85,2024-03-16,0,0
CUST104395,53,Pune,Salaried,23876,622,Personal Loan,67092,24,12.3,3167.66,2023-08-11,0,0
CUST104396,24,Kolkata,Self-Employed,40323,739,Gold Loan,76671,6,12.36,13243.1,2023-01-16,0,0
CUST104397,43,Hyderabad,Salaried,58871,697,Personal Loan,172422,24,16.11,8451.38,2023-04-11,239,1
CUST104398,57,Jaipur,Business Owner,83573,567,Gold Loan,203051,24,9.95,9365.09,2024-06-25,0,0
CUST104399,46,Delhi,Business Owner,45421,703,Vehicle Loan,190149,48,9.96,4819.02,2024-05-08,0,0
CUST104400,21,Kolkata,Self-Employed,42100,704,Gold Loan,211522,24,11.28,9886.1,2023-04-09,0,0
CUST104401,53,Jaipur,Salaried,32848,717,Personal Loan,51847,12,15.23,4685.25,2024-01-18,0,0
CUST104402,43,Chennai,Self-Employed,45819,756,Gold Loan,153752,24,9.23,7040.36,2023-12-22,0,0
CUST104403,34,Mumbai,Salaried,28338,696,Business Loan,270730,60,11.97,6018.14,2023-05-02,0,0
CUST104404,42,Delhi,Salaried,38398,610,Vehicle Loan,161656,24,13.98,7760.04,2023-11-12,0,0
CUST104405,38,Lucknow,Self-Employed,22696,749,Vehicle Loan,238889,48,12.27,6322.58,2023-08-30,0,0
CUST104406,34,Chennai,Salaried,20000,842,Personal Loan,97258,24,17.41,4827.84,2024-02-16,344,1
CUST104407,26,Mumbai,Business Owner,38668,586,Business Loan,282361,36,15.29,9828.28,2023-05-06,0,0
CUST104408,36,Mumbai,Salaried,29439,752,Vehicle Loan,176008,60,9.65,3709.41,2024-10-15,1,0
CUST104409,38,Jaipur,Salaried,41518,602,Personal Loan,158966,24,13.21,7573.22,2024-01-20,0,0
CUST104410,30,Hyderabad,Self-Employed,35000,599,Home Loan,1533187,240,9.71,14502.22,2023-03-29,176,1
CUST104411,50,Hyderabad,Salaried,43750,470,Business Loan,343720,36,14.71,11866.41,2023-11-22,0,0
CUST104412,40,Mumbai,Salaried,104556,749,Business Loan,1601857,60,12.23,35818.88,2024-09-21,324,1
CUST104413,46,Ahmedabad,Salaried,71972,772,Business Loan,333858,12,13.59,29911.78,2023-01-19,0,0
CUST104414,38,Jaipur,Self-Employed,29761,798,Personal Loan,76259,36,14.32,2618.22,2024-08-16,0,0
CUST104415,37,Lucknow,Self-Employed,35000,479,Home Loan,832400,120,10.43,11199.39,2023-03-04,0,0
CUST104416,26,Bengaluru,Salaried,67132,815,Personal Loan,746027,48,12.43,19803.63,2023-06-01,0,0
CUST104417,34,Jaipur,Self-Employed,96837,682,Business Loan,358147,12,12.21,31856.12,2024-01-06,1,0
CUST104418,41,Pune,Salaried,48241,588,Home Loan,1226314,240,10.96,12624.5,2024-06-20,0,0
CUST104419,26,Mumbai,Business Owner,29263,534,Business Loan,213916,36,12.29,7134.74,2023-11-08,30,0
CUST104420,28,Chennai,Self-Employed,61978,707,Home Loan,1775029,120,10.5,23951.35,2024-07-01,0,0
CUST104421,35,Pune,Salaried,39026,677,Business Loan,203836,24,15.94,9974.6,2023-12-26,0,0
CUST104422,52,Chennai,Business Owner,44715,532,Vehicle Loan,225463,48,11.34,5864.51,2023-11-27,0,0
CUST104423,53,Bengaluru,Salaried,56855,660,Personal Loan,467395,36,17.64,16813.16,2024-04-05,0,0
CUST104424,55,Pune,Self-Employed,20000,610,Personal Loan,50550,24,15.35,2459.41,2023-11-28,0,0
CUST104425,42,Jaipur,Salaried,68632,758,Home Loan,2105617,240,9.52,19654.62,2024-09-11,0,0
CUST104426,37,Kolkata,Self-Employed,74112,752,Personal Loan,90322,12,18.24,8291.04,2023-10-01,1,0
CUST104427,30,Jaipur,Self-Employed,47235,642,Home Loan,1796855,300,9.88,16176.28,2023-03-25,0,0
CUST104428,49,Lucknow,Self-Employed,46065,637,Gold Loan,59023,12,11.94,5242.47,2024-06-16,0,0
CUST104429,28,Pune,Salaried,64014,673,Vehicle Loan,227943,60,9.75,4815.12,2023-02-01,0,0
CUST104430,59,Ahmedabad,Salaried,35000,436,Home Loan,765455,120,10.15,10179.23,2023-12-26,0,0
CUST104431,46,Hyderabad,Self-Employed,109044,656,Personal Loan,154436,24,18.28,7730.99,2024-09-08,0,0
CUST104432,33,Delhi,Self-Employed,53104,547,Personal Loan,432184,36,18.74,15785.39,2024-03-13,0,0
CUST104433,26,Jaipur,Salaried,46293,637,Personal Loan,80339,48,12.45,2133.43,2024-05-09,0,0
CUST104434,45,Mumbai,Self-Employed,52101,679,Personal Loan,57592,12,14.33,5179.97,2024-03-31,0,0
CUST104435,28,Bengaluru,Salaried,43113,605,Business Loan,200026,24,13.21,9529.34,2023-10-09,1,0
CUST104436,44,Kolkata,Business Owner,35000,834,Home Loan,1128166,120,10.89,15470.32,2023-05-12,0,0
CUST104437,41,Jaipur,Business Owner,49661,601,Vehicle Loan,164516,24,11.56,7710.58,2023-09-05,0,0
CUST104438,21,Bengaluru,Salaried,77121,603,Business Loan,203672,12,15.81,18461.03,2023-03-13,299,1
CUST104439,48,Kolkata,Self-Employed,112185,566,Business Loan,689551,36,13.81,23503.64,2023-11-14,0,0
CUST104440,40,Pune,Salaried,83532,606,Home Loan,2137540,240,9.53,19966.57,2023-08-11,0,0
CUST104441,35,Ahmedabad,Salaried,35000,756,Home Loan,915639,120,9.27,11733.15,2024-08-04,0,0
CUST104442,51,Jaipur,Salaried,76999,832,Personal Loan,253526,24,17.88,12642.36,2023-12-05,0,0
CUST104443,50,Mumbai,Self-Employed,49243,661,Personal Loan,114359,36,14.27,3923.53,2023-05-03,0,0
CUST104444,43,Ahmedabad,Self-Employed,56252,775,Business Loan,251883,12,11.44,22313.57,2024-10-17,0,0
CUST104445,22,Hyderabad,Business Owner,58606,734,Personal Loan,330294,48,17.56,9626.61,2023-05-18,0,0
CUST104446,21,Bengaluru,Salaried,33039,767,Gold Loan,123094,18,12.26,7521.4,2024-03-08,0,0
CUST104447,22,Kolkata,Business Owner,30347,650,Personal Loan,75753,36,15.56,2646.82,2024-11-02,0,0
CUST104448,21,Lucknow,Self-Employed,60200,657,Business Loan,527257,36,11.19,17309.2,2023-09-08,170,1
CUST104449,25,Delhi,Self-Employed,67541,564,Gold Loan,71644,6,12.09,12365.24,2024-05-10,0,0
CUST104450,41,Ahmedabad,Business Owner,45154,732,Home Loan,1690028,240,9.37,15610.09,2024-06-03,0,0
CUST104451,38,Hyderabad,Salaried,46153,697,Personal Loan,191214,24,18.23,9567.45,2023-12-18,0,0
CUST104452,33,Delhi,Salaried,60550,750,Personal Loan,116263,24,18.66,5841.47,2023-04-21,1,0
CUST104453,53,Bengaluru,Self-Employed,35965,651,Personal Loan,329844,36,11.58,10889.49,2024-02-14,0,0
CUST104454,28,Pune,Self-Employed,35000,778,Home Loan,986633,240,9.57,9241.86,2024-08-24,0,0
CUST104455,40,Ahmedabad,Self-Employed,107848,626,Personal Loan,214431,12,18.31,19690.68,2023-08-10,254,1
CUST104456,22,Hyderabad,Salaried,76264,523,Personal Loan,277541,12,17.66,25400.07,2024-01-16,0,0
CUST104457,42,Jaipur,Self-Employed,35000,513,Home Loan,580400,120,10.18,7728.0,2023-10-04,0,0
CUST104458,50,Ahmedabad,Salaried,57204,703,Gold Loan,457042,24,9.46,20976.44,2023-01-19,0,0
CUST104459,41,Chennai,Business Owner,37936,822,Home Loan,910346,180,10.92,10301.28,2023-12-07,0,0
CUST104460,34,Pune,Business Owner,57634,748,Vehicle Loan,170091,48,10.13,4324.57,2024-09-04,30,0
CUST104461,48,Lucknow,Self-Employed,62291,766,Personal Loan,234377,12,13.87,21029.7,2023-11-09,106,1
CUST104462,52,Ahmedabad,Self-Employed,54899,712,Home Loan,1627784,300,10.85,15777.91,2024-02-09,352,1
CUST104463,45,Pune,Salaried,21251,670,Gold Loan,60934,12,12.61,5431.32,2024-07-03,342,1
CUST104464,41,Jaipur,Salaried,27857,696,Personal Loan,93209,36,12.6,3122.65,2024-05-07,0,0
CUST104465,26,Kolkata,Self-Employed,74933,815,Gold Loan,142511,12,9.51,12496.53,2023-06-11,243,1
CUST104466,41,Hyderabad,Salaried,38103,616,Vehicle Loan,327453,48,12.9,8768.5,2023-10-30,207,1
CUST104467,39,Kolkata,Self-Employed,29872,701,Gold Loan,85074,12,11.8,7550.76,2023-11-04,7,0
CUST104468,26,Bengaluru,Self-Employed,41945,531,Vehicle Loan,211728,36,12.27,7059.73,2024-10-04,7,0
CUST104469,44,Pune,Salaried,45267,629,Vehicle Loan,169974,60,12.1,3789.57,2023-08-02,215,1
CUST104470,36,Ahmedabad,Salaried,106044,900,Home Loan,2886654,120,9.42,37226.28,2023-03-03,0,0
CUST104471,41,Kolkata,Self-Employed,74556,541,Personal Loan,318119,24,16.43,15641.53,2024-04-19,0,0
CUST104472,37,Delhi,Self-Employed,31933,456,Gold Loan,72738,12,12.61,6483.46,2023-02-20,0,0
CUST104473,31,Mumbai,Self-Employed,69689,629,Business Loan,343490,12,12.2,30550.82,2023-11-22,1,0
CUST104474,33,Lucknow,Self-Employed,41427,595,Home Loan,1324565,300,9.68,11738.84,2023-04-09,0,0
CUST104475,31,Chennai,Business Owner,33452,767,Business Loan,77527,12,11.38,6865.71,2023-02-20,30,0
CUST104476,40,Bengaluru,Salaried,41627,588,Business Loan,302094,24,11.47,14145.96,2023-08-23,0,0
CUST104477,34,Lucknow,Salaried,36003,712,Business Loan,316868,36,17.3,11344.58,2023-01-19,0,0
CUST104478,50,Mumbai,Salaried,52554,729,Business Loan,353201,24,11.61,16562.14,2024-05-01,0,0
CUST104479,44,Kolkata,Salaried,35000,804,Home Loan,1492282,300,11.06,14690.83,2023-04-24,341,1
CUST104480,21,Bengaluru,Self-Employed,39846,747,Personal Loan,250827,48,16.84,7216.88,2024-01-08,0,0
CUST104481,29,Kolkata,Business Owner,59406,676,Gold Loan,144278,18,10.13,8673.55,2024-04-27,0,0
CUST104482,34,Pune,Salaried,48256,607,Personal Loan,351120,48,18.42,10391.37,2024-05-08,122,1
CUST104483,39,Chennai,Self-Employed,40169,605,Personal Loan,106100,12,12.55,9454.18,2023-06-29,0,0
CUST104484,25,Mumbai,Business Owner,60001,449,Personal Loan,319342,36,12.27,10647.95,2023-09-06,0,0
CUST104485,30,Delhi,Self-Employed,28876,701,Personal Loan,67016,12,18.78,6168.93,2023-11-13,0,0
CUST104486,50,Kolkata,Salaried,50351,666,Gold Loan,148781,12,10.99,13148.82,2024-04-10,0,0
CUST104487,41,Pune,Self-Employed,63489,504,Home Loan,1764111,300,11.41,17815.66,2024-05-03,7,0
CUST104488,27,Pune,Salaried,22928,607,Vehicle Loan,189932,36,13.21,6418.79,2023-11-03,0,0
CUST104489,48,Mumbai,Salaried,39352,661,Home Loan,1137590,300,9.54,9970.74,2023-03-17,0,0
CUST104490,32,Kolkata,Salaried,35199,577,Personal Loan,188722,36,11.55,6227.79,2024-07-02,0,0
CUST104491,44,Mumbai,Salaried,25000,727,Business Loan,208290,24,13.1,9912.27,2024-01-16,0,0
CUST104492,39,Kolkata,Salaried,35000,710,Home Loan,793439,240,8.86,7067.49,2023-07-04,0,0
CUST104493,35,Chennai,Salaried,103218,580,Home Loan,1868350,120,10.25,24949.76,2023-12-04,143,1
CUST104494,34,Hyderabad,Self-Employed,23000,575,Gold Loan,87477,18,11.72,5323.16,2023-07-04,0,0
CUST104495,28,Mumbai,Salaried,104694,881,Business Loan,304473,12,11.05,26916.93,2024-01-25,0,0
CUST104496,28,Ahmedabad,Self-Employed,73332,596,Gold Loan,141506,12,10.47,12471.58,2024-08-15,0,0
CUST104497,21,Pune,Salaried,61565,623,Business Loan,359325,36,16.89,12791.25,2024-06-15,0,0
CUST104498,45,Pune,Self-Employed,47734,624,Personal Loan,91901,12,15.66,8323.48,2023-10-07,0,0
CUST104499,30,Jaipur,Business Owner,35000,740,Home Loan,1087625,300,9.7,9654.19,2024-03-07,0,0
CUST104500,46,Delhi,Salaried,55908,715,Home Loan,1856836,300,10.05,16938.57,2023-12-15,0,0
CUST104501,49,Mumbai,Salaried,40225,900,Personal Loan,138414,24,17.96,6907.52,2023-05-20,0,0
CUST104502,32,Hyderabad,Salaried,102681,590,Home Loan,1553820,120,10.46,20931.68,2024-06-16,0,0
CUST104503,32,Hyderabad,Salaried,87918,661,Home Loan,2349351,300,9.79,21001.77,2023-07-31,0,0
CUST104504,62,Mumbai,Salaried,85320,703,Business Loan,421086,24,14.13,20243.42,2023-11-22,0,0
CUST104505,45,Jaipur,Salaried,35000,900,Home Loan,978677,120,10.87,13409.36,2024-04-17,0,0
CUST104506,44,Jaipur,Self-Employed,68183,695,Gold Loan,105417,24,10.67,4897.12,2023-12-07,0,0
CUST104507,50,Bengaluru,Business Owner,84315,795,Home Loan,1986577,180,9.1,20267.54,2023-10-29,0,0
CUST104508,42,Hyderabad,Salaried,79452,732,Gold Loan,169059,12,10.47,14899.95,2023-06-10,0,0
CUST104509,47,Jaipur,Salaried,36214,803,Personal Loan,108181,24,14.78,5234.03,2023-06-05,0,0
CUST104510,44,Hyderabad,Self-Employed,61790,771,Business Loan,288922,12,13.63,25891.2,2023-03-09,0,0
CUST104511,57,Ahmedabad,Salaried,86475,800,Gold Loan,212487,12,10.95,18775.0,2024-04-21,0,0
CUST104512,38,Kolkata,Self-Employed,29708,560,Personal Loan,109178,36,16.94,3889.23,2023-09-21,0,0
CUST104513,41,Chennai,Self-Employed,35000,604,Home Loan,885002,120,10.24,11813.3,2024-05-05,7,0
CUST104514,23,Jaipur,Self-Employed,41982,683,Home Loan,848848,180,9.66,8946.02,2023-12-18,1,0
CUST104515,34,Delhi,Salaried,59437,633,Personal Loan,64913,12,18.66,5971.63,2023-04-30,0,0
CUST104516,33,Kolkata,Salaried,32008,576,Personal Loan,226244,24,14.07,10870.11,2023-02-01,0,0
CUST104517,45,Mumbai,Self-Employed,51044,736,Personal Loan,188312,24,14.19,9058.31,2023-09-20,0,0
CUST104518,31,Delhi,Business Owner,96032,776,Business Loan,296784,12,16.68,27023.06,2023-01-01,0,0
CUST104519,39,Ahmedabad,Self-Employed,46204,759,Personal Loan,178012,48,17.33,5166.99,2024-03-19,179,1
CUST104520,50,Ahmedabad,Business Owner,81877,712,Personal Loan,420836,48,18.0,12362.06,2024-08-26,298,1
CUST104521,34,Pune,Business Owner,35000,619,Home Loan,702698,120,10.44,9458.26,2024-08-10,0,0
CUST104522,49,Jaipur,Salaried,43549,592,Business Loan,205580,12,14.89,18544.63,2024-10-25,0,0
CUST104523,33,Kolkata,Self-Employed,88587,861,Business Loan,399378,36,17.49,14336.5,2023-07-18,0,0
CUST104524,35,Ahmedabad,Salaried,39014,576,Personal Loan,268707,24,15.78,13128.5,2023-04-07,167,1
CUST104525,39,Pune,Salaried,25583,724,Vehicle Loan,178950,60,12.63,4037.85,2024-02-27,0,0
CUST104526,40,Mumbai,Salaried,81933,606,Personal Loan,57669,48,15.08,1607.31,2023-07-05,291,1
CUST104527,37,Hyderabad,Self-Employed,42481,748,Business Loan,291705,36,11.35,9598.47,2023-11-14,0,0
CUST104528,22,Chennai,Salaried,49379,543,Vehicle Loan,310671,24,12.24,14659.21,2024-04-07,0,0
CUST104529,21,Hyderabad,Self-Employed,83563,758,Personal Loan,74291,12,14.02,6671.07,2023-11-17,30,0
CUST104530,36,Ahmedabad,Business Owner,40826,818,Business Loan,428751,36,13.72,14595.45,2023-04-11,0,0
CUST104531,51,Kolkata,Salaried,80701,615,Personal Loan,98814,36,11.53,3259.9,2024-02-21,0,0
CUST104532,41,Chennai,Salaried,56732,771,Business Loan,306454,24,13.34,14618.37,2024-10-21,0,0
CUST104533,51,Kolkata,Salaried,55020,672,Gold Loan,203205,24,12.16,9580.76,2023-06-03,0,0
CUST104534,33,Delhi,Salaried,49715,589,Vehicle Loan,159265,48,11.07,4121.7,2024-06-27,0,0
CUST104535,36,Kolkata,Salaried,82899,553,Gold Loan,130078,6,11.03,22382.44,2024-02-16,0,0
CUST104536,37,Chennai,Salaried,41747,674,Gold Loan,53148,6,10.53,9132.03,2023-11-06,0,0
CUST104537,41,Delhi,Business Owner,71847,573,Personal Loan,270172,24,16.92,13347.53,2024-05-17,0,0
CUST104538,51,Hyderabad,Business Owner,53139,679,Vehicle Loan,205786,24,12.34,9719.77,2024-10-06,0,0
CUST104539,33,Pune,Salaried,37306,711,Gold Loan,77158,12,10.02,6784.13,2023-09-14,0,0
CUST104540,51,Delhi,Salaried,25000,568,Business Loan,212168,24,12.61,10048.03,2024-05-18,0,0
CUST104541,41,Hyderabad,Salaried,38435,779,Gold Loan,52796,12,10.24,4647.5,2023-02-16,15,0
CUST104542,21,Bengaluru,Salaried,74104,751,Personal Loan,205914,12,13.95,18483.58,2023-10-26,0,0
CUST104543,36,Mumbai,Salaried,58509,626,Personal Loan,219834,12,16.02,19947.81,2023-08-28,0,0
CUST104544,37,Ahmedabad,Salaried,54580,664,Personal Loan,195679,12,17.31,17875.65,2023-04-24,0,0
CUST104545,35,Chennai,Business Owner,102388,805,Personal Loan,200667,12,16.46,18250.4,2023-09-10,325,1
CUST104546,28,Hyderabad,Salaried,37017,502,Personal Loan,98257,12,14.23,8832.85,2023-08-22,0,0
CUST104547,42,Kolkata,Salaried,33345,443,Personal Loan,136059,48,11.54,3552.3,2023-10-21,0,0
CUST104548,34,Bengaluru,Business Owner,97057,660,Business Loan,315462,36,14.99,10934.05,2023-10-22,257,1
CUST104549,33,Jaipur,Self-Employed,69424,683,Personal Loan,498829,36,12.56,16702.0,2023-05-11,0,0
CUST104550,41,Hyderabad,Salaried,21911,676,Personal Loan,121424,24,14.58,5863.24,2024-03-04,7,0
CUST104551,44,Pune,Salaried,66874,706,Gold Loan,91144,6,10.73,15669.6,2023-06-03,0,0
CUST104552,41,Kolkata,Self-Employed,41835,555,Personal Loan,290218,24,18.99,14628.08,2024-10-30,15,0
CUST104553,58,Bengaluru,Salaried,82786,733,Personal Loan,89122,36,17.53,3201.0,2024-02-01,172,1
CUST104554,31,Delhi,Business Owner,34726,716,Vehicle Loan,376317,48,13.24,10140.53,2024-02-26,1,0
CUST104555,49,Delhi,Self-Employed,34433,558,Vehicle Loan,273155,60,12.65,6166.28,2023-04-16,277,1
CUST104556,37,Delhi,Salaried,107197,550,Business Loan,435963,36,16.95,15532.42,2023-02-07,0,0
CUST104557,37,Hyderabad,Self-Employed,50826,663,Business Loan,474003,36,11.73,15682.63,2024-05-23,0,0
CUST104558,23,Chennai,Salaried,88518,607,Business Loan,719505,36,11.66,23781.19,2024-02-29,0,0
CUST104559,26,Chennai,Salaried,52527,657,Gold Loan,446630,24,11.16,20849.65,2024-09-20,0,0
CUST104560,21,Hyderabad,Self-Employed,27131,571,Vehicle Loan,392904,60,13.75,9091.34,2023-01-10,187,1
CUST104561,51,Delhi,Self-Employed,48741,726,Home Loan,1593652,300,8.64,12983.22,2023-08-19,0,0
CUST104562,44,Hyderabad,Business Owner,46757,800,Vehicle Loan,200250,48,13.42,5414.04,2023-01-09,0,0
CUST104563,38,Kolkata,Salaried,30775,679,Business Loan,176484,24,15.94,8636.15,2024-03-08,0,0
CUST104564,23,Ahmedabad,Self-Employed,31079,585,Business Loan,110454,12,11.21,9772.93,2023-11-10,0,0
CUST104565,42,Chennai,Salaried,34979,686,Personal Loan,96763,24,17.78,4820.53,2023-01-07,0,0
CUST104566,49,Delhi,Self-Employed,55286,625,Personal Loan,100664,12,15.07,9089.09,2023-02-09,30,0
CUST104567,21,Mumbai,Salaried,66052,663,Home Loan,2227405,180,9.17,22817.63,2024-11-19,0,0
CUST104568,37,Bengaluru,Salaried,32091,726,Business Loan,292568,60,13.27,6697.33,2023-05-14,0,0
CUST104569,47,Chennai,Salaried,15000,840,Gold Loan,58003,24,11.99,2730.13,2024-11-03,0,0
CUST104570,21,Hyderabad,Business Owner,84859,704,Home Loan,1433357,120,10.39,19252.82,2024-09-25,0,0
CUST104571,28,Jaipur,Salaried,30857,734,Vehicle Loan,200244,24,12.28,9452.39,2024-11-23,0,0
CUST104572,39,Ahmedabad,Salaried,51448,587,Home Loan,987688,120,8.72,12362.44,2023-10-04,215,1
CUST104573,49,Pune,Salaried,85656,550,Business Loan,328872,12,11.41,29129.19,2023-05-06,286,1
CUST104574,39,Bengaluru,Salaried,88534,496,Vehicle Loan,247214,24,9.91,11397.41,2023-04-08,0,0
CUST104575,59,Lucknow,Salaried,50941,647,Personal Loan,153320,12,16.36,13936.99,2023-05-25,155,1
CUST104576,37,Mumbai,Salaried,50626,631,Business Loan,357847,24,14.32,17235.41,2024-07-08,195,1
CUST104577,46,Jaipur,Salaried,59119,543,Personal Loan,132225,12,18.36,12145.05,2023-05-06,0,0
CUST104578,25,Hyderabad,Salaried,141976,740,Gold Loan,282866,12,9.83,24846.06,2023-08-10,7,0
CUST104579,60,Delhi,Self-Employed,51298,456,Home Loan,1469725,120,9.39,18929.48,2023-04-13,1,0
CUST104580,27,Mumbai,Self-Employed,33402,626,Personal Loan,246747,36,13.5,8373.43,2024-10-14,310,1
CUST104581,30,Jaipur,Self-Employed,51087,515,Business Loan,138455,12,13.38,12391.12,2023-03-27,0,0
CUST104582,37,Mumbai,Salaried,89185,643,Home Loan,2015372,240,9.41,18667.62,2023-07-09,0,0
CUST104583,61,Mumbai,Salaried,52762,677,Home Loan,1871287,240,10.9,19188.02,2023-09-27,0,0
CUST104584,39,Mumbai,Self-Employed,44207,782,Gold Loan,69794,6,10.74,11999.42,2024-01-02,0,0
CUST104585,42,Hyderabad,Salaried,42729,655,Personal Loan,350361,36,18.2,12701.57,2023-05-17,30,0
CUST104586,29,Pune,Self-Employed,65618,692,Vehicle Loan,370021,24,10.33,17131.01,2023-08-30,0,0
CUST104587,48,Delhi,Business Owner,23023,553,Personal Loan,53655,12,12.75,4786.03,2023-12-18,0,0
CUST104588,53,Chennai,Salaried,54375,646,Vehicle Loan,171480,24,10.1,7920.85,2024-02-13,0,0
CUST104589,35,Hyderabad,Salaried,30618,826,Business Loan,287016,36,15.7,10048.17,2024-06-06,0,0
CUST104590,41,Chennai,Salaried,53519,619,Home Loan,1893155,180,9.56,19837.39,2024-07-13,15,0
CUST104591,36,Hyderabad,Salaried,34349,621,Business Loan,255343,24,12.77,12111.9,2023-11-28,0,0
CUST104592,36,Delhi,Self-Employed,53205,690,Business Loan,427082,60,11.65,9424.84,2023-11-25,1,0
CUST104593,40,Jaipur,Business Owner,71197,702,Personal Loan,419574,24,15.94,20531.62,2023-08-24,0,0
CUST104594,56,Jaipur,Salaried,89212,793,Personal Loan,171623,12,17.31,15678.09,2024-07-10,154,1
CUST104595,60,Ahmedabad,Self-Employed,35335,752,Home Loan,904966,180,11.34,10479.85,2023-03-01,0,0
CUST104596,30,Jaipur,Business Owner,89754,688,Personal Loan,295650,36,14.77,10215.54,2024-11-01,0,0
CUST104597,30,Kolkata,Salaried,35000,717,Home Loan,919658,240,9.72,8704.97,2024-10-08,30,0
CUST104598,26,Mumbai,Self-Employed,57096,718,Vehicle Loan,418281,48,10.3,10669.05,2024-02-15,0,0
CUST104599,43,Chennai,Business Owner,63772,741,Gold Loan,147963,12,12.83,13203.85,2023-06-17,0,0
CUST104600,39,Jaipur,Business Owner,42178,683,Business Loan,310325,36,11.52,10236.23,2023-11-16,334,1
CUST104601,65,Kolkata,Salaried,29065,628,Business Loan,239359,24,16.18,11740.36,2024-07-28,0,0
CUST104602,23,Kolkata,Self-Employed,28175,503,Business Loan,107926,12,11.88,9583.04,2023-09-11,0,0
CUST104603,40,Bengaluru,Salaried,44031,568,Gold Loan,69901,6,10.09,11995.41,2024-08-25,30,0
CUST104604,45,Mumbai,Self-Employed,35000,797,Home Loan,1599435,300,10.21,14771.52,2024-03-22,250,1
CUST104605,61,Pune,Salaried,49752,709,Personal Loan,121138,12,15.0,10933.71,2024-01-11,0,0
CUST104606,33,Ahmedabad,Self-Employed,85090,658,Personal Loan,779416,48,13.3,21026.02,2023-09-26,0,0
CUST104607,35,Ahmedabad,Salaried,29598,746,Personal Loan,130062,24,15.04,6308.74,2023-01-14,0,0
CUST104608,22,Hyderabad,Salaried,46434,706,Home Loan,1125953,300,11.01,11043.75,2024-09-19,1,0
CUST104609,40,Hyderabad,Business Owner,33673,630,Gold Loan,82594,6,9.56,14152.04,2024-01-04,15,0
CUST104610,46,Lucknow,Salaried,46634,718,Home Loan,863153,120,10.07,11440.12,2024-09-17,7,0
CUST104611,52,Mumbai,Business Owner,31532,517,Personal Loan,59100,12,11.78,5244.88,2023-12-28,1,0
CUST104612,31,Ahmedabad,Business Owner,51094,769,Personal Loan,168768,24,18.95,8503.26,2023-04-09,0,0
CUST104613,34,Mumbai,Business Owner,152232,664,Business Loan,947225,24,17.46,47042.58,2024-10-02,0,0
CUST104614,37,Kolkata,Salaried,68720,703,Home Loan,1185309,120,9.36,15246.9,2023-03-31,0,0
CUST104615,59,Mumbai,Self-Employed,130361,783,Home Loan,2208693,180,10.89,24951.59,2024-08-22,336,1
CUST104616,34,Bengaluru,Salaried,44178,671,Gold Loan,97251,12,12.51,8663.85,2024-07-14,0,0
CUST104617,33,Chennai,Salaried,40397,826,Gold Loan,51286,6,11.98,8848.81,2023-01-20,0,0
CUST104618,47,Lucknow,Self-Employed,35521,603,Vehicle Loan,156389,24,10.17,7228.84,2023-07-22,117,1
CUST104619,43,Chennai,Salaried,74812,621,Personal Loan,317395,24,13.99,15237.55,2024-05-01,0,0
CUST104620,42,Delhi,Business Owner,33505,773,Business Loan,135388,12,12.77,12077.88,2024-06-29,15,0
CUST104621,44,Kolkata,Salaried,61333,736,Personal Loan,434430,36,13.91,14828.8,2024-11-26,0,0
CUST104622,29,Kolkata,Self-Employed,72768,788,Personal Loan,327763,24,12.63,15525.55,2023-04-02,0,0
CUST104623,31,Ahmedabad,Salaried,49625,683,Personal Loan,109611,12,15.46,9917.11,2023-09-16,0,0
CUST104624,37,Hyderabad,Self-Employed,194177,726,Personal Loan,638668,36,16.72,22681.36,2023-05-27,159,1
CUST104625,40,Hyderabad,Business Owner,42624,768,Personal Loan,132481,12,16.45,12048.34,2023-09-09,0,0
CUST104626,40,Jaipur,Business Owner,42086,629,Business Loan,384403,60,17.74,9707.02,2023-05-17,0,0
CUST104627,47,Pune,Self-Employed,29565,712,Gold Loan,52822,24,10.81,2457.26,2023-03-02,0,0
CUST104628,38,Hyderabad,Business Owner,25000,772,Business Loan,414470,60,17.95,10513.54,2023-11-02,0,0
CUST104629,38,Jaipur,Salaried,31306,658,Personal Loan,151068,36,15.11,5244.96,2023-02-22,0,0
CUST104630,40,Hyderabad,Self-Employed,133354,764,Gold Loan,78115,6,10.2,13409.22,2024-07-27,0,0
CUST104631,24,Bengaluru,Salaried,47033,767,Personal Loan,61275,12,13.75,5494.5,2023-06-17,0,0
CUST104632,29,Kolkata,Salaried,68958,866,Business Loan,315309,12,11.06,27876.36,2024-05-30,30,0
CUST104633,53,Jaipur,Self-Employed,25399,589,Business Loan,314254,60,15.72,7595.37,2023-01-09,0,0
CUST104634,47,Delhi,Salaried,100049,717,Personal Loan,571951,36,14.84,19782.08,2023-09-26,0,0
CUST104635,32,Delhi,Salaried,56446,613,Business Loan,583488,60,13.38,13389.92,2023-10-23,0,0
CUST104636,36,Bengaluru,Salaried,47285,689,Personal Loan,114245,36,14.16,3913.51,2023-09-04,0,0
CUST104637,23,Chennai,Salaried,45549,444,Business Loan,352818,24,17.47,17523.9,2024-07-18,0,0
CUST104638,45,Ahmedabad,Self-Employed,61607,616,Vehicle Loan,275330,60,13.31,6308.38,2024-06-09,1,0
CUST104639,30,Lucknow,Salaried,61936,650,Personal Loan,122565,36,15.11,4255.36,2023-03-17,0,0
CUST104640,21,Ahmedabad,Self-Employed,70715,514,Gold Loan,169972,18,9.87,10197.85,2024-04-01,0,0
CUST104641,35,Bengaluru,Salaried,44671,775,Home Loan,1054248,300,10.38,9863.8,2023-12-30,0,0
CUST104642,36,Delhi,Business Owner,30784,575,Personal Loan,54602,12,13.14,4880.49,2023-08-18,0,0
CUST104643,40,Delhi,Self-Employed,45319,785,Vehicle Loan,233020,36,10.93,7621.05,2024-04-09,0,0
CUST104644,39,Pune,Salaried,29777,875,Personal Loan,154366,24,15.8,7543.5,2024-11-21,0,0
CUST104645,40,Bengaluru,Salaried,35000,504,Home Loan,1377416,240,10.71,13946.69,2024-09-25,0,0
CUST104646,27,Ahmedabad,Salaried,29975,545,Business Loan,424623,60,17.24,10607.85,2024-07-19,0,0
CUST104647,42,Ahmedabad,Business Owner,48209,622,Business Loan,312635,36,15.18,10865.17,2024-02-25,0,0
CUST104648,40,Chennai,Self-Employed,60302,665,Personal Loan,89270,48,15.23,2494.87,2024-06-03,0,0
CUST104649,38,Chennai,Salaried,35000,541,Home Loan,1407658,240,9.28,12919.66,2023-06-19,0,0
CUST104650,32,Jaipur,Salaried,90540,734,Gold Loan,55553,18,12.53,3401.43,2024-10-30,0,0
CUST104651,39,Chennai,Self-Employed,136559,660,Gold Loan,828954,24,12.66,39277.73,2023-04-09,0,0
CUST104652,53,Kolkata,Self-Employed,76187,664,Personal Loan,545549,36,16.77,19387.92,2023-03-08,0,0
CUST104653,29,Mumbai,Business Owner,56025,665,Personal Loan,179256,48,15.17,5004.29,2024-11-03,0,0
CUST104654,38,Delhi,Self-Employed,67073,601,Business Loan,429861,36,16.92,15308.61,2023-01-11,30,0
CUST104655,55,Mumbai,Salaried,72362,732,Personal Loan,601316,36,13.67,20455.31,2023-01-23,0,0
CUST104656,54,Ahmedabad,Self-Employed,45646,722,Personal Loan,51122,12,13.27,4572.56,2024-08-30,355,1
CUST104657,30,Kolkata,Self-Employed,43817,699,Personal Loan,253832,48,13.9,6923.61,2024-09-27,30,0
CUST104658,35,Lucknow,Business Owner,98037,817,Business Loan,1493327,60,16.35,36593.1,2024-08-09,0,0
CUST104659,21,Kolkata,Self-Employed,62147,743,Personal Loan,90654,24,16.6,4464.73,2023-11-26,0,0
CUST104660,42,Bengaluru,Self-Employed,45191,737,Personal Loan,75124,12,16.99,6851.31,2023-10-18,0,0
CUST104661,46,Hyderabad,Salaried,54634,656,Personal Loan,130929,24,18.84,6589.78,2023-11-15,0,0
CUST104662,38,Delhi,Salaried,25665,719,Business Loan,122917,12,13.42,11002.85,2023-03-28,0,0
CUST104663,56,Pune,Salaried,44052,683,Home Loan,818395,120,9.88,10760.84,2023-04-25,7,0
CUST104664,37,Hyderabad,Salaried,49939,641,Business Loan,826833,60,11.65,18246.54,2023-12-30,0,0
CUST104665,29,Lucknow,Self-Employed,67112,714,Home Loan,2918968,300,10.19,26916.64,2023-12-04,0,0
CUST104666,56,Delhi,Salaried,19031,622,Gold Loan,84394,18,9.5,5049.05,2024-08-30,0,0
CUST104667,45,Pune,Salaried,84362,684,Personal Loan,297713,12,17.74,27257.5,2024-10-26,0,0
CUST104668,43,Lucknow,Self-Employed,59576,657,Personal Loan,560038,48,14.56,15461.65,2023-01-29,0,0
CUST104669,22,Hyderabad,Salaried,71056,694,Home Loan,2565559,240,10.3,25270.28,2024-02-14,15,0
CUST104670,47,Delhi,Salaried,56875,539,Personal Loan,77807,24,14.24,3744.57,2023-01-30,0,0
CUST104671,40,Delhi,Salaried,35000,603,Home Loan,546656,120,10.75,7453.04,2024-04-17,0,0
CUST104672,55,Pune,Salaried,36582,462,Personal Loan,243928,48,16.08,6922.99,2023-11-19,0,0
CUST104673,55,Pune,Salaried,87270,743,Vehicle Loan,708403,36,13.37,23995.34,2023-02-13,0,0
CUST104674,63,Pune,Salaried,24360,729,Personal Loan,84319,48,15.63,2373.68,2023-04-16,0,0
CUST104675,21,Jaipur,Self-Employed,52855,687,Vehicle Loan,247600,24,10.14,11441.49,2023-02-16,15,0
CUST104676,36,Delhi,Self-Employed,39732,790,Personal Loan,100583,36,13.13,3395.34,2024-04-19,7,0
CUST104677,24,Jaipur,Salaried,39074,640,Personal Loan,257528,24,17.15,12751.34,2024-06-10,135,1
CUST104678,34,Mumbai,Salaried,83191,560,Personal Loan,558080,48,12.15,14737.52,2023-10-25,0,0
CUST104679,40,Delhi,Self-Employed,127248,710,Personal Loan,314018,24,16.85,15503.14,2024-07-09,0,0
CUST104680,65,Kolkata,Salaried,99668,785,Business Loan,300779,12,17.24,27466.74,2023-03-30,1,0
CUST104681,28,Jaipur,Salaried,113591,614,Gold Loan,154979,6,12.68,26793.47,2023-11-26,0,0
CUST104682,36,Ahmedabad,Salaried,55861,497,Gold Loan,62173,6,9.85,10661.89,2024-01-17,0,0
CUST104683,33,Mumbai,Self-Employed,115581,821,Business Loan,1257705,60,12.29,28161.61,2023-12-10,0,0
CUST104684,33,Ahmedabad,Salaried,27214,636,Gold Loan,72055,18,9.51,4311.17,2023-12-07,0,0
CUST104685,39,Kolkata,Salaried,20000,527,Personal Loan,70231,48,14.85,1949.25,2023-12-22,0,0
CUST104686,43,Kolkata,Self-Employed,38454,733,Vehicle Loan,698496,60,11.72,15439.01,2023-09-13,15,0
CUST104687,43,Mumbai,Salaried,49650,755,Home Loan,1746640,240,10.69,17661.59,2023-01-18,0,0
CUST104688,34,Kolkata,Salaried,55802,743,Gold Loan,57907,6,10.58,9951.16,2023-05-01,0,0
CUST104689,28,Kolkata,Salaried,39495,450,Personal Loan,324245,48,13.06,8708.34,2024-01-19,148,1
CUST104690,60,Pune,Salaried,60317,678,Personal Loan,207355,12,13.94,18611.95,2024-10-27,0,0
CUST104691,42,Lucknow,Salaried,23519,613,Personal Loan,58860,12,16.42,5352.12,2023-07-10,0,0
CUST104692,26,Hyderabad,Salaried,78007,717,Personal Loan,73072,24,12.41,3453.76,2024-10-17,30,0
CUST104693,37,Ahmedabad,Self-Employed,76494,787,Home Loan,1875219,240,10.21,18357.95,2023-09-07,0,0
CUST104694,44,Mumbai,Business Owner,37098,839,Personal Loan,106781,24,16.54,5255.92,2024-05-27,30,0
CUST104695,23,Pune,Salaried,57681,666,Business Loan,248886,24,16.03,12189.8,2024-11-03,0,0
CUST104696,30,Hyderabad,Business Owner,16114,669,Gold Loan,25000,6,9.87,4287.43,2024-05-31,0,0
CUST104697,46,Hyderabad,Self-Employed,69259,819,Business Loan,637279,36,11.91,21139.4,2024-11-16,0,0
CUST104698,43,Bengaluru,Salaried,43671,668,Gold Loan,74930,18,11.82,4563.12,2024-10-24,0,0
CUST104699,39,Chennai,Salaried,32229,592,Personal Loan,157533,24,13.23,7506.44,2023-09-22,317,1
CUST104700,34,Ahmedabad,Salaried,46071,714,Home Loan,1544074,300,9.29,13265.81,2024-08-30,0,0
CUST104701,52,Mumbai,Salaried,34131,735,Business Loan,433722,60,12.76,9815.3,2023-01-11,0,0
CUST104702,37,Bengaluru,Self-Employed,40442,591,Personal Loan,85446,12,16.51,7773.23,2023-08-24,0,0
CUST104703,39,Bengaluru,Salaried,25145,765,Business Loan,234550,24,13.03,11154.24,2024-11-19,0,0
CUST104704,35,Lucknow,Salaried,32705,674,Vehicle Loan,306053,60,11.42,6718.62,2023-01-14,1,0
CUST104705,47,Jaipur,Salaried,59078,634,Personal Loan,218364,24,15.32,10620.97,2023-11-17,0,0
CUST104706,45,Chennai,Self-Employed,59804,670,Business Loan,270151,24,11.73,12682.91,2024-04-06,0,0
CUST104707,37,Pune,Business Owner,71457,748,Vehicle Loan,380840,48,11.15,9870.77,2023-05-13,0,0
CUST104708,34,Kolkata,Salaried,35000,731,Home Loan,1140318,240,9.72,10793.61,2024-02-21,0,0
CUST104709,30,Jaipur,Business Owner,109133,554,Personal Loan,157735,24,18.0,7874.78,2023-03-07,0,0
CUST104710,31,Lucknow,Business Owner,39721,608,Gold Loan,73329,12,12.28,6524.8,2023-05-10,0,0
CUST104711,44,Chennai,Salaried,42414,734,Gold Loan,58018,6,12.59,10027.83,2024-05-12,0,0
CUST104712,30,Bengaluru,Salaried,35000,504,Home Loan,1080138,180,11.22,12426.44,2023-05-27,0,0
CUST104713,23,Hyderabad,Self-Employed,45790,721,Personal Loan,339897,48,18.06,9995.13,2023-01-30,349,1
CUST104714,40,Hyderabad,Salaried,35000,566,Home Loan,787753,240,11.34,8314.15,2024-04-14,30,0
CUST104715,46,Bengaluru,Business Owner,87820,666,Vehicle Loan,443128,48,12.62,11804.61,2023-08-27,0,0
CUST104716,45,Jaipur,Self-Employed,100469,567,Personal Loan,125820,12,13.93,11292.87,2024-01-19,0,0
CUST104717,37,Lucknow,Self-Employed,68631,657,Business Loan,155222,12,15.2,14024.73,2023-01-07,0,0
CUST104718,28,Delhi,Business Owner,55615,656,Home Loan,1784307,240,10.09,17325.48,2023-08-13,0,0
CUST104719,50,Pune,Salaried,84671,639,Personal Loan,615359,48,14.99,17122.78,2023-01-15,0,0
CUST104720,30,Ahmedabad,Self-Employed,52178,759,Home Loan,1550623,180,10.83,17459.16,2023-02-12,0,0
CUST104721,35,Delhi,Salaried,28528,799,Personal Loan,54047,36,14.03,1847.99,2024-08-04,0,0
CUST104722,35,Delhi,Business Owner,49166,672,Personal Loan,177053,36,12.44,5917.97,2023-10-25,0,0
CUST104723,33,Hyderabad,Business Owner,45190,566,Vehicle Loan,216171,36,9.65,6939.76,2024-06-04,0,0
CUST104724,34,Lucknow,Salaried,25000,694,Business Loan,388624,60,12.76,8794.72,2024-08-05,0,0
CUST104725,41,Delhi,Self-Employed,81629,537,Personal Loan,239772,12,16.22,21779.69,2024-05-16,0,0
CUST104726,47,Jaipur,Self-Employed,36293,663,Business Loan,347399,60,14.41,8157.4,2024-08-15,15,0
CUST104727,39,Kolkata,Salaried,39705,762,Vehicle Loan,179605,24,12.3,8479.82,2024-02-27,0,0
CUST104728,42,Delhi,Self-Employed,54259,677,Personal Loan,626519,36,18.82,22908.72,2023-08-30,168,1
CUST104729,43,Hyderabad,Salaried,82494,561,Gold Loan,75133,24,10.51,3484.72,2024-01-19,0,0
CUST104730,62,Lucknow,Salaried,65658,623,Home Loan,1548541,300,11.04,15222.26,2023-07-18,1,0
CUST104731,39,Lucknow,Self-Employed,36905,656,Business Loan,158717,12,17.11,14484.03,2023-06-12,359,1
CUST104732,33,Ahmedabad,Salaried,33058,703,Business Loan,309700,36,14.76,10699.49,2024-02-19,0,0
CUST104733,43,Jaipur,Business Owner,38182,563,Personal Loan,147928,48,16.16,4204.45,2023-05-23,0,0
CUST104734,29,Bengaluru,Salaried,39546,612,Business Loan,223614,24,14.16,10753.26,2023-04-05,212,1
CUST104735,58,Delhi,Salaried,86643,535,Personal Loan,289162,48,16.77,8309.41,2023-05-15,0,0
CUST104736,25,Mumbai,Self-Employed,30948,678,Gold Loan,56864,12,10.45,5011.16,2023-06-05,0,0
CUST104737,44,Pune,Self-Employed,63538,781,Personal Loan,103917,12,16.63,9459.49,2024-03-12,0,0
CUST104738,29,Lucknow,Salaried,30242,645,Business Loan,106781,12,15.2,9647.95,2023-06-04,7,0
CUST104739,31,Kolkata,Salaried,60128,667,Personal Loan,145818,12,18.99,13437.39,2023-12-07,0,0
CUST104740,34,Mumbai,Business Owner,46355,749,Home Loan,1482074,180,9.58,15547.81,2023-10-05,7,0
CUST104741,47,Kolkata,Self-Employed,84614,534,Gold Loan,84221,12,10.29,7415.73,2023-10-22,0,0
CUST104742,23,Ahmedabad,Salaried,52275,842,Personal Loan,224552,24,18.97,11316.08,2023-04-16,0,0
CUST104743,49,Jaipur,Self-Employed,82124,835,Personal Loan,494907,48,13.1,13301.69,2024-04-04,1,0
CUST104744,21,Ahmedabad,Salaried,21089,863,Personal Loan,85341,36,16.71,3030.34,2024-09-11,0,0
CUST104745,38,Chennai,Business Owner,69196,731,Home Loan,2083567,180,11.39,24194.5,2024-06-03,0,0
CUST104746,38,Chennai,Salaried,66925,728,Personal Loan,94383,12,17.14,8614.45,2023-06-26,0,0
CUST104747,34,Pune,Business Owner,43073,773,Personal Loan,243113,24,18.47,12192.48,2023-09-29,125,1
CUST104748,38,Pune,Salaried,35733,596,Gold Loan,134574,18,9.71,8064.16,2023-10-31,0,0
CUST104749,32,Delhi,Salaried,40216,735,Business Loan,632616,60,11.44,13893.83,2023-06-10,0,0
CUST104750,31,Jaipur,Business Owner,25176,702,Personal Loan,58034,24,12.99,2758.77,2023-05-20,0,0
CUST104751,36,Chennai,Business Owner,29650,627,Personal Loan,118743,36,15.46,4143.06,2023-07-01,348,1
CUST104752,21,Mumbai,Self-Employed,81337,719,Gold Loan,116117,6,11.64,20015.15,2024-03-03,0,0
CUST104753,60,Lucknow,Salaried,33733,560,Gold Loan,65022,6,11.22,11194.39,2023-07-29,7,0
CUST104754,45,Bengaluru,Self-Employed,55001,585,Business Loan,256116,24,12.48,12113.76,2023-02-28,0,0
CUST104755,24,Lucknow,Salaried,52230,867,Personal Loan,444133,48,11.55,11597.84,2024-10-16,0,0
CUST104756,45,Mumbai,Business Owner,34730,673,Personal Loan,88889,24,11.6,4167.73,2024-05-03,0,0
CUST104757,26,Mumbai,Business Owner,35217,815,Vehicle Loan,166298,48,13.18,4476.23,2023-01-12,0,0
CUST104758,31,Lucknow,Salaried,42285,748,Gold Loan,68832,6,10.23,11816.72,2023-04-06,30,0
CUST104759,22,Chennai,Salaried,35000,581,Home Loan,1091953,240,10.69,11041.56,2024-09-09,0,0
CUST104760,49,Delhi,Salaried,68949,841,Home Loan,1602360,180,10.25,17464.94,2023-01-07,0,0
CUST104761,21,Kolkata,Salaried,50759,672,Gold Loan,73762,12,12.82,6581.99,2023-10-14,0,0
CUST104762,35,Pune,Salaried,54848,614,Personal Loan,172580,24,11.98,8122.33,2023-09-01,0,0
CUST104763,32,Delhi,Salaried,35000,647,Home Loan,1232314,120,9.05,15643.8,2024-10-30,30,0
CUST104764,21,Jaipur,Self-Employed,67065,776,Home Loan,1364966,180,9.23,14031.77,2024-01-12,0,0
CUST104765,31,Bengaluru,Self-Employed,60575,704,Vehicle Loan,334686,60,12.89,7596.3,2024-10-20,7,0
CUST104766,33,Jaipur,Salaried,35000,726,Home Loan,1068282,240,9.51,9964.77,2024-07-06,264,1
CUST104767,21,Delhi,Salaried,19166,630,Gold Loan,58435,12,9.45,5122.43,2023-03-23,0,0
CUST104768,32,Lucknow,Salaried,36774,598,Gold Loan,73104,24,9.84,3367.98,2024-02-05,0,0
CUST104769,31,Ahmedabad,Salaried,51798,740,Personal Loan,453610,48,14.41,12489.06,2024-10-21,0,0
CUST104770,45,Chennai,Salaried,40009,722,Personal Loan,157597,48,13.89,4297.88,2024-03-19,0,0
CUST104771,41,Pune,Self-Employed,35000,740,Home Loan,941746,180,9.69,9942.2,2024-03-05,0,0
CUST104772,48,Chennai,Self-Employed,35000,690,Home Loan,1119701,240,11.07,11610.81,2024-05-19,0,0
CUST104773,21,Bengaluru,Self-Employed,62203,489,Personal Loan,282989,48,15.45,7940.5,2024-08-12,99,1
CUST104774,43,Jaipur,Self-Employed,75242,684,Gold Loan,111927,24,11.61,5248.43,2023-02-05,0,0
CUST104775,27,Bengaluru,Salaried,40271,662,Vehicle Loan,339609,60,11.95,7545.84,2023-06-29,0,0
CUST104776,34,Lucknow,Salaried,36450,620,Home Loan,1280220,300,9.07,10804.99,2023-05-06,0,0
CUST104777,44,Hyderabad,Salaried,50943,489,Home Loan,1020706,120,9.28,13085.05,2023-09-25,196,1
CUST104778,21,Bengaluru,Salaried,21619,665,Vehicle Loan,115921,24,11.11,5408.75,2024-10-11,0,0
CUST104779,40,Pune,Business Owner,35000,544,Home Loan,1147111,240,10.81,11692.38,2023-10-11,30,0
CUST104780,60,Lucknow,Salaried,33628,691,Personal Loan,66144,12,18.84,6090.56,2024-01-26,0,0
CUST104781,50,Pune,Salaried,35000,769,Home Loan,844847,120,10.1,11211.55,2024-06-02,30,0
CUST104782,34,Lucknow,Self-Employed,79612,748,Business Loan,566401,36,17.63,20371.78,2023-01-06,0,0
CUST104783,26,Delhi,Salaried,25000,675,Business Loan,252400,36,16.67,8957.35,2024-10-02,0,0
CUST104784,31,Delhi,Salaried,56171,696,Personal Loan,251232,24,18.91,12653.27,2023-08-17,0,0
CUST104785,49,Pune,Salaried,148015,600,Personal Loan,397995,12,16.65,36232.96,2024-09-24,0,0
CUST104786,34,Jaipur,Salaried,125912,567,Home Loan,3537003,240,8.73,31211.75,2023-03-14,0,0
CUST104787,44,Kolkata,Self-Employed,24916,723,Gold Loan,88323,18,10.63,5330.08,2023-08-23,30,0
CUST104788,28,Bengaluru,Salaried,125372,664,Home Loan,4296134,180,10.43,47303.15,2024-10-23,0,0
CUST104789,41,Jaipur,Business Owner,23235,676,Personal Loan,62125,12,17.9,5692.66,2023-08-03,0,0
CUST104790,31,Jaipur,Salaried,37653,715,Personal Loan,208031,36,12.04,6913.58,2023-05-08,0,0
CUST104791,21,Delhi,Self-Employed,161944,646,Personal Loan,666918,12,12.83,59514.12,2023-01-01,0,0
CUST104792,43,Ahmedabad,Self-Employed,59417,724,Personal Loan,177485,12,17.77,16252.4,2023-09-14,337,1
CUST104793,49,Lucknow,Self-Employed,31303,688,Personal Loan,85190,36,17.21,3046.17,2023-03-01,0,0
CUST104794,26,Pune,Salaried,32694,737,Business Loan,347788,60,15.59,8381.95,2024-06-07,0,0
CUST104795,34,Bengaluru,Self-Employed,39524,624,Personal Loan,62148,24,16.64,3062.0,2024-09-16,290,1
CUST104796,32,Lucknow,Self-Employed,34758,549,Business Loan,84764,12,17.41,7747.38,2023-05-20,0,0
CUST104797,41,Bengaluru,Salaried,73012,700,Personal Loan,543128,36,13.12,18331.54,2023-07-23,30,0
CUST104798,56,Delhi,Salaried,44247,679,Business Loan,325139,60,16.71,8029.93,2024-06-10,0,0
CUST104799,53,Delhi,Self-Employed,77799,632,Home Loan,2355572,120,9.94,31050.85,2023-05-28,0,0
CUST104800,38,Bengaluru,Salaried,77201,688,Business Loan,367494,24,15.6,17923.49,2023-02-23,0,0
CUST104801,37,Delhi,Salaried,63673,733,Business Loan,370903,24,12.56,17556.85,2023-09-24,0,0
CUST104802,51,Hyderabad,Business Owner,48543,679,Business Loan,134746,12,14.9,12155.59,2024-09-01,0,0
CUST104803,23,Ahmedabad,Business Owner,41778,900,Personal Loan,92299,24,11.76,4334.5,2023-11-20,0,0
CUST104804,27,Hyderabad,Business Owner,57756,719,Personal Loan,69249,12,18.17,6354.35,2024-05-18,0,0
CUST104805,33,Kolkata,Salaried,20000,850,Personal Loan,130918,48,18.74,3896.52,2024-03-08,1,0
CUST104806,45,Delhi,Salaried,62315,580,Vehicle Loan,552695,48,10.76,14220.36,2023-05-05,0,0
CUST104807,36,Jaipur,Salaried,40717,741,Business Loan,294365,24,11.47,13784.04,2023-11-06,0,0
CUST104808,25,Mumbai,Salaried,31395,633,Business Loan,87161,12,16.59,7932.55,2024-07-19,0,0
CUST104809,38,Chennai,Self-Employed,54039,648,Business Loan,140068,12,15.0,12642.3,2023-08-27,1,0
CUST104810,42,Bengaluru,Self-Employed,20000,647,Vehicle Loan,412090,60,10.09,8773.95,2024-08-06,0,0
CUST104811,42,Pune,Salaried,61759,640,Business Loan,349434,24,15.64,17049.33,2024-04-07,0,0
CUST104812,33,Ahmedabad,Business Owner,30902,763,Business Loan,280515,24,16.51,13803.34,2024-07-22,0,0
CUST104813,31,Ahmedabad,Self-Employed,51426,631,Personal Loan,116358,36,13.61,3954.84,2024-02-08,0,0
CUST104814,43,Lucknow,Salaried,26567,534,Business Loan,184044,36,15.97,6467.72,2024-11-20,0,0
CUST104815,37,Ahmedabad,Self-Employed,46805,680,Personal Loan,288601,48,18.66,8577.51,2023-02-24,0,0
CUST104816,25,Pune,Self-Employed,54956,531,Home Loan,1519544,300,8.64,12379.47,2023-12-04,1,0
CUST104817,52,Chennai,Salaried,54173,551,Business Loan,169253,12,14.6,15244.56,2024-04-24,0,0
CUST104818,30,Chennai,Salaried,132597,665,Personal Loan,248157,24,14.81,12009.91,2024-10-16,0,0
CUST104819,41,Kolkata,Salaried,68708,637,Home Loan,1670663,240,9.32,15376.92,2023-07-16,0,0
CUST104820,40,Kolkata,Salaried,52537,656,Home Loan,942456,120,9.55,12220.97,2023-09-29,0,0
CUST104821,42,Bengaluru,Salaried,117060,570,Home Loan,2039095,120,10.55,27571.65,2024-04-20,0,0
CUST104822,35,Kolkata,Salaried,46648,807,Business Loan,213792,12,17.39,19538.44,2023-02-07,0,0
CUST104823,21,Chennai,Self-Employed,21341,663,Vehicle Loan,161795,36,11.64,5346.13,2024-04-26,0,0
CUST104824,21,Delhi,Salaried,84504,787,Vehicle Loan,160339,36,11.18,5262.97,2023-06-18,0,0
CUST104825,43,Pune,Self-Employed,119663,548,Personal Loan,476307,36,14.37,16364.77,2023-05-30,0,0
CUST104826,33,Bengaluru,Salaried,26641,689,Gold Loan,57621,6,11.69,9933.58,2023-02-10,0,0
CUST104827,47,Bengaluru,Salaried,85023,740,Gold Loan,175553,12,9.77,15415.12,2024-07-06,0,0
CUST104828,23,Kolkata,Salaried,52100,886,Home Loan,1232359,240,10.23,12080.93,2024-10-12,0,0
CUST104829,21,Bengaluru,Salaried,52150,496,Home Loan,1503746,240,10.44,14952.54,2024-01-26,0,0
CUST104830,44,Bengaluru,Self-Employed,47268,571,Home Loan,977777,180,9.86,10423.66,2023-04-28,7,0
CUST104831,23,Bengaluru,Salaried,67835,641,Home Loan,2366561,300,9.09,20006.15,2024-10-09,0,0
CUST104832,28,Chennai,Self-Employed,48068,617,Home Loan,1206664,120,9.86,15852.75,2023-08-08,0,0
CUST104833,33,Pune,Salaried,62872,729,Gold Loan,214159,24,9.16,9799.53,2023-05-06,0,0
CUST104834,34,Chennai,Business Owner,104745,697,Home Loan,3904540,300,9.84,35041.15,2023-09-26,0,0
CUST104835,37,Bengaluru,Self-Employed,122761,629,Personal Loan,67756,12,12.34,6030.82,2023-10-08,0,0
CUST104836,33,Chennai,Self-Employed,25331,614,Personal Loan,280593,36,17.09,10016.48,2023-10-03,0,0
CUST104837,64,Ahmedabad,Business Owner,126089,687,Home Loan,2100567,300,10.36,19623.51,2023-03-09,1,0
CUST104838,28,Ahmedabad,Business Owner,73974,702,Home Loan,1765375,240,9.24,16157.04,2023-07-12,0,0
CUST104839,35,Delhi,Salaried,99070,634,Home Loan,1566801,120,11.26,21813.92,2024-01-19,0,0
CUST104840,37,Lucknow,Self-Employed,88997,758,Home Loan,1750660,300,10.9,17032.03,2024-07-16,0,0
CUST104841,43,Lucknow,Salaried,143934,620,Personal Loan,216654,12,17.76,19838.1,2024-06-05,0,0
CUST104842,44,Pune,Salaried,42391,656,Home Loan,2050939,300,9.2,17493.16,2023-01-23,1,0
CUST104843,24,Kolkata,Business Owner,91414,733,Vehicle Loan,466859,24,12.5,22085.84,2024-08-20,0,0
CUST104844,49,Bengaluru,Self-Employed,32264,737,Business Loan,324409,60,14.12,7568.63,2023-06-20,0,0
CUST104845,42,Jaipur,Self-Employed,61813,727,Personal Loan,161361,36,14.68,5568.38,2023-07-20,0,0
CUST104846,60,Kolkata,Self-Employed,35000,647,Home Loan,875157,300,11.36,8806.25,2023-10-29,0,0
CUST104847,21,Bengaluru,Salaried,20000,676,Personal Loan,128156,24,18.71,6442.12,2023-09-18,0,0
CUST104848,35,Ahmedabad,Self-Employed,47447,502,Home Loan,948017,120,11.36,13252.87,2023-07-24,0,0
CUST104849,30,Hyderabad,Self-Employed,35000,660,Home Loan,841759,120,10.56,11386.57,2024-05-23,0,0
CUST104850,54,Jaipur,Self-Employed,60119,825,Home Loan,2035005,240,10.07,19732.71,2023-09-17,172,1
CUST104851,37,Chennai,Business Owner,44668,681,Home Loan,1292368,240,9.12,11727.7,2023-06-03,0,0
CUST104852,40,Mumbai,Self-Employed,46656,605,Personal Loan,101928,24,17.29,5053.77,2023-09-12,0,0
CUST104853,39,Kolkata,Self-Employed,39192,805,Vehicle Loan,353947,60,13.81,8200.9,2024-11-07,0,0
CUST104854,24,Chennai,Self-Employed,56745,629,Gold Loan,222020,24,10.05,10250.22,2023-05-09,0,0
CUST104855,54,Hyderabad,Salaried,66941,603,Personal Loan,618812,36,17.84,22321.9,2023-01-16,122,1
CUST104856,24,Pune,Self-Employed,49670,657,Home Loan,1619434,180,10.37,17770.91,2024-03-26,30,0
CUST104857,45,Lucknow,Salaried,34371,676,Gold Loan,102337,12,9.86,8990.39,2023-12-27,0,0
CUST104858,49,Lucknow,Self-Employed,122603,696,Business Loan,580199,12,14.29,52173.6,2024-08-31,0,0
CUST104859,44,Bengaluru,Self-Employed,34915,725,Personal Loan,165735,12,13.1,14810.78,2023-10-01,0,0
CUST104860,57,Pune,Salaried,50298,880,Gold Loan,92101,18,11.4,5590.87,2023-01-16,7,0
CUST104861,23,Kolkata,Salaried,37186,754,Home Loan,1607822,300,9.93,14531.03,2023-10-19,15,0
CUST104862,35,Pune,Salaried,57067,731,Home Loan,1884907,300,9.45,16402.9,2024-04-01,0,0
CUST104863,39,Jaipur,Salaried,42147,612,Home Loan,1367934,300,10.1,12526.99,2024-08-15,360,1
CUST104864,40,Pune,Salaried,57119,681,Business Loan,311502,36,15.97,10946.87,2024-08-10,236,1
CUST104865,50,Ahmedabad,Salaried,38013,717,Personal Loan,214887,24,15.37,10456.97,2024-03-08,0,0
CUST104866,53,Lucknow,Salaried,39968,589,Home Loan,1403353,180,11.0,15950.47,2024-03-15,0,0
CUST104867,30,Kolkata,Salaried,38276,741,Business Loan,370265,60,16.03,9010.03,2024-06-12,0,0
CUST104868,47,Chennai,Self-Employed,87697,694,Personal Loan,469419,48,18.04,13799.0,2023-03-16,7,0
CUST104869,33,Chennai,Salaried,29570,669,Personal Loan,167596,24,12.65,7940.29,2024-03-03,193,1
CUST104870,21,Ahmedabad,Self-Employed,20000,371,Personal Loan,62127,12,15.64,5626.26,2023-03-10,0,0
CUST104871,24,Ahmedabad,Salaried,92688,721,Home Loan,2045550,120,9.5,26468.92,2023-04-14,0,0
CUST104872,34,Jaipur,Salaried,26164,607,Personal Loan,153811,24,14.55,7424.94,2024-03-21,7,0
CUST104873,33,Delhi,Business Owner,77998,760,Home Loan,2210760,120,8.91,27897.41,2024-06-04,0,0
CUST104874,45,Lucknow,Business Owner,88811,609,Home Loan,3235508,240,9.39,29927.15,2023-11-17,0,0
CUST104875,43,Jaipur,Salaried,59935,798,Gold Loan,406851,24,9.14,18613.03,2024-03-22,0,0
CUST104876,25,Kolkata,Salaried,39625,654,Personal Loan,138538,24,17.44,6878.96,2024-05-31,0,0
CUST104877,49,Hyderabad,Self-Employed,42006,626,Personal Loan,112203,12,11.52,9943.92,2023-02-14,0,0
CUST104878,37,Mumbai,Salaried,35000,599,Home Loan,575719,120,10.56,7787.82,2024-11-26,0,0
CUST104879,47,Lucknow,Self-Employed,64736,718,Business Loan,588074,36,14.82,20333.98,2023-11-02,0,0
CUST104880,46,Hyderabad,Self-Employed,18054,614,Gold Loan,72573,24,12.51,3433.57,2023-01-14,0,0
CUST104881,42,Delhi,Self-Employed,62960,708,Personal Loan,257908,12,14.64,23234.55,2024-07-18,0,0
CUST104882,39,Mumbai,Salaried,35000,841,Home Loan,649939,120,9.12,8275.42,2024-04-18,0,0
CUST104883,34,Delhi,Self-Employed,75996,575,Personal Loan,108564,24,17.66,5402.14,2023-07-01,0,0
CUST104884,27,Hyderabad,Business Owner,42426,530,Personal Loan,234863,24,12.48,11108.54,2023-10-13,1,0
CUST104885,36,Chennai,Salaried,48456,900,Personal Loan,239743,48,18.64,7122.88,2023-05-10,0,0
CUST104886,29,Jaipur,Self-Employed,46708,774,Personal Loan,98630,12,18.94,9086.58,2023-04-17,0,0
CUST104887,23,Lucknow,Self-Employed,51138,646,Personal Loan,644215,48,15.26,18014.0,2024-11-28,0,0
CUST104888,36,Mumbai,Self-Employed,95291,634,Personal Loan,746708,48,12.15,19718.72,2024-08-07,0,0
CUST104889,34,Ahmedabad,Self-Employed,58243,628,Gold Loan,349926,18,10.58,21109.1,2023-10-06,0,0
CUST104890,37,Pune,Self-Employed,51993,820,Vehicle Loan,438457,24,11.82,20602.86,2023-10-16,7,0
CUST104891,39,Lucknow,Salaried,39654,592,Home Loan,1000600,120,10.66,13591.4,2024-10-21,0,0
CUST104892,27,Hyderabad,Business Owner,38699,699,Personal Loan,189436,12,16.61,17242.42,2024-03-21,0,0
CUST104893,43,Pune,Business Owner,30351,697,Business Loan,233981,24,12.37,11054.77,2023-11-09,0,0
CUST104894,21,Lucknow,Salaried,35000,851,Home Loan,1514153,300,9.65,13387.33,2024-10-31,0,0
CUST104895,21,Delhi,Salaried,28894,716,Personal Loan,103994,24,14.25,5005.34,2024-03-24,30,0
CUST104896,26,Kolkata,Self-Employed,89000,743,Home Loan,2130064,240,10.61,21423.75,2023-04-19,0,0
CUST104897,30,Bengaluru,Self-Employed,62179,600,Gold Loan,181385,24,9.29,8310.68,2024-01-15,0,0
CUST104898,44,Mumbai,Salaried,39666,619,Home Loan,911332,180,10.49,10068.21,2023-12-30,0,0
CUST104899,38,Ahmedabad,Self-Employed,52813,663,Home Loan,1633596,240,11.14,17017.71,2024-05-16,0,0
CUST104900,33,Pune,Salaried,35748,580,Home Loan,1140177,300,9.51,9969.62,2024-01-19,7,0
CUST104901,29,Ahmedabad,Self-Employed,78009,582,Personal Loan,312072,12,16.99,28460.97,2023-09-03,0,0
CUST104902,47,Jaipur,Self-Employed,43509,720,Personal Loan,55087,12,12.08,4896.48,2023-01-12,15,0
CUST104903,32,Lucknow,Self-Employed,35000,677,Home Loan,1279625,300,9.42,11108.96,2024-04-27,0,0
CUST104904,34,Bengaluru,Salaried,37199,630,Vehicle Loan,197966,24,13.71,9477.82,2024-03-08,0,0
CUST104905,39,Ahmedabad,Business Owner,85519,661,Personal Loan,230939,48,12.05,6087.18,2023-06-05,0,0
CUST104906,36,Lucknow,Salaried,60497,654,Home Loan,1570708,120,11.31,21913.04,2024-11-05,0,0
CUST104907,33,Lucknow,Salaried,26180,730,Business Loan,312106,36,13.95,10659.47,2023-02-12,0,0
CUST104908,25,Kolkata,Self-Employed,54136,710,Business Loan,255533,12,16.39,23231.91,2024-02-06,0,0
CUST104909,43,Bengaluru,Salaried,56133,865,Gold Loan,80166,6,9.81,13745.89,2023-06-19,0,0
CUST104910,28,Delhi,Salaried,37988,748,Business Loan,297180,36,15.75,10411.32,2024-01-18,0,0
CUST104911,28,Bengaluru,Self-Employed,29910,779,Business Loan,270849,24,13.79,12977.39,2024-09-10,0,0
CUST104912,38,Jaipur,Self-Employed,63231,807,Vehicle Loan,707125,60,12.28,15829.84,2023-08-05,1,0
CUST104913,32,Ahmedabad,Salaried,57825,650,Home Loan,1221188,180,10.75,13688.88,2023-05-20,0,0
CUST104914,38,Ahmedabad,Salaried,96706,749,Home Loan,3236263,240,9.62,30420.27,2024-05-28,1,0
CUST104915,54,Kolkata,Salaried,87856,504,Personal Loan,249609,48,18.79,7435.71,2023-06-27,207,1
CUST104916,31,Hyderabad,Salaried,32212,753,Vehicle Loan,404929,36,13.25,13692.47,2023-03-05,0,0
CUST104917,42,Mumbai,Self-Employed,38627,781,Personal Loan,167957,24,15.55,8187.63,2024-06-09,0,0
CUST104918,31,Delhi,Salaried,38604,644,Business Loan,329801,36,15.75,11554.16,2023-12-11,0,0
CUST104919,34,Chennai,Business Owner,20000,669,Vehicle Loan,152248,36,10.68,4961.36,2023-09-28,0,0
CUST104920,46,Lucknow,Self-Employed,54376,646,Vehicle Loan,201133,48,10.18,5118.66,2023-12-19,0,0
CUST104921,42,Delhi,Salaried,67286,733,Business Loan,338016,36,15.25,11758.86,2024-05-02,0,0
CUST104922,47,Lucknow,Self-Employed,75213,762,Personal Loan,95810,12,12.81,8548.95,2023-02-17,7,0
CUST104923,44,Delhi,Business Owner,87499,734,Home Loan,1521917,180,11.37,17653.3,2024-02-04,0,0
CUST104924,42,Lucknow,Self-Employed,35000,824,Home Loan,1368927,240,10.12,13319.46,2023-05-07,0,0
CUST104925,41,Kolkata,Self-Employed,35000,676,Home Loan,1469973,240,9.71,13904.28,2023-09-18,0,0
CUST104926,31,Hyderabad,Self-Employed,51520,732,Personal Loan,106472,24,18.43,5337.67,2023-10-02,361,1
CUST104927,43,Ahmedabad,Salaried,103583,657,Business Loan,451440,24,17.11,22344.08,2024-05-09,0,0
CUST104928,52,Hyderabad,Salaried,26268,900,Personal Loan,285606,36,12.7,9581.98,2023-01-31,0,0
CUST104929,35,Hyderabad,Self-Employed,65967,639,Gold Loan,97219,12,11.03,8593.74,2023-06-16,0,0
CUST104930,30,Jaipur,Salaried,21926,900,Vehicle Loan,111251,24,10.64,5166.59,2024-05-13,142,1
CUST104931,47,Mumbai,Self-Employed,98886,875,Personal Loan,661346,36,13.22,22353.5,2024-02-06,0,0
CUST104932,35,Mumbai,Salaried,83633,811,Home Loan,2631144,240,11.42,27914.4,2023-03-19,0,0
CUST104933,41,Kolkata,Business Owner,35000,661,Home Loan,1205739,180,10.8,13553.35,2023-10-07,0,0
CUST104934,32,Bengaluru,Salaried,68682,801,Personal Loan,117056,24,15.48,5702.38,2023-05-05,0,0
CUST104935,33,Kolkata,Salaried,70488,792,Personal Loan,731929,48,12.85,19581.37,2024-04-10,0,0
CUST104936,39,Ahmedabad,Business Owner,64000,748,Gold Loan,124167,12,12.53,11062.9,2023-01-26,90,1
CUST104937,49,Bengaluru,Self-Employed,107945,793,Gold Loan,102184,24,9.88,4709.62,2023-12-10,0,0
CUST104938,29,Chennai,Self-Employed,34625,636,Business Loan,231924,36,17.95,8378.79,2023-04-05,0,0
CUST104939,38,Mumbai,Self-Employed,52177,628,Business Loan,230497,12,14.9,20793.4,2023-08-21,0,0
CUST104940,46,Chennai,Business Owner,26132,709,Vehicle Loan,255801,36,12.89,8605.4,2023-06-12,0,0
CUST104941,35,Lucknow,Self-Employed,41480,626,Personal Loan,193309,24,11.69,9071.77,2024-02-03,339,1
CUST104942,62,Delhi,Salaried,20000,774,Personal Loan,77577,12,17.92,7109.31,2023-11-12,0,0
CUST104943,38,Ahmedabad,Salaried,26117,749,Personal Loan,84665,24,12.77,4015.99,2023-12-20,0,0
CUST104944,51,Bengaluru,Business Owner,46548,623,Home Loan,1035716,300,10.91,10083.87,2023-09-18,0,0
CUST104945,38,Ahmedabad,Salaried,98872,778,Business Loan,499042,36,14.94,17284.8,2024-08-05,0,0
CUST104946,21,Hyderabad,Salaried,36010,560,Personal Loan,66680,36,15.12,2315.4,2023-10-14,15,0
CUST104947,33,Jaipur,Salaried,118664,549,Gold Loan,107887,24,9.82,4969.48,2024-09-09,0,0
CUST104948,40,Ahmedabad,Salaried,143725,461,Business Loan,396513,12,13.66,35538.36,2023-09-28,0,0
CUST104949,22,Hyderabad,Self-Employed,35000,725,Home Loan,1052565,120,10.25,14055.85,2023-10-16,0,0
CUST104950,60,Jaipur,Salaried,134253,715,Business Loan,786043,36,12.95,26465.97,2023-08-29,233,1
CUST104951,44,Mumbai,Salaried,45217,574,Personal Loan,240287,24,16.12,11778.98,2024-04-15,0,0
CUST104952,38,Delhi,Self-Employed,75100,645,Business Loan,584220,36,15.91,20513.49,2024-05-07,0,0
CUST104953,32,Mumbai,Salaried,123750,708,Business Loan,1110981,60,16.8,27491.41,2024-02-14,0,0
CUST104954,48,Lucknow,Business Owner,28722,752,Personal Loan,59977,12,16.23,5448.29,2024-06-05,0,0
CUST104955,39,Lucknow,Salaried,58697,646,Business Loan,270881,12,12.97,24190.54,2023-10-30,0,0
CUST104956,26,Lucknow,Salaried,29933,653,Personal Loan,109466,24,12.36,5171.37,2023-02-18,0,0
CUST104957,32,Delhi,Salaried,71058,608,Vehicle Loan,359166,48,12.25,9502.37,2024-02-01,0,0
CUST104958,32,Ahmedabad,Salaried,37326,657,Personal Loan,73835,12,17.76,6760.76,2024-11-19,0,0
CUST104959,30,Pune,Salaried,46554,789,Vehicle Loan,257631,48,11.92,6774.3,2024-10-10,0,0
CUST104960,22,Delhi,Salaried,44771,775,Business Loan,189789,12,17.5,17354.72,2024-02-11,15,0
CUST104961,41,Jaipur,Salaried,82370,768,Home Loan,1661291,300,9.59,14618.71,2024-11-18,0,0
CUST104962,56,Hyderabad,Salaried,59879,752,Gold Loan,130211,24,9.86,6000.17,2024-04-06,0,0
CUST104963,21,Mumbai,Salaried,74584,721,Personal Loan,523977,24,13.67,25076.04,2023-02-16,0,0
CUST104964,47,Bengaluru,Salaried,57794,776,Personal Loan,195343,24,13.21,9306.24,2023-11-19,0,0
CUST104965,21,Pune,Self-Employed,39503,738,Home Loan,970710,180,11.36,11253.49,2024-04-15,0,0
CUST104966,43,Chennai,Self-Employed,29924,520,Gold Loan,129906,24,12.36,6136.99,2024-08-25,181,1
CUST104967,49,Delhi,Salaried,80735,621,Home Loan,1978993,120,8.63,24674.49,2024-05-28,304,1
CUST104968,27,Delhi,Self-Employed,60853,778,Personal Loan,106844,24,17.09,5287.23,2023-01-31,0,0
CUST104969,26,Lucknow,Self-Employed,56214,738,Personal Loan,452063,48,12.27,11964.57,2023-12-06,0,0
CUST104970,24,Lucknow,Salaried,35313,583,Home Loan,1164463,300,10.09,10655.45,2024-05-05,15,0
CUST104971,40,Chennai,Self-Employed,85330,659,Personal Loan,217728,12,17.43,19902.29,2023-03-04,250,1
CUST104972,33,Ahmedabad,Self-Employed,71497,618,Personal Loan,101455,24,17.41,5036.17,2024-09-22,130,1
CUST104973,43,Hyderabad,Salaried,41483,670,Business Loan,353921,36,13.01,11926.7,2024-02-27,0,0
CUST104974,41,Ahmedabad,Salaried,67526,589,Home Loan,2648300,300,9.88,23841.46,2024-08-06,0,0
CUST104975,36,Chennai,Self-Employed,53222,679,Vehicle Loan,598862,60,11.53,13179.56,2023-10-12,0,0
CUST104976,47,Bengaluru,Self-Employed,190919,745,Gold Loan,157224,24,12.3,7423.13,2023-12-16,0,0
CUST104977,38,Hyderabad,Salaried,19018,725,Gold Loan,101305,24,9.82,4666.3,2024-08-09,7,0
CUST104978,28,Ahmedabad,Salaried,39512,681,Home Loan,1688763,240,9.09,15292.13,2024-09-27,7,0
CUST104979,31,Lucknow,Salaried,61802,786,Home Loan,1520607,240,10.17,14845.87,2023-01-05,0,0
CUST104980,37,Jaipur,Salaried,69155,443,Business Loan,208846,12,12.62,18616.34,2024-08-31,0,0
CUST104981,57,Lucknow,Salaried,72373,827,Personal Loan,546203,48,11.66,14292.61,2024-06-01,90,1
CUST104982,46,Bengaluru,Business Owner,47819,768,Business Loan,693200,60,12.94,15751.15,2024-10-09,1,0
CUST104983,32,Delhi,Self-Employed,109252,610,Home Loan,3223448,180,11.28,37206.36,2023-01-02,0,0
CUST104984,48,Delhi,Salaried,35388,593,Business Loan,342717,36,17.07,12230.74,2024-04-28,0,0
CUST104985,36,Delhi,Salaried,98153,651,Vehicle Loan,219543,36,10.36,7121.2,2024-09-25,0,0
CUST104986,41,Hyderabad,Salaried,44851,731,Business Loan,109090,12,14.8,9835.99,2023-05-17,0,0
CUST104987,33,Bengaluru,Salaried,75023,578,Personal Loan,214296,24,17.18,10613.82,2023-01-20,1,0
CUST104988,21,Hyderabad,Salaried,26273,746,Business Loan,301208,60,15.1,7181.54,2023-11-19,0,0
CUST104989,31,Delhi,Business Owner,44522,567,Business Loan,351766,36,17.52,12632.64,2023-04-17,188,1
CUST104990,21,Lucknow,Self-Employed,35000,666,Home Loan,1489183,300,10.74,14316.62,2023-03-20,0,0
CUST104991,34,Hyderabad,Salaried,78292,752,Home Loan,1932429,240,10.39,19150.41,2024-10-30,191,1
CUST104992,36,Jaipur,Business Owner,48316,648,Gold Loan,307070,18,9.64,18390.87,2023-12-20,0,0
CUST104993,21,Ahmedabad,Self-Employed,56979,572,Personal Loan,85838,48,15.81,2424.33,2023-09-16,121,1
CUST104994,32,Delhi,Salaried,38708,498,Personal Loan,155272,24,18.59,7796.15,2024-11-17,0,0
CUST104995,30,Ahmedabad,Self-Employed,58152,569,Home Loan,1479971,180,10.3,16176.56,2024-09-13,0,0
CUST104996,54,Mumbai,Salaried,32698,553,Gold Loan,89399,12,10.08,7862.92,2024-11-14,0,0
CUST104997,21,Delhi,Business Owner,30741,667,Personal Loan,366356,36,14.48,12606.76,2023-02-17,242,1
CUST104998,24,Lucknow,Salaried,29777,719,Gold Loan,106369,18,10.07,6391.64,2024-05-07,0,0
CUST104999,39,Delhi,Salaried,64956,569,Business Loan,477301,36,14.28,16378.0,2023-11-03,0,0
CUST105000,25,Ahmedabad,Self-Employed,69288,685,Personal Loan,234499,36,17.43,8410.8,2023-03-11,238,1
CUST105001,34,Kolkata,Salaried,46193,576,Gold Loan,130400,18,11.31,7910.33,2024-04-25,0,0
CUST105002,40,Ahmedabad,Salaried,25229,592,Business Loan,150895,24,16.44,7420.05,2023-10-20,0,0
CUST105003,33,Chennai,Self-Employed,62782,571,Personal Loan,262610,24,14.36,12653.37,2023-07-03,0,0
CUST105004,43,Hyderabad,Salaried,55614,672,Personal Loan,445048,36,15.84,15611.43,2024-10-16,0,0
CUST105005,33,Mumbai,Self-Employed,36804,537,Gold Loan,100759,18,10.98,6096.86,2024-05-11,311,1
CUST105006,40,Jaipur,Salaried,80186,599,Business Loan,509154,24,13.66,24364.25,2024-04-21,7,0
CUST105007,21,Bengaluru,Self-Employed,37392,527,Home Loan,1075706,120,10.77,14678.15,2024-07-14,0,0
CUST105008,43,Bengaluru,Salaried,35000,586,Home Loan,1511418,240,9.44,14029.23,2024-02-06,0,0
CUST105009,32,Kolkata,Self-Employed,108010,665,Personal Loan,113518,36,12.46,3795.41,2023-08-04,1,0
CUST105010,41,Bengaluru,Salaried,99701,715,Personal Loan,832417,48,17.63,24291.6,2024-04-22,0,0
CUST105011,37,Kolkata,Salaried,67296,900,Gold Loan,377245,24,12.74,17888.88,2023-04-22,0,0
CUST105012,35,Kolkata,Self-Employed,72153,552,Home Loan,1880935,240,11.0,19414.79,2023-04-21,0,0
CUST105013,48,Kolkata,Salaried,54258,636,Business Loan,365661,24,12.84,17356.72,2024-04-09,0,0
CUST105014,33,Hyderabad,Salaried,107655,749,Personal Loan,699334,36,16.31,24693.67,2024-08-23,0,0
CUST105015,53,Pune,Self-Employed,45897,824,Home Loan,1503142,180,11.36,17425.99,2023-02-03,0,0
CUST105016,48,Delhi,Self-Employed,15000,667,Gold Loan,71493,24,11.33,3343.1,2023-04-25,0,0
CUST105017,32,Lucknow,Self-Employed,35000,646,Home Loan,1143145,120,9.94,15068.79,2023-05-24,0,0
CUST105018,27,Delhi,Salaried,57178,796,Home Loan,2202036,300,8.62,17909.82,2023-04-06,235,1
CUST105019,24,Ahmedabad,Self-Employed,45064,533,Home Loan,1103451,120,11.13,15281.35,2024-11-07,30,0
CUST105020,48,Kolkata,Salaried,34493,406,Personal Loan,132559,48,14.44,3651.7,2023-08-25,1,0
CUST105021,36,Mumbai,Salaried,104198,868,Personal Loan,401426,48,14.98,11167.92,2024-01-04,0,0
CUST105022,28,Chennai,Self-Employed,132628,628,Business Loan,934667,60,16.39,22923.42,2024-10-12,143,1
CUST105023,30,Kolkata,Salaried,70793,680,Gold Loan,200974,18,9.41,12015.39,2024-09-11,0,0
CUST105024,40,Hyderabad,Salaried,87393,673,Gold Loan,74925,6,12.23,12936.7,2023-05-12,0,0
CUST105025,28,Lucknow,Salaried,64270,725,Home Loan,1576460,120,10.11,20929.18,2023-09-10,0,0
CUST105026,32,Kolkata,Self-Employed,48124,613,Home Loan,1168427,120,10.83,15982.85,2023-10-12,0,0
CUST105027,42,Lucknow,Self-Employed,85634,635,Personal Loan,842443,48,18.81,25104.76,2024-02-02,0,0
CUST105028,42,Ahmedabad,Self-Employed,35000,718,Home Loan,668547,120,11.0,9209.24,2024-01-08,0,0
CUST105029,36,Chennai,Salaried,20000,747,Personal Loan,122571,36,16.79,4357.19,2023-06-15,0,0
CUST105030,44,Delhi,Business Owner,39910,863,Business Loan,326559,60,16.05,7949.96,2024-02-13,0,0
CUST105031,54,Delhi,Salaried,86890,787,Business Loan,872426,36,11.51,28773.27,2023-02-14,0,0
CUST105032,46,Chennai,Salaried,89435,679,Home Loan,2384113,180,10.11,25780.48,2024-03-29,7,0
CUST105033,48,Pune,Self-Employed,61449,554,Personal Loan,210638,36,15.69,7373.21,2023-10-17,0,0
CUST105034,37,Kolkata,Self-Employed,73550,664,Business Loan,439774,36,15.62,15378.77,2024-10-12,0,0
CUST105035,56,Jaipur,Salaried,129628,654,Personal Loan,553684,24,11.55,25947.63,2024-09-17,0,0
CUST105036,30,Kolkata,Salaried,97592,558,Vehicle Loan,317351,36,11.29,10433.3,2023-04-23,0,0
CUST105037,29,Hyderabad,Salaried,64364,653,Business Loan,268444,12,13.14,23994.32,2023-06-29,7,0
CUST105038,26,Bengaluru,Business Owner,37074,712,Business Loan,323428,24,12.77,15341.44,2024-11-20,0,0
CUST105039,37,Kolkata,Salaried,45799,792,Vehicle Loan,271497,24,10.63,12607.3,2024-10-10,0,0
CUST105040,37,Hyderabad,Salaried,81463,672,Vehicle Loan,406843,36,12.79,13667.03,2024-04-16,0,0
CUST105041,46,Delhi,Salaried,58095,792,Vehicle Loan,708673,48,9.65,17854.89,2023-11-04,30,0
CUST105042,54,Lucknow,Salaried,107564,550,Business Loan,884211,36,16.6,31348.79,2023-08-15,0,0
CUST105043,55,Kolkata,Salaried,20000,595,Personal Loan,53391,24,12.11,2516.04,2024-05-21,0,0
CUST105044,57,Chennai,Self-Employed,34611,712,Business Loan,318071,60,17.18,7935.7,2024-05-20,247,1
CUST105045,53,Mumbai,Salaried,32164,755,Gold Loan,131965,12,10.26,11617.78,2023-08-01,0,0
CUST105046,40,Pune,Salaried,36245,562,Business Loan,497107,60,17.81,12571.93,2023-08-02,281,1
CUST105047,40,Lucknow,Self-Employed,42463,765,Personal Loan,78242,12,18.69,7198.94,2023-11-22,0,0
CUST105048,37,Lucknow,Self-Employed,153456,666,Personal Loan,999463,48,11.67,26158.05,2023-04-08,134,1
CUST105049,33,Kolkata,Self-Employed,43546,758,Personal Loan,160081,24,18.2,8007.38,2024-06-01,0,0
CUST105050,33,Mumbai,Salaried,172327,642,Personal Loan,836627,36,12.56,28012.29,2024-01-22,0,0
CUST105051,40,Bengaluru,Salaried,51176,707,Personal Loan,150936,24,18.83,7596.01,2023-07-15,0,0
CUST105052,21,Jaipur,Salaried,49188,750,Personal Loan,50151,24,17.74,2497.45,2024-02-22,0,0
CUST105053,35,Bengaluru,Self-Employed,76410,667,Gold Loan,53058,6,12.7,9173.43,2024-11-04,0,0
CUST105054,53,Ahmedabad,Salaried,45110,695,Business Loan,347892,60,12.56,7837.47,2023-01-22,0,0
CUST105055,35,Ahmedabad,Salaried,73228,675,Gold Loan,523916,24,9.76,24118.07,2023-11-16,126,1
CUST105056,34,Delhi,Salaried,36697,597,Vehicle Loan,225462,60,11.53,4961.89,2024-08-22,15,0
CUST105057,26,Ahmedabad,Salaried,26649,660,Personal Loan,122774,36,17.57,4412.14,2024-01-06,0,0
CUST105058,40,Chennai,Salaried,37151,606,Personal Loan,166751,36,16.27,5884.72,2023-01-01,0,0
CUST105059,32,Pune,Salaried,35000,769,Home Loan,1087543,120,11.13,15061.05,2024-01-13,7,0
CUST105060,34,Ahmedabad,Self-Employed,106110,843,Personal Loan,134132,12,17.54,12267.88,2024-08-15,0,0
CUST105061,45,Chennai,Salaried,35000,860,Home Loan,923223,180,11.43,10743.95,2024-05-07,0,0
CUST105062,47,Mumbai,Salaried,70339,555,Personal Loan,312412,24,12.11,14722.37,2024-06-15,0,0
CUST105063,46,Pune,Salaried,59632,644,Business Loan,359000,36,13.27,12142.87,2023-08-09,0,0
CUST105064,22,Kolkata,Salaried,43998,782,Vehicle Loan,160180,24,10.96,7462.67,2024-07-17,0,0
CUST105065,38,Pune,Salaried,34285,725,Personal Loan,122811,36,17.0,4378.55,2024-08-21,0,0
CUST105066,35,Jaipur,Self-Employed,75374,815,Home Loan,1749551,240,10.21,17127.69,2024-10-07,0,0
CUST105067,21,Pune,Salaried,36314,619,Home Loan,1487476,300,10.95,14525.21,2023-10-27,257,1
CUST105068,52,Kolkata,Self-Employed,44059,621,Home Loan,1553435,180,9.12,15867.06,2023-11-21,302,1
CUST105069,22,Hyderabad,Salaried,96732,605,Home Loan,2163897,180,9.56,22674.36,2023-01-12,0,0
CUST105070,32,Pune,Salaried,40431,772,Vehicle Loan,165367,24,12.97,7859.52,2023-11-04,295,1
CUST105071,50,Bengaluru,Business Owner,61489,620,Business Loan,267570,12,17.98,24528.27,2023-03-31,0,0
CUST105072,65,Delhi,Salaried,39767,592,Home Loan,722577,120,8.7,9036.4,2024-05-12,0,0
CUST105073,44,Delhi,Self-Employed,37566,556,Business Loan,181748,12,17.78,16643.63,2023-08-30,0,0
CUST105074,37,Mumbai,Salaried,64388,550,Gold Loan,50800,18,12.9,3119.17,2023-09-05,0,0
CUST105075,40,Kolkata,Salaried,44223,566,Personal Loan,96470,12,18.44,8864.58,2024-04-06,0,0
CUST105076,44,Delhi,Salaried,58763,778,Vehicle Loan,491230,48,10.21,12508.46,2024-11-26,0,0
CUST105077,34,Bengaluru,Business Owner,229292,848,Business Loan,945570,60,15.74,22864.0,2024-10-12,0,0
CUST105078,38,Kolkata,Business Owner,36171,729,Business Loan,177827,12,11.99,15798.88,2024-11-05,0,0
CUST105079,41,Lucknow,Salaried,49685,831,Business Loan,224232,12,17.39,20492.55,2023-03-24,0,0
CUST105080,33,Mumbai,Self-Employed,112692,532,Personal Loan,473150,24,12.78,22445.55,2023-01-31,1,0
CUST105081,33,Chennai,Salaried,37911,661,Business Loan,490239,60,12.36,10994.49,2023-02-09,0,0
CUST105082,24,Bengaluru,Salaried,69175,702,Vehicle Loan,459357,60,13.33,10529.55,2023-11-01,0,0
CUST105083,25,Ahmedabad,Salaried,42140,859,Personal Loan,151365,24,16.8,7469.29,2024-07-07,0,0
CUST105084,49,Lucknow,Self-Employed,63980,512,Home Loan,1672001,240,11.22,17509.23,2023-09-07,0,0
CUST105085,39,Chennai,Salaried,35000,676,Home Loan,982994,120,10.16,13077.59,2024-08-25,7,0
CUST105086,26,Bengaluru,Self-Employed,55815,855,Personal Loan,269344,36,16.7,9562.68,2023-01-17,179,1
CUST105087,43,Kolkata,Self-Employed,60933,641,Gold Loan,133187,18,11.68,8102.23,2024-04-09,0,0
CUST105088,21,Hyderabad,Salaried,22457,731,Personal Loan,71122,24,15.94,3480.32,2023-07-22,0,0
CUST105089,35,Lucknow,Salaried,76965,584,Gold Loan,174436,24,9.83,8035.66,2024-07-07,0,0
CUST105090,37,Lucknow,Salaried,35568,684,Home Loan,1162261,240,9.13,10554.53,2023-10-25,0,0
CUST105091,44,Jaipur,Salaried,36656,668,Home Loan,1023929,180,9.09,10440.26,2024-08-25,0,0
CUST105092,34,Hyderabad,Business Owner,99651,641,Personal Loan,535003,24,18.48,26833.79,2023-11-17,0,0
CUST105093,39,Lucknow,Self-Employed,79320,630,Home Loan,1578741,180,10.1,17061.94,2023-08-16,0,0
CUST105094,37,Lucknow,Salaried,83473,618,Gold Loan,478597,18,9.08,28540.82,2024-07-08,0,0
CUST105095,35,Hyderabad,Salaried,61033,539,Home Loan,1698576,300,10.05,15494.88,2024-05-09,0,0
CUST105096,24,Kolkata,Self-Employed,36132,591,Personal Loan,213834,24,15.77,10446.49,2023-12-13,0,0
CUST105097,48,Mumbai,Self-Employed,33424,757,Personal Loan,119273,48,15.66,3359.5,2024-08-12,0,0
CUST105098,28,Chennai,Salaried,104441,653,Business Loan,416438,12,11.91,36982.48,2024-09-08,0,0
CUST105099,61,Hyderabad,Self-Employed,36160,698,Personal Loan,233127,36,15.76,8168.46,2024-10-17,0,0
CUST105100,43,Jaipur,Salaried,70212,796,Gold Loan,211165,12,10.87,18650.31,2023-02-19,0,0
CUST105101,33,Chennai,Self-Employed,25089,758,Vehicle Loan,154721,36,10.57,5033.92,2024-07-03,0,0
CUST105102,55,Jaipur,Salaried,41816,679,Home Loan,854651,180,10.94,9681.76,2024-08-01,0,0
CUST105103,33,Delhi,Self-Employed,40319,682,Gold Loan,94802,24,12.58,4488.38,2023-06-02,0,0
CUST105104,26,Pune,Salaried,98412,679,Vehicle Loan,190177,36,12.46,6358.46,2024-05-23,0,0
CUST105105,35,Pune,Salaried,109808,743,Home Loan,2090337,180,8.59,20694.8,2024-04-06,0,0
CUST105106,32,Kolkata,Business Owner,42375,682,Gold Loan,67730,6,11.82,11680.68,2023-05-11,0,0
CUST105107,36,Delhi,Salaried,34764,740,Personal Loan,228542,36,14.96,7918.01,2023-02-11,166,1
CUST105108,45,Kolkata,Self-Employed,35000,637,Home Loan,991266,180,8.62,9831.24,2024-03-06,30,0
CUST105109,53,Delhi,Salaried,64014,616,Personal Loan,143271,12,14.61,12905.05,2023-06-26,30,0
CUST105110,47,Delhi,Salaried,41328,774,Personal Loan,227664,36,16.16,8021.99,2024-08-09,0,0
CUST105111,51,Chennai,Salaried,39001,635,Business Loan,327861,36,15.43,11434.57,2023-11-23,0,0
CUST105112,44,Ahmedabad,Self-Employed,80317,766,Gold Loan,65690,6,9.92,11267.28,2024-05-01,0,0
CUST105113,27,Hyderabad,Salaried,76850,569,Personal Loan,225234,12,13.58,20178.63,2024-11-23,0,0
CUST105114,29,Bengaluru,Salaried,45808,613,Home Loan,1501396,120,9.84,19708.27,2023-01-05,30,0
CUST105115,59,Mumbai,Self-Employed,100428,651,Business Loan,342480,60,15.03,8152.97,2023-01-13,0,0
CUST105116,43,Mumbai,Salaried,40558,740,Personal Loan,52659,48,15.55,1480.26,2024-02-08,0,0
CUST105117,27,Pune,Salaried,65568,634,Home Loan,1604830,180,10.31,17551.21,2023-07-13,0,0
CUST105118,50,Jaipur,Business Owner,59344,751,Personal Loan,733700,36,12.43,24520.3,2024-04-24,0,0
CUST105119,31,Mumbai,Salaried,44710,617,Vehicle Loan,256671,48,12.37,6805.85,2024-11-22,0,0
CUST105120,42,Ahmedabad,Salaried,60805,757,Vehicle Loan,315502,48,11.17,8180.39,2023-10-19,0,0
CUST105121,29,Chennai,Salaried,47655,792,Personal Loan,89076,36,14.11,3049.17,2023-06-25,0,0
CUST105122,41,Chennai,Self-Employed,41573,838,Personal Loan,198640,36,16.15,6998.31,2024-07-22,0,0
CUST105123,37,Lucknow,Salaried,62831,697,Personal Loan,365300,48,14.17,10013.54,2024-01-05,0,0
CUST105124,38,Chennai,Business Owner,42993,702,Personal Loan,141885,12,16.25,12890.14,2023-11-27,0,0
CUST105125,33,Hyderabad,Self-Employed,43870,652,Personal Loan,369696,48,18.88,11030.56,2023-05-15,0,0
CUST105126,31,Ahmedabad,Salaried,40079,684,Gold Loan,83175,18,12.34,5085.33,2023-11-22,0,0
CUST105127,51,Kolkata,Salaried,123074,509,Gold Loan,94786,6,11.14,16314.91,2024-09-22,101,1
CUST105128,33,Pune,Self-Employed,34180,551,Vehicle Loan,345510,48,9.74,8719.95,2024-07-06,0,0
CUST105129,48,Chennai,Self-Employed,44594,900,Gold Loan,138317,12,9.51,12128.76,2023-03-06,0,0
CUST105130,40,Kolkata,Self-Employed,35000,671,Home Loan,797505,180,10.64,8884.96,2024-06-15,166,1
CUST105131,65,Jaipur,Salaried,23794,651,Personal Loan,82486,24,12.26,3892.93,2023-10-14,0,0
CUST105132,27,Delhi,Salaried,45470,619,Personal Loan,153292,48,14.84,4253.81,2023-05-21,7,0
CUST105133,46,Chennai,Self-Employed,35000,708,Home Loan,1273798,180,8.76,12738.48,2023-09-03,0,0
CUST105134,25,Jaipur,Salaried,77568,776,Business Loan,325918,12,17.59,29816.6,2024-11-01,15,0
CUST105135,36,Bengaluru,Salaried,70144,727,Business Loan,796286,60,11.78,17624.54,2023-04-13,0,0
CUST105136,38,Pune,Self-Employed,36169,538,Business Loan,233107,24,15.49,11356.92,2023-08-13,0,0
CUST105137,35,Ahmedabad,Salaried,27240,655,Business Loan,252030,36,15.35,8779.96,2024-01-13,0,0
CUST105138,56,Jaipur,Self-Employed,47164,676,Gold Loan,308783,24,10.68,14345.88,2024-03-16,0,0
CUST105139,38,Pune,Salaried,106263,816,Personal Loan,344873,24,12.84,16369.98,2024-02-11,0,0
CUST105140,31,Mumbai,Salaried,46284,785,Personal Loan,415490,48,18.0,12205.02,2023-05-03,0,0
CUST105141,43,Chennai,Salaried,52848,585,Business Loan,223010,12,11.77,19790.18,2024-04-04,0,0
CUST105142,37,Delhi,Self-Employed,37164,696,Vehicle Loan,297981,36,12.72,10000.02,2024-10-22,0,0
CUST105143,33,Chennai,Self-Employed,28278,738,Personal Loan,155711,24,16.24,7641.96,2023-11-19,0,0
CUST105144,39,Ahmedabad,Business Owner,37088,610,Business Loan,304477,36,13.53,10336.93,2023-05-15,0,0
CUST105145,47,Pune,Self-Employed,40267,744,Home Loan,1412373,240,8.51,12265.84,2024-01-30,0,0
CUST105146,22,Mumbai,Self-Employed,20000,636,Vehicle Loan,185022,60,11.2,4041.31,2023-10-14,0,0
CUST105147,32,Hyderabad,Salaried,35000,784,Home Loan,621456,180,11.04,7079.07,2023-02-10,0,0
CUST105148,43,Bengaluru,Business Owner,73456,637,Personal Loan,182174,12,14.19,16373.17,2024-03-01,0,0
CUST105149,46,Lucknow,Salaried,35000,711,Home Loan,636738,120,8.64,7942.4,2023-07-09,0,0
CUST105150,32,Kolkata,Salaried,25000,734,Business Loan,79214,12,13.96,7110.91,2023-05-10,315,1
CUST105151,56,Chennai,Self-Employed,118038,722,Personal Loan,560759,24,18.97,28258.91,2024-01-11,0,0
CUST105152,45,Delhi,Self-Employed,33773,692,Personal Loan,58569,12,13.06,5232.87,2023-11-08,0,0
CUST105153,52,Pune,Salaried,25000,550,Business Loan,170788,24,14.87,8270.39,2023-08-13,0,0
CUST105154,24,Jaipur,Business Owner,147231,634,Gold Loan,121519,12,9.2,10638.29,2023-05-05,1,0
CUST105155,31,Pune,Salaried,61186,493,Personal Loan,129312,24,16.26,6347.59,2023-08-31,0,0
CUST105156,44,Chennai,Salaried,62499,642,Gold Loan,85421,24,9.72,3930.72,2024-02-04,15,0
CUST105157,42,Ahmedabad,Self-Employed,54302,864,Business Loan,334968,36,13.39,11349.42,2024-07-17,0,0
CUST105158,45,Hyderabad,Self-Employed,36169,643,Business Loan,110656,12,12.39,9851.85,2023-11-17,0,0
CUST105159,33,Pune,Self-Employed,80612,673,Home Loan,2045729,240,9.25,18736.15,2024-11-15,0,0
CUST105160,35,Mumbai,Salaried,49024,701,Personal Loan,338420,36,16.94,12055.49,2024-06-18,0,0
CUST105161,51,Lucknow,Business Owner,63956,696,Personal Loan,261839,12,12.0,23264.08,2023-05-28,0,0
CUST105162,34,Jaipur,Business Owner,37315,665,Gold Loan,129813,18,12.56,7950.07,2024-09-30,0,0
CUST105163,48,Mumbai,Salaried,20000,524,Personal Loan,79008,12,11.51,7001.67,2024-11-30,0,0
CUST105164,30,Bengaluru,Self-Employed,59369,659,Personal Loan,148584,36,17.48,5332.99,2024-09-13,0,0
CUST105165,40,Bengaluru,Salaried,49338,623,Personal Loan,83483,12,16.05,7576.46,2023-09-06,15,0
CUST105166,36,Hyderabad,Salaried,58567,615,Personal Loan,460850,36,15.6,16111.26,2024-04-24,0,0
CUST105167,34,Pune,Self-Employed,43715,611,Vehicle Loan,272719,24,12.53,12905.43,2023-01-27,1,0
CUST105168,21,Hyderabad,Salaried,22956,692,Gold Loan,42732,6,12.86,7391.51,2023-06-07,0,0
CUST105169,32,Ahmedabad,Salaried,39853,830,Home Loan,1365252,300,11.06,13440.28,2023-08-02,0,0
CUST105170,39,Jaipur,Self-Employed,45611,563,Personal Loan,131949,36,13.34,4467.52,2024-03-28,0,0
CUST105171,29,Lucknow,Self-Employed,20000,667,Vehicle Loan,216150,48,12.22,5715.43,2024-09-27,0,0
CUST105172,42,Chennai,Business Owner,82421,455,Business Loan,1038489,60,11.82,23006.26,2023-07-31,166,1
CUST105173,24,Bengaluru,Salaried,67589,594,Business Loan,450724,60,15.19,10767.7,2023-06-24,0,0
CUST105174,26,Lucknow,Salaried,42665,679,Business Loan,303592,36,12.9,10214.6,2024-01-20,0,0
CUST105175,23,Jaipur,Self-Employed,47955,755,Personal Loan,225247,12,13.34,20154.4,2024-03-25,0,0
CUST105176,21,Delhi,Self-Employed,35000,708,Home Loan,664239,120,11.33,9274.41,2024-10-11,0,0
CUST105177,35,Hyderabad,Business Owner,20000,641,Personal Loan,57702,12,17.69,5281.61,2024-08-17,0,0
CUST105178,37,Hyderabad,Self-Employed,68221,662,Home Loan,2041687,300,10.05,18624.84,2024-03-25,0,0
CUST105179,58,Bengaluru,Self-Employed,38266,900,Personal Loan,60702,36,13.26,2052.9,2023-08-07,0,0
CUST105180,50,Chennai,Salaried,54053,638,Gold Loan,90546,6,11.68,15609.25,2024-09-29,0,0
CUST105181,50,Delhi,Self-Employed,68422,578,Personal Loan,197914,12,12.12,17595.53,2024-04-13,0,0
CUST105182,36,Bengaluru,Self-Employed,25698,541,Business Loan,378230,60,11.92,8398.23,2024-01-23,0,0
CUST105183,37,Jaipur,Self-Employed,17819,534,Gold Loan,50375,12,9.35,4413.55,2023-07-05,293,1
CUST105184,36,Pune,Self-Employed,110894,785,Vehicle Loan,396167,60,10.07,8431.03,2023-07-06,0,0
CUST105185,40,Lucknow,Salaried,57770,642,Gold Loan,79163,24,10.56,3673.47,2023-09-15,0,0
CUST105186,57,Ahmedabad,Salaried,44614,692,Business Loan,283975,24,14.86,13750.11,2023-02-06,0,0
CUST105187,49,Ahmedabad,Self-Employed,42593,761,Business Loan,353296,24,16.95,17459.27,2023-05-14,358,1
CUST105188,43,Delhi,Business Owner,36174,722,Gold Loan,78044,18,11.84,4753.48,2024-02-20,1,0
CUST105189,42,Pune,Salaried,53355,850,Home Loan,1502022,120,11.14,20809.57,2024-05-17,0,0
CUST105190,33,Bengaluru,Self-Employed,35757,692,Gold Loan,50196,18,11.77,3055.69,2024-07-29,0,0
CUST105191,52,Jaipur,Self-Employed,48044,701,Personal Loan,148957,48,16.19,4235.99,2024-11-28,229,1
CUST105192,45,Kolkata,Self-Employed,70908,549,Personal Loan,279565,24,13.22,13319.94,2023-05-07,0,0
CUST105193,40,Pune,Self-Employed,98867,736,Vehicle Loan,184492,36,12.9,6207.38,2024-11-13,0,0
CUST105194,31,Chennai,Salaried,24158,574,Vehicle Loan,138963,24,13.68,6651.03,2023-12-15,0,0
CUST105195,32,Chennai,Salaried,62835,718,Business Loan,1027793,60,16.32,25169.02,2023-11-21,0,0
CUST105196,33,Hyderabad,Salaried,66649,569,Home Loan,1933087,300,11.47,19606.84,2023-03-10,0,0
CUST105197,34,Delhi,Business Owner,34309,575,Gold Loan,91384,12,9.98,8033.26,2024-09-22,1,0
CUST105198,41,Mumbai,Business Owner,38861,632,Home Loan,1384272,240,10.38,13708.89,2024-05-27,0,0
CUST105199,42,Bengaluru,Salaried,37702,575,Personal Loan,140802,48,18.76,4192.19,2023-02-18,0,0
CUST105200,40,Kolkata,Self-Employed,33591,735,Business Loan,82313,12,15.69,7456.26,2023-12-20,0,0
CUST105201,27,Bengaluru,Self-Employed,63709,581,Gold Loan,260375,24,11.0,12135.52,2024-11-02,0,0
CUST105202,37,Ahmedabad,Self-Employed,67201,671,Gold Loan,310953,18,9.74,18637.73,2023-12-01,0,0
CUST105203,24,Delhi,Salaried,55600,520,Personal Loan,77435,12,11.99,6879.64,2024-02-14,0,0
CUST105204,47,Delhi,Business Owner,33816,722,Gold Loan,65983,12,12.4,5874.86,2023-03-22,0,0
CUST105205,36,Lucknow,Business Owner,31572,597,Business Loan,188325,24,13.39,8987.85,2023-07-21,0,0
CUST105206,34,Delhi,Salaried,67452,589,Personal Loan,67746,48,14.75,1876.85,2023-05-21,302,1
CUST105207,38,Delhi,Salaried,68282,789,Personal Loan,133811,24,16.22,6565.88,2024-01-29,0,0
CUST105208,22,Hyderabad,Self-Employed,26267,787,Personal Loan,82869,24,14.69,4005.85,2024-07-15,0,0
CUST105209,65,Ahmedabad,Salaried,34360,640,Gold Loan,198224,24,11.47,9282.11,2024-10-19,0,0
CUST105210,41,Bengaluru,Self-Employed,54969,775,Gold Loan,118437,24,9.78,5453.25,2024-09-02,0,0
CUST105211,39,Kolkata,Business Owner,31444,740,Personal Loan,174202,48,13.42,4709.8,2024-07-06,30,0
CUST105212,34,Mumbai,Salaried,31390,829,Business Loan,355767,36,16.0,12507.71,2024-05-06,0,0
CUST105213,42,Delhi,Salaried,71463,861,Home Loan,1739675,180,8.95,17593.23,2024-10-31,0,0
CUST105214,21,Delhi,Salaried,35000,619,Home Loan,1458141,180,9.35,15094.57,2023-12-02,15,0
CUST105215,31,Bengaluru,Salaried,44137,611,Personal Loan,68683,36,14.84,2375.54,2023-10-15,0,0
CUST105216,32,Lucknow,Salaried,20000,492,Personal Loan,64562,48,12.05,1701.75,2023-08-21,0,0
CUST105217,37,Chennai,Self-Employed,102216,758,Personal Loan,641651,48,18.7,19084.01,2024-07-29,0,0
CUST105218,47,Chennai,Salaried,70848,670,Business Loan,300833,24,16.4,14787.28,2023-05-30,0,0
CUST105219,48,Kolkata,Salaried,49557,653,Vehicle Loan,440588,48,13.15,11852.7,2024-11-04,131,1
CUST105220,26,Delhi,Business Owner,58999,618,Business Loan,699916,36,13.25,23667.31,2023-10-13,0,0
CUST105221,43,Mumbai,Salaried,141565,562,Personal Loan,375757,24,15.31,18274.59,2024-11-09,0,0
CUST105222,30,Pune,Business Owner,22493,696,Personal Loan,107152,48,18.67,3185.23,2023-08-18,15,0
CUST105223,22,Lucknow,Business Owner,57587,721,Personal Loan,94169,12,12.77,8400.76,2023-05-05,0,0
CUST105224,30,Delhi,Salaried,30329,664,Gold Loan,155063,18,9.97,9310.49,2024-05-22,356,1
CUST105225,45,Ahmedabad,Salaried,25000,582,Business Loan,177532,36,16.07,6247.64,2023-09-21,1,0
CUST105226,46,Kolkata,Self-Employed,54974,666,Personal Loan,379902,48,11.53,9916.83,2023-01-20,0,0
CUST105227,28,Ahmedabad,Salaried,92537,736,Personal Loan,151403,24,16.87,7476.25,2023-06-29,15,0
CUST105228,30,Hyderabad,Salaried,38945,723,Personal Loan,123010,24,16.51,6052.97,2024-01-14,30,0
CUST105229,29,Delhi,Salaried,27358,604,Personal Loan,57150,48,15.44,1603.3,2023-09-02,0,0
CUST105230,28,Jaipur,Self-Employed,73635,605,Vehicle Loan,665362,36,10.17,21522.5,2024-02-02,123,1
CUST105231,33,Bengaluru,Business Owner,36519,474,Personal Loan,281535,36,17.44,10099.25,2024-05-25,0,0
CUST105232,35,Hyderabad,Salaried,44468,697,Gold Loan,124564,18,12.94,7650.67,2023-03-05,0,0
CUST105233,46,Mumbai,Business Owner,111728,497,Home Loan,4090159,240,10.34,40396.68,2023-09-18,15,0
CUST105234,37,Jaipur,Business Owner,101158,697,Home Loan,1920999,240,9.36,17730.98,2023-11-05,1,0
CUST105235,44,Chennai,Salaried,58870,702,Gold Loan,99840,12,9.82,8769.17,2023-08-19,0,0
CUST105236,32,Delhi,Self-Employed,52581,691,Gold Loan,89501,18,12.99,5499.2,2023-04-07,0,0
CUST105237,30,Mumbai,Self-Employed,29172,777,Personal Loan,52438,24,13.33,2501.13,2024-09-02,0,0
CUST105238,38,Hyderabad,Self-Employed,56043,673,Personal Loan,119282,36,11.85,3953.33,2023-05-16,0,0
CUST105239,38,Pune,Salaried,43152,540,Personal Loan,79727,48,12.64,2124.66,2023-02-08,0,0
CUST105240,58,Delhi,Salaried,65326,702,Home Loan,1366181,120,10.4,18358.15,2024-05-13,0,0
CUST105241,23,Ahmedabad,Salaried,58623,649,Personal Loan,485411,24,15.75,23709.29,2023-09-13,0,0
CUST105242,52,Chennai,Self-Employed,24971,777,Personal Loan,56473,12,12.74,5037.13,2023-11-06,0,0
CUST105243,35,Delhi,Self-Employed,113372,732,Business Loan,390481,12,16.56,35532.24,2023-03-30,0,0
CUST105244,43,Lucknow,Salaried,34901,581,Business Loan,159876,12,12.37,14232.48,2023-11-19,295,1
CUST105245,41,Lucknow,Self-Employed,147873,781,Home Loan,1778055,300,10.04,16207.36,2024-06-15,0,0
CUST105246,48,Ahmedabad,Self-Employed,122410,598,Home Loan,1737332,120,10.76,23696.34,2023-09-20,0,0
CUST105247,25,Ahmedabad,Salaried,35326,722,Home Loan,1502623,240,9.6,14104.69,2023-06-18,0,0
CUST105248,34,Mumbai,Self-Employed,67903,712,Personal Loan,181238,36,18.72,6617.83,2023-11-29,0,0
CUST105249,56,Bengaluru,Salaried,32367,607,Personal Loan,70823,48,15.66,1994.83,2023-05-09,0,0
CUST105250,24,Mumbai,Salaried,66973,673,Gold Loan,95693,6,11.7,16497.49,2023-03-19,219,1
CUST105251,27,Jaipur,Self-Employed,131812,704,Gold Loan,631511,12,12.71,56318.96,2024-07-23,15,0
CUST105252,41,Bengaluru,Business Owner,43531,615,Personal Loan,145934,24,12.91,6931.8,2024-05-31,0,0
CUST105253,41,Ahmedabad,Salaried,42697,613,Home Loan,908199,300,11.44,9191.74,2023-07-20,1,0
CUST105254,50,Chennai,Self-Employed,26282,643,Gold Loan,110163,18,11.98,6716.94,2024-11-07,15,0
CUST105255,39,Hyderabad,Self-Employed,40278,771,Personal Loan,254852,24,14.99,12355.71,2023-09-15,0,0
CUST105256,59,Jaipur,Salaried,40418,705,Vehicle Loan,191137,36,11.73,6323.86,2024-10-10,0,0
CUST105257,48,Ahmedabad,Salaried,28216,733,Personal Loan,145906,48,17.9,4278.37,2023-11-16,15,0
CUST105258,63,Lucknow,Salaried,36006,658,Business Loan,252016,36,11.26,8281.74,2023-06-03,190,1
CUST105259,35,Delhi,Self-Employed,35000,700,Home Loan,717283,120,8.5,8893.28,2023-01-22,0,0
CUST105260,38,Chennai,Salaried,38442,674,Personal Loan,96293,12,12.68,8586.18,2023-02-20,0,0
CUST105261,44,Hyderabad,Salaried,38605,719,Home Loan,1524785,240,9.49,14203.04,2023-02-02,0,0
CUST105262,42,Bengaluru,Self-Employed,33806,656,Personal Loan,69749,12,11.93,6194.83,2024-03-24,0,0
CUST105263,38,Lucknow,Self-Employed,40359,560,Vehicle Loan,655023,60,10.35,14030.38,2023-07-28,0,0
CUST105264,56,Hyderabad,Self-Employed,50217,651,Home Loan,1548250,240,8.94,13870.32,2023-01-04,0,0
CUST105265,43,Kolkata,Salaried,64306,667,Personal Loan,130047,24,17.75,6476.78,2024-10-14,0,0
CUST105266,38,Mumbai,Salaried,27960,599,Business Loan,250323,24,16.46,12311.68,2023-01-19,15,0
CUST105267,33,Delhi,Self-Employed,35000,561,Home Loan,956340,180,11.42,11123.27,2023-11-11,0,0
CUST105268,34,Lucknow,Business Owner,25000,506,Business Loan,116875,12,15.24,10562.18,2024-09-25,314,1
CUST105269,30,Chennai,Salaried,61708,597,Gold Loan,75066,12,12.87,6700.11,2023-07-07,0,0
CUST105270,40,Kolkata,Salaried,127257,626,Business Loan,303842,24,14.62,14677.48,2024-03-17,0,0
CUST105271,49,Mumbai,Self-Employed,59472,663,Home Loan,1704197,240,9.26,15619.22,2024-01-01,0,0
CUST105272,41,Hyderabad,Salaried,25792,643,Personal Loan,80416,12,15.27,7268.46,2024-01-03,0,0
CUST105273,39,Ahmedabad,Salaried,53057,709,Home Loan,1517893,180,10.91,17166.64,2024-04-13,195,1
CUST105274,27,Bengaluru,Salaried,125662,820,Home Loan,3207009,120,10.91,44013.33,2024-08-11,0,0
CUST105275,52,Jaipur,Self-Employed,35770,667,Gold Loan,71209,6,9.11,12185.5,2023-04-22,30,0
CUST105276,31,Kolkata,Salaried,54317,726,Personal Loan,581328,48,17.81,17018.85,2024-05-03,0,0
CUST105277,47,Ahmedabad,Business Owner,24018,747,Personal Loan,50504,12,16.94,4604.77,2023-11-26,1,0
CUST105278,33,Jaipur,Salaried,91449,600,Gold Loan,709714,24,9.95,32733.32,2024-01-03,0,0
CUST105279,51,Lucknow,Self-Employed,48001,556,Home Loan,1486785,120,8.9,18753.59,2023-04-06,30,0
CUST105280,40,Pune,Salaried,26939,645,Business Loan,315372,36,14.76,10895.45,2024-06-10,7,0
CUST105281,29,Hyderabad,Salaried,41027,597,Personal Loan,64429,48,17.92,1889.91,2024-08-24,30,0
CUST105282,21,Chennai,Salaried,63628,701,Home Loan,1642327,240,10.97,16918.39,2024-03-19,178,1
CUST105283,50,Pune,Self-Employed,79353,824,Personal Loan,211574,12,13.71,18967.76,2023-11-26,0,0
CUST105284,51,Kolkata,Salaried,52064,690,Personal Loan,65632,48,14.0,1793.49,2023-10-25,30,0
CUST105285,46,Jaipur,Business Owner,44674,661,Personal Loan,50239,24,13.82,2407.85,2024-01-21,30,0
CUST105286,30,Jaipur,Business Owner,43961,669,Gold Loan,66249,24,11.23,3094.8,2024-03-17,0,0
CUST105287,27,Lucknow,Salaried,87887,741,Business Loan,1057719,60,15.53,25458.28,2023-02-21,190,1
CUST105288,38,Bengaluru,Salaried,48779,727,Personal Loan,157746,24,11.52,7390.34,2023-07-29,0,0
CUST105289,22,Ahmedabad,Self-Employed,35000,681,Home Loan,625563,120,10.02,8273.79,2024-06-18,0,0
CUST105290,22,Bengaluru,Salaried,63568,735,Personal Loan,90796,48,14.24,2492.08,2024-09-18,0,0
CUST105291,46,Hyderabad,Salaried,37914,747,Personal Loan,129383,24,13.46,6179.1,2024-09-05,30,0
CUST105292,32,Ahmedabad,Salaried,113869,561,Personal Loan,664887,48,14.46,18322.81,2023-06-04,15,0
CUST105293,32,Hyderabad,Salaried,28066,753,Gold Loan,167009,24,12.82,7925.8,2024-03-23,0,0
CUST105294,21,Kolkata,Salaried,44561,695,Home Loan,1039274,120,10.92,14268.98,2024-04-21,0,0
CUST105295,39,Lucknow,Salaried,46730,668,Personal Loan,90432,12,16.32,8218.67,2024-08-02,0,0
CUST105296,32,Mumbai,Salaried,184998,548,Business Loan,488578,36,14.04,16707.93,2024-09-21,15,0
CUST105297,41,Chennai,Salaried,31075,786,Personal Loan,75789,24,14.64,3661.8,2024-09-29,0,0
CUST105298,54,Jaipur,Salaried,15000,755,Gold Loan,54983,12,11.58,4874.38,2023-03-20,347,1
CUST105299,40,Ahmedabad,Self-Employed,45685,772,Vehicle Loan,239082,36,13.19,8077.51,2023-11-27,1,0
CUST105300,36,Bengaluru,Business Owner,54345,752,Personal Loan,641299,48,15.49,18007.52,2024-08-12,0,0
CUST105301,42,Delhi,Business Owner,41644,832,Gold Loan,221947,24,11.0,10344.47,2024-05-20,0,0
CUST105302,37,Mumbai,Salaried,38392,719,Business Loan,323107,24,15.25,15704.78,2024-04-14,15,0
CUST105303,41,Jaipur,Salaried,26353,422,Personal Loan,53225,12,12.76,4747.92,2024-03-23,0,0
CUST105304,27,Delhi,Salaried,54609,603,Personal Loan,233400,12,12.69,20812.72,2023-12-10,0,0
CUST105305,21,Pune,Salaried,73223,692,Vehicle Loan,825200,48,12.69,22011.29,2023-02-28,0,0
CUST105306,47,Delhi,Salaried,36888,707,Vehicle Loan,197536,36,10.76,6444.65,2023-12-03,258,1
CUST105307,36,Pune,Salaried,25000,609,Business Loan,301399,60,16.31,7379.17,2024-01-15,7,0
CUST105308,51,Hyderabad,Business Owner,33960,774,Business Loan,305271,36,14.22,10466.09,2023-07-14,0,0
CUST105309,43,Mumbai,Salaried,66406,670,Gold Loan,178861,12,12.3,15916.7,2023-07-24,0,0
CUST105310,21,Ahmedabad,Salaried,27415,701,Personal Loan,53546,12,18.19,4913.94,2024-10-15,0,0
CUST105311,38,Pune,Salaried,36727,672,Personal Loan,151712,24,14.07,7289.15,2023-04-02,7,0
CUST105312,51,Chennai,Self-Employed,24086,782,Personal Loan,63391,12,14.34,5701.84,2023-07-20,15,0
CUST105313,47,Lucknow,Business Owner,55508,675,Vehicle Loan,476386,36,13.43,16150.17,2024-06-11,0,0
CUST105314,29,Ahmedabad,Self-Employed,46793,610,Business Loan,177674,12,15.3,16061.72,2024-07-30,0,0
CUST105315,31,Mumbai,Salaried,54794,733,Home Loan,1757891,300,9.8,15726.8,2024-07-25,7,0
CUST105316,44,Pune,Self-Employed,20000,778,Personal Loan,70323,48,16.08,1995.86,2024-01-07,0,0
CUST105317,50,Mumbai,Salaried,72431,623,Personal Loan,181664,12,17.55,16616.07,2023-06-19,0,0
CUST105318,21,Kolkata,Salaried,51497,627,Personal Loan,78125,12,12.33,6953.38,2024-03-18,0,0
CUST105319,36,Pune,Salaried,112233,684,Business Loan,310970,12,13.04,27780.83,2023-12-09,0,0
CUST105320,33,Mumbai,Salaried,26355,741,Personal Loan,68969,24,14.92,3341.45,2023-11-20,0,0
CUST105321,31,Hyderabad,Salaried,62886,764,Home Loan,1892374,240,10.53,18931.23,2023-03-21,223,1
CUST105322,28,Kolkata,Salaried,32967,745,Personal Loan,72935,24,15.17,3542.27,2024-01-17,0,0
CUST105323,45,Jaipur,Salaried,28984,737,Gold Loan,101537,18,11.88,6186.28,2024-03-15,1,0
CUST105324,47,Hyderabad,Salaried,63631,479,Personal Loan,557684,48,17.82,16329.56,2023-03-20,0,0
CUST105325,33,Hyderabad,Business Owner,52337,612,Personal Loan,562912,48,11.53,14694.06,2023-06-18,0,0
CUST105326,37,Ahmedabad,Salaried,30656,638,Business Loan,458984,60,17.51,11533.18,2024-01-17,15,0
CUST105327,34,Chennai,Salaried,113078,701,Gold Loan,166559,6,12.03,28741.95,2023-01-04,0,0
CUST105328,30,Pune,Salaried,35000,571,Home Loan,1104266,240,10.86,11293.08,2024-11-17,0,0
CUST105329,37,Lucknow,Salaried,53651,627,Home Loan,1589038,180,10.34,17407.92,2023-08-23,0,0
CUST105330,31,Chennai,Salaried,42189,600,Business Loan,183712,12,14.92,16574.6,2024-01-23,0,0
CUST105331,42,Kolkata,Salaried,30807,592,Gold Loan,37570,6,9.03,6427.61,2023-03-29,1,0
CUST105332,42,Hyderabad,Business Owner,27257,763,Gold Loan,65241,6,11.06,11226.94,2023-06-13,0,0
CUST105333,28,Ahmedabad,Salaried,85663,669,Business Loan,477614,24,15.93,23369.5,2023-11-21,0,0
CUST105334,41,Jaipur,Salaried,38636,703,Business Loan,338005,36,14.17,11580.14,2024-08-01,0,0
CUST105335,37,Pune,Salaried,96976,735,Personal Loan,872037,48,14.51,24053.39,2024-04-05,0,0
CUST105336,39,Pune,Self-Employed,20000,683,Personal Loan,73343,24,11.76,3444.3,2023-01-15,0,0
CUST105337,45,Chennai,Salaried,105613,756,Personal Loan,574272,24,16.8,28338.15,2023-08-06,0,0
CUST105338,27,Ahmedabad,Salaried,50375,898,Business Loan,285892,24,13.98,13723.8,2023-12-04,0,0
CUST105339,29,Lucknow,Salaried,63283,575,Personal Loan,203061,24,13.53,9704.52,2023-06-29,0,0
CUST105340,43,Ahmedabad,Self-Employed,35000,506,Home Loan,943278,180,10.19,10246.44,2024-08-25,133,1
CUST105341,29,Kolkata,Salaried,40177,511,Personal Loan,51178,36,18.54,1864.1,2024-02-28,349,1
CUST105342,38,Delhi,Salaried,38268,663,Home Loan,887147,120,9.51,11484.32,2024-11-28,0,0
CUST105343,34,Delhi,Salaried,79589,591,Business Loan,350755,60,15.21,8383.15,2024-07-24,0,0
CUST105344,36,Kolkata,Salaried,32962,719,Personal Loan,82074,12,14.11,7373.44,2023-04-23,0,0
CUST105345,37,Chennai,Salaried,84634,732,Personal Loan,663616,24,15.16,32226.99,2024-08-28,0,0
CUST105346,45,Pune,Salaried,54633,643,Personal Loan,320206,48,16.12,9094.42,2023-04-16,0,0
CUST105347,32,Bengaluru,Salaried,24435,610,Personal Loan,249871,48,13.44,6758.11,2023-01-06,0,0
CUST105348,35,Kolkata,Self-Employed,46374,898,Business Loan,118491,12,13.63,10618.35,2023-07-18,0,0
CUST105349,52,Ahmedabad,Salaried,35390,528,Personal Loan,160042,36,16.45,5662.22,2024-02-01,0,0
CUST105350,21,Ahmedabad,Salaried,40813,625,Personal Loan,67083,36,16.1,2361.75,2023-01-12,1,0
CUST105351,41,Bengaluru,Self-Employed,71232,817,Vehicle Loan,740733,60,12.87,16804.7,2023-10-20,0,0
CUST105352,27,Delhi,Business Owner,20000,577,Vehicle Loan,128220,36,13.49,4350.56,2024-10-25,327,1
CUST105353,43,Kolkata,Self-Employed,124571,702,Gold Loan,210634,6,10.48,36186.51,2023-11-12,0,0
CUST105354,35,Bengaluru,Salaried,88528,761,Personal Loan,675699,48,14.25,18549.32,2024-07-21,1,0
CUST105355,39,Mumbai,Salaried,35734,727,Home Loan,691636,180,10.69,7727.01,2023-02-20,15,0
CUST105356,31,Ahmedabad,Salaried,76919,660,Home Loan,2922007,240,8.85,26008.83,2023-06-08,1,0
CUST105357,30,Bengaluru,Self-Employed,74957,796,Home Loan,2273823,180,10.65,25346.68,2024-09-13,0,0
CUST105358,45,Pune,Salaried,40490,694,Home Loan,1297543,240,8.93,11615.98,2024-05-29,30,0
CUST105359,28,Pune,Business Owner,32594,820,Personal Loan,176093,48,18.6,5228.1,2023-07-25,0,0
CUST105360,42,Delhi,Self-Employed,90480,696,Home Loan,1489302,120,9.25,19067.94,2023-08-19,0,0
CUST105361,40,Bengaluru,Salaried,35000,674,Home Loan,1564435,240,8.98,14055.51,2024-09-01,7,0
CUST105362,25,Chennai,Self-Employed,77863,501,Personal Loan,625177,24,12.41,29549.1,2023-09-26,0,0
CUST105363,55,Ahmedabad,Self-Employed,42236,671,Business Loan,346335,36,17.31,12401.29,2024-10-25,0,0
CUST105364,34,Delhi,Self-Employed,56753,594,Vehicle Loan,228320,24,10.19,10555.84,2024-01-28,0,0
CUST105365,25,Pune,Self-Employed,25000,496,Business Loan,195152,24,15.55,9513.34,2024-05-25,151,1
CUST105366,36,Hyderabad,Self-Employed,43904,562,Personal Loan,270135,24,14.95,13091.52,2023-05-06,0,0
CUST105367,40,Hyderabad,Self-Employed,60983,742,Gold Loan,93894,24,10.98,4375.32,2023-05-21,0,0
CUST105368,53,Pune,Business Owner,35000,767,Home Loan,1118404,180,10.63,12453.11,2023-07-31,15,0
CUST105369,30,Pune,Self-Employed,38636,672,Business Loan,177181,12,15.32,16018.82,2023-11-28,135,1
CUST105370,50,Bengaluru,Salaried,78411,593,Business Loan,224835,12,17.78,20589.34,2023-01-04,312,1
CUST105371,32,Jaipur,Salaried,35932,826,Home Loan,1420193,180,9.68,14984.65,2024-03-01,0,0
CUST105372,44,Mumbai,Business Owner,20000,610,Personal Loan,204012,48,17.32,5920.6,2024-02-20,30,0
CUST105373,31,Chennai,Business Owner,153906,702,Personal Loan,277201,48,13.25,7471.05,2024-05-16,0,0
CUST105374,37,Ahmedabad,Self-Employed,46092,804,Vehicle Loan,454957,60,10.19,9709.08,2023-12-25,0,0
CUST105375,39,Lucknow,Salaried,28461,709,Vehicle Loan,310782,48,13.14,8359.11,2024-04-24,0,0
CUST105376,47,Lucknow,Salaried,25000,585,Business Loan,222559,36,16.53,7882.87,2023-02-14,30,0
CUST105377,47,Hyderabad,Self-Employed,70294,605,Home Loan,1638478,240,8.65,14375.03,2024-05-15,0,0
CUST105378,39,Bengaluru,Salaried,35889,739,Business Loan,311467,36,12.98,10491.55,2023-05-11,0,0
CUST105379,54,Pune,Self-Employed,68895,577,Home Loan,1642423,300,9.74,14624.75,2023-08-05,0,0
CUST105380,47,Mumbai,Salaried,40647,676,Business Loan,270650,36,13.69,9209.48,2024-06-27,0,0
CUST105381,40,Pune,Business Owner,78651,804,Personal Loan,81389,12,13.35,7282.82,2023-06-30,0,0
CUST105382,32,Hyderabad,Self-Employed,25000,672,Business Loan,296451,36,12.99,9987.18,2024-02-03,0,0
CUST105383,47,Hyderabad,Salaried,72447,580,Home Loan,2091669,240,9.1,18954.02,2024-05-05,0,0
CUST105384,38,Bengaluru,Salaried,40001,796,Personal Loan,145764,12,13.31,13040.45,2023-05-31,0,0
CUST105385,45,Hyderabad,Salaried,15000,644,Gold Loan,25566,6,10.91,4397.61,2024-10-25,1,0
CUST105386,47,Bengaluru,Self-Employed,145976,676,Business Loan,319281,12,15.28,28859.97,2024-02-13,0,0
CUST105387,33,Lucknow,Business Owner,47816,787,Gold Loan,97273,12,10.94,8594.43,2024-02-09,1,0
CUST105388,32,Delhi,Self-Employed,28276,748,Business Loan,454881,60,12.33,10194.6,2024-11-26,0,0
CUST105389,23,Jaipur,Salaried,76255,750,Gold Loan,85650,18,10.13,5149.02,2024-11-10,30,0
CUST105390,45,Pune,Salaried,64068,723,Home Loan,1693647,240,10.85,17309.07,2023-12-13,0,0
CUST105391,23,Hyderabad,Self-Employed,60678,612,Personal Loan,405241,48,17.53,11804.66,2024-05-10,307,1
CUST105392,22,Kolkata,Self-Employed,74531,570,Personal Loan,162472,48,12.17,4292.08,2024-04-19,0,0
CUST105393,42,Pune,Salaried,116031,883,Vehicle Loan,299177,60,12.72,6764.39,2024-11-16,0,0
CUST105394,36,Chennai,Salaried,67606,700,Business Loan,332291,60,13.06,7570.85,2024-10-11,0,0
CUST105395,58,Mumbai,Self-Employed,35000,710,Home Loan,945377,300,10.61,9000.45,2023-06-15,0,0
CUST105396,21,Jaipur,Business Owner,35000,613,Home Loan,1216479,180,9.73,12872.15,2023-01-17,0,0
CUST105397,39,Mumbai,Salaried,44098,556,Home Loan,1145931,120,10.44,15424.15,2024-09-03,0,0
CUST105398,35,Hyderabad,Business Owner,88328,719,Home Loan,1694604,180,11.41,19699.34,2024-08-09,258,1
CUST105399,35,Mumbai,Salaried,36773,782,Personal Loan,107265,36,16.04,3773.24,2023-10-10,0,0
CUST105400,42,Jaipur,Salaried,84938,820,Home Loan,1556306,300,11.15,15422.63,2024-11-18,0,0
CUST105401,51,Kolkata,Salaried,51393,646,Home Loan,1072392,180,11.24,12350.88,2023-05-27,260,1
CUST105402,57,Ahmedabad,Business Owner,44683,562,Personal Loan,130980,36,14.65,4518.05,2024-10-27,0,0
CUST105403,23,Delhi,Business Owner,65859,579,Vehicle Loan,407787,48,11.63,10664.66,2024-11-07,0,0
CUST105404,42,Mumbai,Business Owner,93928,744,Gold Loan,170646,6,9.02,29193.9,2024-09-15,0,0
CUST105405,32,Mumbai,Salaried,62531,700,Gold Loan,216267,18,11.1,13098.17,2023-09-18,0,0
CUST105406,24,Kolkata,Salaried,67263,768,Business Loan,313139,12,14.24,28151.22,2024-05-27,236,1
CUST105407,48,Hyderabad,Salaried,33502,640,Vehicle Loan,205731,24,10.33,9524.81,2024-04-09,0,0
CUST105408,55,Delhi,Self-Employed,67670,590,Home Loan,1275163,120,8.58,15864.81,2024-04-23,0,0
CUST105409,23,Kolkata,Business Owner,41268,682,Home Loan,1413424,180,10.86,15940.9,2024-06-03,0,0
CUST105410,38,Lucknow,Business Owner,55573,729,Personal Loan,143876,12,15.2,12999.59,2023-12-28,0,0
CUST105411,26,Hyderabad,Salaried,56011,574,Vehicle Loan,333391,48,10.01,8457.26,2024-08-18,0,0
CUST105412,32,Bengaluru,Business Owner,130545,584,Personal Loan,518851,48,18.08,15262.95,2024-06-10,15,0
CUST105413,23,Chennai,Business Owner,46506,651,Home Loan,848671,120,10.16,11290.58,2024-01-09,104,1
CUST105414,42,Pune,Salaried,35000,635,Home Loan,1296836,180,9.71,13706.69,2024-08-20,276,1
CUST105415,50,Lucknow,Self-Employed,76021,635,Personal Loan,268469,48,15.9,7594.74,2023-06-02,119,1
CUST105416,37,Bengaluru,Self-Employed,77349,685,Home Loan,1681521,180,8.7,16756.32,2024-03-05,90,1
CUST105417,21,Ahmedabad,Salaried,26626,558,Personal Loan,61485,12,17.8,5631.09,2024-05-25,0,0
CUST105418,34,Lucknow,Self-Employed,44813,700,Business Loan,598696,60,12.65,13515.15,2024-07-11,0,0
CUST105419,38,Kolkata,Self-Employed,35000,747,Home Loan,832165,240,10.36,8230.06,2023-06-23,0,0
CUST105420,50,Lucknow,Business Owner,29094,803,Personal Loan,118597,48,13.08,3186.37,2024-03-17,0,0
CUST105421,36,Ahmedabad,Self-Employed,42109,611,Gold Loan,105654,12,10.15,9296.04,2024-11-27,0,0
CUST105422,43,Chennai,Business Owner,38518,619,Business Loan,368088,60,13.4,8450.7,2023-09-16,0,0
CUST105423,26,Bengaluru,Self-Employed,54448,703,Personal Loan,214764,12,16.66,19552.86,2023-04-08,0,0
CUST105424,35,Kolkata,Salaried,65591,611,Home Loan,1232385,120,10.94,16934.28,2024-10-11,7,0
CUST105425,45,Jaipur,Salaried,40774,776,Vehicle Loan,272808,60,9.7,5756.18,2023-02-07,0,0
CUST105426,34,Jaipur,Business Owner,70668,621,Personal Loan,81104,24,14.68,3920.14,2023-01-12,0,0
CUST105427,42,Delhi,Salaried,44811,762,Personal Loan,208061,36,12.76,6986.37,2024-02-07,0,0
CUST105428,33,Ahmedabad,Self-Employed,67385,748,Personal Loan,111828,12,16.08,10150.48,2024-09-09,0,0
CUST105429,21,Jaipur,Salaried,25000,740,Business Loan,262955,36,11.71,8697.49,2024-02-15,0,0
CUST105430,21,Pune,Salaried,86313,829,Personal Loan,787138,36,15.64,27533.74,2023-03-26,0,0
CUST105431,61,Ahmedabad,Salaried,47779,746,Personal Loan,567258,48,15.45,15916.91,2023-06-14,0,0
CUST105432,39,Chennai,Self-Employed,49054,824,Gold Loan,51234,6,11.6,8830.22,2024-02-07,0,0
CUST105433,44,Delhi,Salaried,65680,659,Personal Loan,249231,36,11.59,8229.32,2023-05-28,0,0
CUST105434,46,Lucknow,Business Owner,80812,623,Business Loan,369723,24,16.8,18244.43,2023-05-27,0,0
CUST105435,25,Jaipur,Self-Employed,39821,695,Business Loan,182727,12,12.92,16313.82,2023-06-09,0,0
CUST105436,40,Delhi,Salaried,51051,711,Gold Loan,108768,6,10.14,18667.89,2023-04-21,0,0
CUST105437,44,Kolkata,Salaried,30331,748,Vehicle Loan,213566,24,9.84,9839.22,2024-01-12,0,0
CUST105438,34,Delhi,Salaried,49732,789,Business Loan,384759,60,13.58,8869.11,2024-02-11,0,0
CUST105439,44,Hyderabad,Salaried,39468,760,Home Loan,1304870,300,10.17,12014.1,2024-06-16,0,0
CUST105440,45,Pune,Salaried,32910,626,Personal Loan,195114,24,12.13,9196.54,2024-01-10,0,0
CUST105441,31,Ahmedabad,Self-Employed,42253,618,Vehicle Loan,252004,48,11.62,6589.31,2024-08-06,0,0
CUST105442,36,Kolkata,Salaried,40275,695,Vehicle Loan,229990,48,10.58,5897.41,2023-11-19,0,0
CUST105443,43,Chennai,Salaried,43245,766,Home Loan,876369,120,10.05,11605.56,2024-11-09,0,0
CUST105444,43,Chennai,Self-Employed,43016,625,Home Loan,1509229,180,11.4,17534.83,2024-02-12,107,1
CUST105445,39,Delhi,Salaried,109351,732,Business Loan,609615,24,11.59,28580.11,2023-08-20,0,0
CUST105446,27,Mumbai,Salaried,20000,467,Personal Loan,72942,24,14.34,3513.88,2023-06-26,0,0
CUST105447,46,Chennai,Business Owner,72519,606,Gold Loan,239599,18,10.48,14442.63,2023-03-17,0,0
CUST105448,46,Jaipur,Self-Employed,37508,704,Vehicle Loan,295153,36,10.65,9614.08,2024-02-07,0,0
CUST105449,51,Mumbai,Salaried,22384,694,Personal Loan,89488,24,16.06,4384.18,2024-03-29,0,0
CUST105450,48,Hyderabad,Business Owner,27324,669,Personal Loan,159350,48,12.62,4244.97,2023-07-20,0,0
CUST105451,39,Chennai,Salaried,102453,680,Gold Loan,503086,18,12.72,30847.74,2023-07-09,7,0
CUST105452,52,Chennai,Self-Employed,50343,711,Vehicle Loan,416854,60,10.81,9023.97,2023-10-20,0,0
CUST105453,21,Ahmedabad,Salaried,140543,776,Business Loan,936205,60,13.94,21754.74,2023-11-14,0,0
CUST105454,35,Delhi,Salaried,48482,849,Home Loan,1169358,120,10.8,15975.81,2023-11-21,0,0
CUST105455,49,Delhi,Self-Employed,45199,671,Home Loan,1218828,240,10.31,12013.38,2023-10-14,0,0
CUST105456,30,Lucknow,Salaried,52672,624,Personal Loan,190460,24,15.41,9271.91,2023-11-03,0,0
CUST105457,37,Chennai,Self-Employed,105279,683,Gold Loan,405996,18,9.3,24252.28,2024-04-15,0,0
CUST105458,40,Pune,Salaried,48445,783,Business Loan,433243,36,12.96,14589.32,2024-03-11,0,0
CUST105459,27,Bengaluru,Salaried,35000,720,Home Loan,601309,120,8.57,7477.9,2023-04-21,0,0
CUST105460,43,Ahmedabad,Salaried,50338,758,Home Loan,1105383,300,11.46,11203.56,2024-02-15,15,0
CUST105461,21,Lucknow,Salaried,33182,650,Personal Loan,103795,12,11.7,9207.5,2023-12-25,0,0
CUST105462,44,Bengaluru,Salaried,108276,561,Personal Loan,64380,12,12.48,5734.55,2023-11-05,0,0
CUST105463,28,Jaipur,Self-Employed,94645,715,Business Loan,538158,60,17.42,13496.45,2024-04-13,0,0
CUST105464,33,Delhi,Salaried,54612,683,Home Loan,1282407,240,10.71,12984.7,2024-06-06,321,1
CUST105465,57,Chennai,Salaried,39104,706,Vehicle Loan,259607,60,12.14,5793.2,2024-01-15,0,0
CUST105466,46,Pune,Salaried,29453,615,Gold Loan,57692,12,11.32,5107.53,2024-06-18,0,0
CUST105467,27,Chennai,Salaried,25000,610,Business Loan,214048,36,14.67,7385.5,2023-12-02,312,1
CUST105468,44,Bengaluru,Self-Employed,36315,440,Business Loan,203982,24,11.85,9587.86,2024-06-04,0,0
CUST105469,46,Bengaluru,Business Owner,108340,618,Home Loan,2355141,300,9.78,21037.03,2023-02-27,0,0
CUST105470,21,Mumbai,Self-Employed,76896,517,Gold Loan,248766,18,12.11,15182.97,2024-03-04,30,0
CUST105471,38,Ahmedabad,Self-Employed,47532,635,Business Loan,367341,24,14.63,17746.63,2024-04-01,0,0
CUST105472,40,Hyderabad,Self-Employed,50515,741,Gold Loan,287130,18,9.21,17139.93,2023-04-04,0,0
CUST105473,37,Bengaluru,Self-Employed,32936,724,Personal Loan,55766,12,17.14,5089.83,2024-07-15,0,0
CUST105474,43,Bengaluru,Salaried,115604,857,Gold Loan,165611,6,11.96,28572.63,2024-01-11,0,0
CUST105475,39,Lucknow,Salaried,52358,545,Personal Loan,149288,12,18.75,13740.07,2024-09-29,0,0
CUST105476,37,Kolkata,Salaried,34600,601,Gold Loan,62558,18,11.15,3790.26,2023-09-19,0,0
CUST105477,30,Ahmedabad,Salaried,40300,752,Personal Loan,452091,48,15.69,12740.72,2024-01-28,0,0
CUST105478,24,Ahmedabad,Business Owner,31151,643,Business Loan,300081,60,17.16,7483.63,2024-08-17,0,0
CUST105479,41,Jaipur,Salaried,77955,888,Personal Loan,130241,24,17.45,6467.61,2024-10-30,7,0
CUST105480,43,Lucknow,Self-Employed,49008,550,Vehicle Loan,369030,36,10.39,11975.24,2024-01-26,15,0
CUST105481,25,Ahmedabad,Salaried,54806,682,Home Loan,1044050,120,9.4,13452.66,2023-05-19,0,0
CUST105482,39,Pune,Self-Employed,68167,490,Personal Loan,306141,24,17.64,15230.62,2023-03-14,0,0
CUST105483,36,Lucknow,Salaried,120714,624,Home Loan,1932485,240,10.68,19527.76,2024-06-24,0,0
CUST105484,29,Chennai,Salaried,53802,694,Vehicle Loan,527734,48,12.84,14115.91,2023-09-17,7,0
CUST105485,21,Ahmedabad,Business Owner,35000,762,Home Loan,763287,180,9.21,7837.41,2024-06-09,0,0
CUST105486,21,Mumbai,Salaried,69395,574,Personal Loan,978938,48,14.9,27194.98,2023-01-18,0,0
CUST105487,36,Kolkata,Salaried,77940,691,Personal Loan,192853,12,12.28,17160.03,2023-05-12,0,0
CUST105488,26,Pune,Salaried,45013,578,Gold Loan,83913,6,11.41,14454.6,2024-07-22,0,0
CUST105489,25,Hyderabad,Salaried,37104,609,Personal Loan,461222,48,16.2,13118.45,2023-08-01,158,1
CUST105490,42,Jaipur,Self-Employed,66390,564,Business Loan,928748,60,17.34,23251.91,2024-07-24,0,0
CUST105491,44,Delhi,Business Owner,63863,735,Gold Loan,86291,6,10.44,14822.92,2024-09-18,0,0
CUST105492,35,Jaipur,Self-Employed,32931,669,Personal Loan,53214,24,17.9,2654.09,2023-06-23,0,0
CUST105493,41,Lucknow,Self-Employed,115338,680,Business Loan,666416,60,14.61,15717.89,2024-10-24,30,0
CUST105494,45,Hyderabad,Salaried,28724,667,Vehicle Loan,171663,24,12.85,8149.08,2023-01-24,0,0
CUST105495,34,Kolkata,Self-Employed,111120,744,Personal Loan,515467,48,16.66,14783.3,2023-04-01,0,0
CUST105496,22,Pune,Salaried,25042,514,Gold Loan,47529,6,12.24,8206.69,2024-09-21,30,0
CUST105497,38,Pune,Salaried,20855,632,Personal Loan,57271,12,12.75,5108.57,2023-11-16,0,0
CUST105498,22,Kolkata,Self-Employed,35000,458,Home Loan,1539489,300,8.73,12635.9,2023-01-17,7,0
CUST105499,22,Kolkata,Self-Employed,34861,593,Business Loan,361000,36,17.13,12894.0,2023-12-01,0,0
CUST105500,33,Jaipur,Self-Employed,35000,850,Home Loan,975665,240,9.74,9247.93,2023-07-22,0,0
CUST105501,21,Ahmedabad,Self-Employed,111356,610,Business Loan,1046930,60,16.51,25743.87,2023-12-20,1,0
CUST105502,37,Lucknow,Salaried,40107,620,Business Loan,170955,12,14.19,15364.84,2024-02-10,0,0
CUST105503,29,Hyderabad,Business Owner,32644,670,Personal Loan,108025,24,17.97,5391.49,2023-10-15,0,0
CUST105504,36,Hyderabad,Salaried,35000,523,Home Loan,1119044,180,10.48,12356.03,2024-06-21,191,1
CUST105505,57,Chennai,Self-Employed,24104,651,Vehicle Loan,104989,24,12.9,4986.44,2023-12-07,0,0
CUST105506,54,Jaipur,Salaried,37143,689,Personal Loan,231540,48,12.81,6189.83,2023-11-13,0,0
CUST105507,45,Bengaluru,Self-Employed,71721,657,Home Loan,1666465,240,10.74,16907.17,2024-02-21,0,0
CUST105508,27,Delhi,Salaried,57104,626,Personal Loan,213435,12,15.99,19364.13,2024-06-20,30,0
CUST105509,57,Kolkata,Salaried,45813,661,Personal Loan,96228,24,12.45,4550.03,2023-02-23,1,0
CUST105510,34,Delhi,Salaried,26521,867,Vehicle Loan,212643,36,14.0,7267.63,2024-07-28,0,0
CUST105511,42,Mumbai,Self-Employed,98259,783,Home Loan,2560105,300,8.56,20718.28,2024-01-11,0,0
CUST105512,49,Delhi,Salaried,37440,709,Home Loan,1343308,240,9.85,12830.0,2023-08-06,0,0
CUST105513,42,Chennai,Self-Employed,41879,598,Personal Loan,254477,24,15.9,12447.83,2024-02-06,250,1
CUST105514,32,Ahmedabad,Salaried,35000,668,Home Loan,841620,180,11.39,9772.94,2024-05-20,30,0
CUST105515,39,Pune,Self-Employed,35000,652,Home Loan,1508660,300,10.87,14645.0,2024-09-12,0,0
CUST105516,27,Bengaluru,Self-Employed,25000,737,Business Loan,221785,24,13.68,10615.04,2023-02-05,0,0
CUST105517,35,Pune,Self-Employed,81951,733,Business Loan,512516,36,15.95,18005.89,2023-06-04,0,0
CUST105518,22,Hyderabad,Salaried,72124,552,Business Loan,291464,12,17.49,26650.73,2023-06-30,0,0
CUST105519,45,Pune,Business Owner,35000,705,Home Loan,1424905,300,9.03,11987.04,2023-03-05,300,1
CUST105520,29,Chennai,Salaried,61237,776,Personal Loan,126965,24,16.5,6246.98,2024-03-17,0,0
CUST105521,51,Ahmedabad,Salaried,38520,570,Home Loan,1504402,300,10.72,14441.32,2024-10-17,0,0
CUST105522,32,Pune,Self-Employed,65698,626,Personal Loan,160378,48,17.64,4680.99,2023-01-23,0,0
CUST105523,27,Pune,Salaried,58984,840,Home Loan,1502842,180,8.65,14931.52,2024-10-10,0,0
CUST105524,21,Bengaluru,Salaried,55622,624,Personal Loan,101987,12,16.04,9255.3,2024-03-24,0,0
CUST105525,29,Lucknow,Salaried,39771,633,Personal Loan,68081,12,12.93,6078.57,2024-07-13,110,1
CUST105526,45,Hyderabad,Salaried,47702,745,Home Loan,1500317,240,11.3,15793.57,2024-07-12,0,0
CUST105527,35,Jaipur,Business Owner,78622,451,Personal Loan,225281,48,17.76,6589.41,2024-04-12,0,0
CUST105528,25,Mumbai,Business Owner,48433,663,Personal Loan,119071,36,18.52,4335.83,2023-08-18,15,0
CUST105529,39,Chennai,Salaried,89133,681,Home Loan,1845311,120,8.51,22889.09,2023-10-07,0,0
CUST105530,49,Hyderabad,Business Owner,46241,649,Home Loan,1452797,180,10.27,15852.67,2023-07-07,7,0
CUST105531,43,Bengaluru,Self-Employed,37912,766,Gold Loan,108901,18,12.93,6688.15,2023-12-21,0,0
CUST105532,44,Delhi,Salaried,78269,761,Personal Loan,201021,12,16.19,18256.89,2023-06-18,0,0
CUST105533,55,Lucknow,Business Owner,44095,531,Personal Loan,195245,12,12.3,17374.69,2023-11-22,209,1
CUST105534,48,Delhi,Self-Employed,77086,619,Vehicle Loan,275551,36,11.9,9139.08,2023-04-28,0,0
CUST105535,60,Lucknow,Salaried,18679,775,Gold Loan,62243,12,11.47,5514.79,2023-10-16,15,0
CUST105536,39,Delhi,Salaried,38450,609,Vehicle Loan,252114,48,11.21,6541.76,2024-08-21,30,0
CUST105537,42,Kolkata,Self-Employed,40014,667,Personal Loan,190321,24,13.77,9117.19,2024-04-28,0,0
CUST105538,32,Pune,Self-Employed,95209,761,Personal Loan,141072,48,13.0,3784.61,2023-09-02,0,0
CUST105539,22,Ahmedabad,Self-Employed,44095,581,Business Loan,102279,12,17.73,9363.8,2023-08-06,0,0
CUST105540,34,Ahmedabad,Business Owner,52009,752,Vehicle Loan,249295,48,10.48,6380.39,2024-11-01,0,0
CUST105541,25,Ahmedabad,Salaried,67024,630,Personal Loan,350362,24,13.34,16712.86,2023-09-18,0,0
CUST105542,31,Pune,Salaried,84146,688,Personal Loan,216506,12,15.72,19615.1,2024-07-30,0,0
CUST105543,60,Ahmedabad,Business Owner,67498,514,Gold Loan,105341,18,10.22,6337.15,2023-07-19,0,0
CUST105544,41,Chennai,Self-Employed,20000,453,Vehicle Loan,145574,36,9.64,4672.7,2024-09-19,314,1
CUST105545,36,Lucknow,Salaried,76033,729,Personal Loan,602077,36,14.65,20768.15,2023-09-11,0,0
CUST105546,41,Hyderabad,Salaried,46348,755,Vehicle Loan,197611,60,11.6,4355.91,2024-06-10,0,0
CUST105547,30,Kolkata,Business Owner,43635,671,Gold Loan,229897,24,10.24,10634.06,2023-02-24,0,0
CUST105548,39,Chennai,Self-Employed,124069,479,Personal Loan,648584,48,15.83,18324.63,2023-11-06,0,0
CUST105549,39,Ahmedabad,Self-Employed,37523,900,Gold Loan,54393,6,12.05,9386.77,2024-09-02,0,0
CUST105550,37,Delhi,Self-Employed,35000,709,Home Loan,1452729,300,10.31,13519.74,2024-08-15,0,0
CUST105551,33,Ahmedabad,Salaried,75040,743,Home Loan,1739916,240,8.77,15398.03,2024-06-27,0,0
CUST105552,23,Jaipur,Salaried,44807,759,Personal Loan,54344,36,13.38,1841.03,2023-12-25,0,0
CUST105553,42,Kolkata,Salaried,90601,789,Personal Loan,136595,12,17.05,12461.35,2023-04-15,0,0
CUST105554,35,Jaipur,Self-Employed,75483,775,Personal Loan,599909,24,14.45,28931.06,2023-05-23,296,1
CUST105555,32,Pune,Salaried,39256,740,Personal Loan,145647,24,17.83,7259.34,2024-04-20,0,0
CUST105556,39,Mumbai,Salaried,162395,805,Personal Loan,80133,48,14.24,2199.41,2023-09-21,7,0
CUST105557,32,Bengaluru,Salaried,88821,637,Personal Loan,685141,48,12.52,18217.81,2024-07-01,0,0
CUST105558,21,Chennai,Self-Employed,74531,695,Business Loan,307165,24,13.01,14604.63,2023-12-08,1,0
CUST105559,38,Jaipur,Business Owner,22016,526,Gold Loan,64710,24,12.15,3050.66,2023-09-09,204,1
CUST105560,28,Bengaluru,Salaried,50505,655,Personal Loan,114425,12,14.42,10296.52,2024-03-05,332,1
CUST105561,21,Kolkata,Salaried,34195,494,Personal Loan,105408,24,17.61,5242.56,2024-10-11,0,0
CUST105562,47,Pune,Self-Employed,29629,713,Business Loan,401235,60,11.48,8820.18,2024-03-12,0,0
CUST105563,30,Kolkata,Salaried,71987,848,Personal Loan,299059,48,11.75,7838.71,2024-04-21,0,0
CUST105564,28,Lucknow,Salaried,79253,629,Business Loan,567092,60,15.04,13502.99,2023-02-05,158,1
CUST105565,33,Hyderabad,Self-Employed,23635,691,Personal Loan,110788,48,15.65,3119.94,2023-11-10,0,0
CUST105566,50,Chennai,Salaried,124567,679,Personal Loan,406168,48,14.61,11223.83,2023-03-03,7,0
CUST105567,28,Ahmedabad,Salaried,29824,596,Personal Loan,119959,48,17.9,3517.53,2024-03-05,0,0
CUST105568,39,Pune,Salaried,67837,565,Business Loan,301293,24,13.53,14399.14,2024-08-17,0,0
CUST105569,21,Mumbai,Self-Employed,73838,618,Home Loan,1661058,120,9.51,21502.78,2024-01-31,0,0
CUST105570,37,Kolkata,Salaried,76309,582,Home Loan,1562423,120,9.74,20423.24,2024-10-07,0,0
CUST105571,30,Ahmedabad,Salaried,42316,465,Gold Loan,98024,12,12.27,8721.7,2024-03-06,0,0
CUST105572,36,Kolkata,Salaried,35000,706,Home Loan,1404999,180,9.81,14935.3,2024-09-21,0,0
CUST105573,25,Delhi,Salaried,38344,677,Personal Loan,102982,36,16.06,3623.59,2024-02-27,0,0
CUST105574,44,Delhi,Salaried,20332,800,Gold Loan,34694,6,9.65,5946.17,2023-07-25,0,0
CUST105575,32,Hyderabad,Salaried,33468,680,Personal Loan,359710,48,13.4,9721.68,2024-09-04,0,0
CUST105576,45,Delhi,Salaried,42056,616,Personal Loan,168892,24,12.83,8015.95,2023-08-23,1,0
CUST105577,28,Ahmedabad,Salaried,63490,585,Personal Loan,537587,24,14.0,25811.1,2024-05-09,0,0
CUST105578,49,Delhi,Self-Employed,52486,596,Home Loan,1521164,300,9.66,13459.94,2023-03-22,0,0
CUST105579,40,Hyderabad,Self-Employed,90064,860,Business Loan,539130,36,15.81,18903.68,2024-05-30,327,1
CUST105580,32,Pune,Salaried,35000,731,Home Loan,1417614,300,9.46,12346.25,2024-04-10,0,0
CUST105581,35,Pune,Salaried,67805,766,Home Loan,1801974,240,9.37,16644.09,2023-12-04,0,0
CUST105582,42,Ahmedabad,Salaried,45140,737,Home Loan,737297,120,10.13,9796.59,2024-01-16,0,0
CUST105583,48,Ahmedabad,Salaried,37318,657,Business Loan,176848,12,12.29,15736.73,2023-11-16,0,0
CUST105584,47,Delhi,Salaried,71044,675,Personal Loan,109535,36,11.99,3637.61,2024-11-20,0,0
CUST105585,27,Jaipur,Salaried,88926,669,Personal Loan,186380,12,12.07,16565.74,2024-02-04,0,0
CUST105586,23,Mumbai,Salaried,21892,762,Personal Loan,86829,24,18.23,4344.52,2023-03-09,0,0
CUST105587,40,Kolkata,Business Owner,35000,579,Home Loan,567553,120,10.0,7500.25,2023-05-06,0,0
CUST105588,48,Hyderabad,Self-Employed,82145,633,Gold Loan,235264,12,9.62,20641.89,2023-05-22,0,0
CUST105589,46,Ahmedabad,Self-Employed,89965,628,Business Loan,398887,12,15.78,36149.85,2023-12-25,0,0
CUST105590,52,Delhi,Salaried,51936,636,Personal Loan,54264,24,11.88,2551.36,2024-04-08,0,0
CUST105591,45,Hyderabad,Salaried,52625,593,Vehicle Loan,176011,24,9.89,8113.08,2024-02-22,0,0
CUST105592,38,Hyderabad,Self-Employed,23150,656,Personal Loan,90613,12,13.81,8127.78,2023-05-29,0,0
CUST105593,60,Lucknow,Self-Employed,40469,784,Home Loan,1377594,180,10.07,14862.75,2023-08-26,0,0
CUST105594,53,Kolkata,Salaried,30158,825,Personal Loan,381700,48,18.16,11244.38,2023-09-01,1,0
CUST105595,47,Jaipur,Business Owner,30698,525,Personal Loan,70210,12,13.88,6299.99,2023-05-31,187,1
CUST105596,38,Bengaluru,Business Owner,35565,626,Vehicle Loan,230589,24,9.59,10596.93,2024-03-28,0,0
CUST105597,38,Kolkata,Salaried,39680,728,Gold Loan,232074,18,12.09,14162.05,2023-11-25,0,0
CUST105598,33,Ahmedabad,Salaried,41570,625,Personal Loan,107485,12,14.11,9656.33,2024-03-31,0,0
CUST105599,40,Bengaluru,Self-Employed,82152,569,Business Loan,847168,60,17.66,21356.11,2023-05-14,0,0
CUST105600,22,Pune,Salaried,28558,715,Business Loan,93678,12,11.12,8284.66,2024-08-31,0,0
CUST105601,37,Ahmedabad,Salaried,38570,748,Personal Loan,119688,12,17.35,10936.0,2024-09-12,1,0
CUST105602,44,Jaipur,Salaried,35000,521,Home Loan,969850,240,10.34,9578.78,2024-05-07,1,0
CUST105603,33,Ahmedabad,Self-Employed,89516,602,Home Loan,1351959,120,10.36,18136.84,2023-06-10,7,0
CUST105604,41,Mumbai,Salaried,41364,637,Personal Loan,262179,48,16.6,7511.04,2023-04-14,0,0
CUST105605,31,Bengaluru,Salaried,37794,674,Home Loan,842007,300,10.57,7992.21,2024-09-18,0,0
CUST105606,45,Jaipur,Business Owner,20000,632,Personal Loan,204410,36,18.0,7389.91,2023-02-06,15,0
CUST105607,60,Delhi,Salaried,55081,696,Personal Loan,234291,24,12.15,11045.31,2024-02-15,0,0
CUST105608,40,Bengaluru,Salaried,49540,765,Gold Loan,134912,24,11.95,6347.63,2024-01-10,7,0
CUST105609,35,Kolkata,Self-Employed,23579,679,Personal Loan,229568,48,15.34,6428.68,2023-03-26,161,1
CUST105610,50,Delhi,Business Owner,114794,707,Home Loan,4314681,180,8.93,43582.88,2023-04-22,0,0
CUST105611,25,Lucknow,Self-Employed,22113,704,Personal Loan,123235,36,14.87,4264.14,2024-01-26,0,0
CUST105612,40,Pune,Salaried,58880,578,Gold Loan,124403,18,12.64,7623.39,2023-09-10,0,0
CUST105613,53,Hyderabad,Business Owner,35000,634,Home Loan,1268833,240,9.63,11935.11,2023-07-05,7,0
CUST105614,49,Delhi,Salaried,70338,684,Business Loan,283647,12,14.92,25590.79,2024-05-01,7,0
CUST105615,37,Jaipur,Self-Employed,20000,730,Vehicle Loan,162139,24,12.61,7678.72,2023-05-22,0,0
CUST105616,32,Pune,Salaried,89557,743,Business Loan,406754,24,12.62,19265.31,2024-09-29,0,0
CUST105617,48,Chennai,Salaried,29873,602,Personal Loan,190667,48,13.47,5159.71,2024-02-27,30,0
CUST105618,38,Mumbai,Self-Employed,25541,692,Business Loan,370652,60,14.07,8637.88,2023-12-01,103,1
CUST105619,31,Delhi,Self-Employed,64511,565,Personal Loan,162520,36,16.5,5753.92,2024-11-18,0,0
CUST105620,48,Lucknow,Self-Employed,44168,553,Personal Loan,73276,48,12.01,1930.0,2023-06-27,278,1
CUST105621,36,Hyderabad,Salaried,30192,886,Gold Loan,121673,24,9.46,5584.31,2023-06-27,0,0
CUST105622,25,Chennai,Self-Employed,44036,621,Vehicle Loan,160959,60,13.26,3683.77,2023-07-06,0,0
CUST105623,27,Mumbai,Self-Employed,49453,674,Business Loan,207156,24,13.59,9906.08,2023-11-04,284,1
CUST105624,51,Ahmedabad,Salaried,111281,666,Business Loan,363679,36,17.56,13067.73,2024-06-25,0,0
CUST105625,45,Delhi,Salaried,39056,761,Home Loan,1617016,300,9.28,13881.32,2023-08-12,30,0
CUST105626,40,Bengaluru,Business Owner,39376,673,Gold Loan,46257,6,9.9,7933.64,2023-11-03,0,0
CUST105627,43,Mumbai,Salaried,62742,746,Personal Loan,505615,48,16.14,14365.55,2023-11-02,30,0
CUST105628,38,Hyderabad,Salaried,30106,561,Business Loan,269836,36,13.65,9176.55,2023-06-11,0,0
CUST105629,21,Bengaluru,Self-Employed,20000,439,Personal Loan,114713,48,18.25,3384.7,2023-09-25,108,1
CUST105630,48,Jaipur,Salaried,57540,715,Personal Loan,303563,24,15.55,14798.2,2024-06-13,0,0
CUST105631,35,Mumbai,Business Owner,99342,854,Business Loan,782821,36,17.88,28253.75,2023-07-21,0,0
CUST105632,54,Delhi,Salaried,44556,454,Home Loan,691986,120,10.83,9465.64,2024-02-20,1,0
CUST105633,31,Jaipur,Salaried,100338,483,Personal Loan,101372,12,18.46,9315.99,2024-04-23,0,0
CUST105634,50,Jaipur,Salaried,47022,642,Home Loan,1354529,180,11.26,15617.4,2023-02-13,139,1
CUST105635,35,Hyderabad,Salaried,35214,698,Home Loan,548982,120,9.41,7076.67,2023-01-08,0,0
CUST105636,43,Lucknow,Self-Employed,87575,540,Gold Loan,475425,24,11.26,22215.96,2023-09-14,0,0
CUST105637,43,Bengaluru,Salaried,22235,515,Personal Loan,76705,48,16.69,2201.04,2023-03-04,0,0
CUST105638,31,Ahmedabad,Business Owner,52050,681,Business Loan,341615,36,13.09,11525.17,2023-06-01,0,0
CUST105639,38,Jaipur,Self-Employed,35000,570,Home Loan,1295065,300,10.16,11914.65,2023-03-30,0,0
CUST105640,49,Pune,Salaried,26019,660,Personal Loan,246957,48,13.33,6665.76,2024-02-16,0,0
CUST105641,50,Ahmedabad,Business Owner,72666,663,Personal Loan,134354,12,16.1,12196.41,2024-03-22,0,0
CUST105642,42,Chennai,Self-Employed,39233,674,Gold Loan,90285,12,9.57,7919.44,2023-09-16,0,0
CUST105643,45,Chennai,Business Owner,29805,654,Personal Loan,96040,36,14.38,3300.17,2024-02-23,0,0
CUST105644,39,Hyderabad,Salaried,40110,646,Gold Loan,52837,6,12.18,9121.64,2024-08-14,0,0
CUST105645,25,Pune,Business Owner,113458,726,Gold Loan,137467,24,10.0,6343.4,2023-01-05,0,0
CUST105646,40,Mumbai,Salaried,144067,621,Business Loan,597242,60,13.69,13800.98,2023-02-26,0,0
CUST105647,31,Pune,Salaried,49084,690,Home Loan,1352489,300,11.25,13501.08,2023-07-17,0,0
CUST105648,44,Jaipur,Business Owner,39421,697,Business Loan,315345,60,13.01,7176.68,2023-12-02,0,0
CUST105649,51,Bengaluru,Salaried,94296,711,Home Loan,2937003,120,10.75,40042.71,2024-01-28,0,0
CUST105650,42,Chennai,Salaried,95066,641,Gold Loan,423457,12,9.98,37224.66,2024-01-28,0,0
CUST105651,31,Hyderabad,Business Owner,72166,585,Gold Loan,313367,18,10.02,18822.79,2023-03-26,0,0
CUST105652,25,Chennai,Self-Employed,73783,678,Business Loan,306638,60,13.92,7122.22,2024-05-08,15,0
CUST105653,47,Lucknow,Salaried,20000,742,Personal Loan,80292,12,14.78,7238.69,2024-01-19,129,1
CUST105654,34,Mumbai,Business Owner,22494,827,Personal Loan,98374,24,15.96,4814.82,2024-06-29,0,0
CUST105655,52,Mumbai,Self-Employed,81751,523,Business Loan,400392,36,16.83,14241.21,2023-03-22,0,0
CUST105656,29,Chennai,Self-Employed,66892,715,Personal Loan,73958,12,12.03,6572.12,2024-09-23,15,0
CUST105657,33,Jaipur,Salaried,98023,681,Gold Loan,285163,12,12.02,25339.06,2023-12-01,0,0
CUST105658,46,Mumbai,Self-Employed,79277,843,Personal Loan,303826,48,13.36,8205.28,2023-09-21,0,0
CUST105659,21,Pune,Salaried,78801,773,Personal Loan,157602,24,12.93,7487.51,2024-11-06,15,0
CUST105660,28,Delhi,Business Owner,64060,620,Vehicle Loan,471589,24,9.88,21735.33,2024-04-30,0,0
CUST105661,44,Lucknow,Self-Employed,44345,618,Personal Loan,281032,48,14.84,7798.56,2024-04-19,0,0
CUST105662,26,Mumbai,Salaried,40028,837,Business Loan,347349,60,12.36,7789.92,2024-03-17,30,0
CUST105663,53,Pune,Salaried,55137,750,Business Loan,272567,12,15.0,24601.44,2023-10-16,0,0
CUST105664,39,Pune,Salaried,31360,744,Business Loan,106221,12,17.04,9689.88,2023-09-11,0,0
CUST105665,30,Kolkata,Salaried,43578,685,Gold Loan,204311,24,11.8,9598.56,2023-11-06,0,0
CUST105666,23,Jaipur,Salaried,63754,634,Business Loan,597481,60,13.0,13594.53,2023-09-11,15,0
CUST105667,38,Jaipur,Salaried,66048,900,Personal Loan,327899,24,17.42,16278.32,2024-02-18,0,0
CUST105668,39,Jaipur,Salaried,46708,732,Personal Loan,249371,36,11.93,8274.35,2024-02-26,0,0
CUST105669,22,Pune,Self-Employed,30180,583,Gold Loan,155200,18,12.37,9491.11,2023-04-22,0,0
CUST105670,30,Hyderabad,Salaried,35000,567,Home Loan,1162368,240,8.77,10286.81,2023-06-08,1,0
CUST105671,21,Bengaluru,Salaried,132718,669,Vehicle Loan,801293,36,12.1,26652.68,2023-04-24,7,0
CUST105672,38,Lucknow,Salaried,20000,719,Vehicle Loan,114074,24,13.87,5470.02,2024-08-27,0,0
CUST105673,39,Lucknow,Salaried,25000,587,Business Loan,164687,24,11.12,7684.88,2024-03-16,0,0
CUST105674,50,Mumbai,Salaried,55764,677,Business Loan,256715,12,16.62,23367.36,2023-04-04,0,0
CUST105675,65,Pune,Salaried,35000,685,Home Loan,818242,240,9.2,7467.51,2023-05-08,7,0
CUST105676,50,Ahmedabad,Self-Employed,176082,768,Business Loan,353951,12,15.46,32023.9,2023-12-12,0,0
CUST105677,35,Bengaluru,Salaried,30918,610,Personal Loan,62039,12,13.87,5566.51,2024-08-09,0,0
CUST105678,50,Hyderabad,Salaried,25266,512,Business Loan,315992,60,13.79,7318.22,2024-05-31,0,0
CUST105679,41,Pune,Salaried,62074,560,Home Loan,1585945,180,9.65,16704.68,2023-02-04,30,0
CUST105680,38,Mumbai,Self-Employed,42127,787,Gold Loan,184227,24,12.48,8713.56,2023-09-10,0,0
CUST105681,35,Ahmedabad,Salaried,140667,734,Vehicle Loan,717496,24,11.74,33687.98,2024-08-08,0,0
CUST105682,46,Pune,Salaried,40356,738,Gold Loan,72526,6,11.51,12496.69,2023-10-11,0,0
CUST105683,43,Jaipur,Business Owner,25637,794,Personal Loan,100743,36,16.2,3551.78,2024-10-13,1,0
CUST105684,37,Hyderabad,Self-Employed,25000,633,Business Loan,83960,12,16.13,7622.93,2023-07-19,0,0
CUST105685,41,Bengaluru,Business Owner,59096,711,Home Loan,1479150,300,11.4,14927.06,2023-08-02,0,0
CUST105686,35,Jaipur,Self-Employed,62760,675,Home Loan,1474965,180,10.79,16570.42,2024-05-21,0,0
CUST105687,21,Pune,Salaried,50657,571,Personal Loan,96630,12,15.93,8764.12,2024-05-17,0,0
CUST105688,52,Delhi,Salaried,36923,667,Home Loan,1149660,180,11.18,13197.24,2023-11-26,0,0
CUST105689,33,Ahmedabad,Salaried,34787,651,Personal Loan,215086,48,16.26,6124.28,2024-01-31,0,0
CUST105690,33,Jaipur,Business Owner,73235,611,Business Loan,342960,24,15.04,16635.5,2024-05-23,0,0
CUST105691,28,Pune,Salaried,33819,807,Personal Loan,160402,48,13.93,4377.59,2024-02-20,119,1
CUST105692,29,Jaipur,Salaried,43478,592,Gold Loan,133974,12,11.67,11882.76,2024-04-27,0,0
CUST105693,31,Mumbai,Business Owner,74796,764,Personal Loan,249894,24,14.77,12089.23,2024-05-24,0,0
CUST105694,36,Bengaluru,Business Owner,109858,536,Business Loan,306553,12,16.29,27855.9,2024-10-01,0,0
CUST105695,40,Kolkata,Salaried,47094,616,Home Loan,1010951,120,8.66,12621.02,2024-11-10,0,0
CUST105696,38,Kolkata,Salaried,35767,700,Business Loan,163370,12,13.51,14630.88,2023-07-12,0,0
CUST105697,25,Ahmedabad,Salaried,129286,588,Personal Loan,368774,36,18.62,13447.04,2024-05-23,0,0
CUST105698,31,Jaipur,Salaried,51928,786,Personal Loan,183682,48,18.15,5410.07,2024-01-17,0,0
CUST105699,31,Delhi,Salaried,81904,612,Gold Loan,322939,24,9.61,14843.93,2024-02-05,0,0
CUST105700,52,Kolkata,Salaried,27673,627,Business Loan,264153,60,12.87,5992.73,2024-01-07,0,0
CUST105701,34,Kolkata,Self-Employed,76684,767,Home Loan,1940408,240,9.23,17746.41,2024-11-02,0,0
CUST105702,43,Bengaluru,Salaried,42999,606,Gold Loan,133764,18,12.33,8177.72,2024-05-14,0,0
CUST105703,37,Lucknow,Self-Employed,35000,615,Home Loan,851382,180,10.48,9400.61,2023-10-01,0,0
CUST105704,50,Mumbai,Self-Employed,81204,667,Personal Loan,56250,12,13.99,5050.26,2024-10-16,1,0
CUST105705,22,Kolkata,Self-Employed,101410,719,Home Loan,1854180,300,11.11,18320.7,2024-08-01,0,0
CUST105706,31,Jaipur,Salaried,57760,620,Personal Loan,425507,24,12.13,20055.93,2024-03-09,0,0
CUST105707,36,Ahmedabad,Business Owner,49338,785,Vehicle Loan,516202,60,13.76,11946.99,2023-09-24,15,0
CUST105708,39,Ahmedabad,Self-Employed,68483,712,Gold Loan,293873,18,10.36,17697.91,2023-08-11,0,0
CUST105709,37,Hyderabad,Business Owner,41059,672,Gold Loan,137810,18,9.8,8263.78,2024-01-08,0,0
CUST105710,39,Hyderabad,Salaried,87017,799,Home Loan,2041917,120,9.81,26769.71,2024-03-28,0,0
CUST105711,51,Jaipur,Self-Employed,112943,662,Gold Loan,289488,24,10.33,13402.54,2024-04-09,0,0
CUST105712,30,Lucknow,Salaried,79530,639,Personal Loan,345220,24,15.98,16899.75,2023-06-28,0,0
CUST105713,53,Jaipur,Self-Employed,28171,618,Personal Loan,183278,36,13.01,6176.24,2024-11-09,164,1
CUST105714,27,Mumbai,Salaried,26665,652,Gold Loan,41729,6,11.42,7188.32,2024-04-09,7,0
CUST105715,37,Ahmedabad,Salaried,50965,900,Business Loan,458385,60,17.23,11448.81,2023-03-08,0,0
CUST105716,45,Mumbai,Self-Employed,41960,829,Home Loan,1110992,300,11.44,11244.18,2023-09-01,30,0
CUST105717,43,Kolkata,Salaried,55106,750,Business Loan,338437,60,17.51,8504.12,2023-04-20,0,0
CUST105718,38,Mumbai,Self-Employed,74745,718,Business Loan,300428,24,12.23,14174.48,2024-11-22,0,0
CUST105719,21,Chennai,Self-Employed,50444,736,Home Loan,990764,120,8.79,12438.26,2023-03-10,0,0
CUST105720,28,Delhi,Self-Employed,31924,693,Personal Loan,170586,48,15.8,4817.0,2024-04-30,0,0
CUST105721,47,Ahmedabad,Salaried,38920,767,Home Loan,884115,120,10.24,11801.46,2024-05-06,0,0
CUST105722,35,Chennai,Salaried,61097,701,Personal Loan,407646,36,16.37,14406.2,2023-12-05,15,0
CUST105723,33,Bengaluru,Salaried,44972,408,Business Loan,194736,12,15.38,17611.48,2024-05-27,341,1
CUST105724,48,Bengaluru,Self-Employed,87118,538,Business Loan,321800,12,11.12,28459.23,2023-01-12,1,0
CUST105725,38,Hyderabad,Salaried,20000,625,Vehicle Loan,177294,48,12.9,4747.56,2023-06-08,0,0
CUST105726,37,Hyderabad,Self-Employed,70500,693,Business Loan,682138,36,12.73,22895.31,2024-07-25,0,0
CUST105727,60,Jaipur,Salaried,46752,572,Personal Loan,145317,24,15.76,7098.52,2023-06-02,0,0
CUST105728,50,Bengaluru,Salaried,25963,654,Business Loan,303886,60,12.72,6870.86,2023-08-24,0,0
CUST105729,35,Kolkata,Salaried,126717,645,Business Loan,420451,24,11.28,19651.01,2023-03-27,0,0
CUST105730,36,Mumbai,Salaried,55232,649,Home Loan,926114,120,9.04,11751.68,2024-06-13,0,0
CUST105731,33,Delhi,Salaried,47949,596,Gold Loan,72182,24,12.8,3424.89,2024-09-11,0,0
CUST105732,31,Bengaluru,Self-Employed,37885,529,Personal Loan,116438,12,17.02,10620.8,2023-11-25,355,1
CUST105733,49,Kolkata,Salaried,27332,607,Personal Loan,108496,48,18.83,3234.32,2024-03-20,0,0
CUST105734,48,Delhi,Business Owner,35000,758,Home Loan,918103,120,9.3,11779.73,2024-01-07,0,0
CUST105735,33,Mumbai,Salaried,45800,658,Personal Loan,174210,36,18.71,6360.33,2023-03-23,0,0
CUST105736,26,Pune,Business Owner,59291,611,Personal Loan,589929,48,17.6,17206.1,2023-11-30,0,0
CUST105737,31,Delhi,Salaried,35000,690,Home Loan,1150541,240,9.4,10649.53,2024-09-06,1,0
CUST105738,46,Jaipur,Salaried,78052,674,Gold Loan,317138,24,10.19,14662.14,2024-01-21,0,0
CUST105739,38,Delhi,Salaried,54313,772,Vehicle Loan,340468,24,10.16,15736.03,2023-02-28,138,1
CUST105740,38,Kolkata,Salaried,218645,900,Gold Loan,716740,12,9.76,62932.86,2023-01-13,0,0
CUST105741,49,Lucknow,Salaried,39343,898,Business Loan,116264,12,11.67,10311.98,2023-09-03,0,0
CUST105742,46,Bengaluru,Salaried,66357,613,Business Loan,308044,24,11.13,14375.86,2023-11-02,0,0
CUST105743,41,Kolkata,Self-Employed,77913,675,Personal Loan,797126,48,14.28,21894.77,2023-01-13,0,0
CUST105744,21,Kolkata,Salaried,37527,789,Gold Loan,212041,24,10.57,9840.49,2024-11-17,0,0
CUST105745,28,Kolkata,Salaried,31623,704,Personal Loan,136132,36,18.18,4933.8,2024-08-28,0,0
CUST105746,26,Bengaluru,Self-Employed,86428,648,Home Loan,1512679,120,9.78,19806.34,2024-08-21,0,0
CUST105747,35,Kolkata,Business Owner,33627,651,Personal Loan,175700,36,13.46,5959.03,2023-12-30,0,0
CUST105748,40,Chennai,Self-Employed,30913,739,Personal Loan,136146,48,15.72,3838.92,2023-02-10,239,1
CUST105749,57,Chennai,Salaried,45134,741,Personal Loan,86299,12,15.17,7796.13,2023-02-13,0,0
CUST105750,28,Mumbai,Business Owner,20000,665,Personal Loan,115717,24,18.69,5815.72,2024-03-28,0,0
CUST105751,42,Pune,Salaried,59114,674,Personal Loan,483061,48,17.5,14064.02,2024-04-17,0,0
CUST105752,51,Delhi,Salaried,29708,707,Personal Loan,366742,48,16.9,10563.39,2023-06-13,0,0
CUST105753,30,Hyderabad,Self-Employed,47345,526,Business Loan,150133,12,13.45,13441.19,2024-07-09,0,0
CUST105754,21,Mumbai,Salaried,75267,736,Personal Loan,163253,36,15.36,5688.04,2023-08-19,0,0
CUST105755,35,Ahmedabad,Salaried,66711,760,Home Loan,1283839,120,9.37,16521.32,2024-11-13,0,0
CUST105756,24,Kolkata,Self-Employed,35000,589,Home Loan,1502135,300,9.44,13061.51,2023-11-26,0,0
CUST105757,50,Lucknow,Salaried,104010,674,Personal Loan,403016,48,16.97,11622.79,2023-08-17,0,0
CUST105758,42,Delhi,Self-Employed,34155,681,Personal Loan,135831,48,14.79,3765.83,2024-06-11,361,1
CUST105759,38,Jaipur,Business Owner,40468,761,Home Loan,1501737,300,10.21,13869.24,2023-05-22,0,0
CUST105760,25,Delhi,Business Owner,35000,720,Home Loan,1137616,120,9.89,14964.47,2023-04-05,0,0
CUST105761,38,Pune,Salaried,34183,633,Personal Loan,66444,36,15.46,2318.3,2024-03-18,0,0
CUST105762,34,Kolkata,Salaried,40927,570,Personal Loan,131475,12,18.21,12066.77,2024-06-06,0,0
CUST105763,34,Bengaluru,Salaried,49621,489,Home Loan,1090123,120,9.33,14004.66,2024-02-16,0,0
CUST105764,38,Pune,Self-Employed,48715,770,Business Loan,114888,12,16.09,10428.78,2024-08-05,0,0
CUST105765,21,Pune,Self-Employed,92869,647,Gold Loan,54949,6,11.0,9454.23,2023-07-13,1,0
CUST105766,34,Hyderabad,Self-Employed,25289,689,Vehicle Loan,192548,48,12.54,5121.73,2024-06-26,0,0
CUST105767,34,Mumbai,Salaried,65982,758,Vehicle Loan,318094,24,12.64,15069.04,2024-10-09,0,0
CUST105768,46,Pune,Salaried,108304,687,Personal Loan,867294,36,18.92,31756.48,2023-03-28,1,0
CUST105769,25,Hyderabad,Salaried,40867,695,Home Loan,1335598,120,9.85,17539.27,2023-11-01,0,0
CUST105770,55,Pune,Salaried,55409,636,Home Loan,2068296,240,10.45,20580.03,2023-11-24,1,0
CUST105771,21,Jaipur,Salaried,25000,700,Business Loan,219381,60,13.27,5021.97,2024-06-22,0,0
CUST105772,52,Jaipur,Self-Employed,55217,768,Personal Loan,262138,24,17.3,12998.51,2024-05-22,0,0
CUST105773,46,Chennai,Salaried,48429,793,Home Loan,1509418,300,11.14,14947.03,2023-04-15,1,0
CUST105774,60,Kolkata,Self-Employed,42536,641,Home Loan,1332515,240,9.87,12744.5,2023-07-03,0,0
CUST105775,41,Kolkata,Salaried,47754,708,Business Loan,518559,36,12.06,17238.44,2024-02-18,255,1
CUST105776,25,Ahmedabad,Salaried,105554,765,Personal Loan,784152,48,18.98,23437.96,2024-08-01,0,0
CUST105777,58,Bengaluru,Self-Employed,30944,764,Personal Loan,146695,36,14.12,5022.24,2024-04-25,0,0
CUST105778,21,Delhi,Salaried,76716,634,Home Loan,1920334,240,10.28,18889.28,2023-01-04,0,0
CUST105779,45,Kolkata,Self-Employed,56449,662,Gold Loan,183101,12,12.88,16343.78,2023-08-26,0,0
CUST105780,31,Mumbai,Self-Employed,27151,871,Vehicle Loan,181951,48,13.97,4969.34,2023-03-17,0,0
CUST105781,47,Delhi,Business Owner,68162,519,Business Loan,364134,36,15.82,12769.54,2024-10-12,354,1
CUST105782,37,Hyderabad,Salaried,35964,805,Business Loan,320628,36,15.94,11262.83,2024-07-05,339,1
CUST105783,45,Chennai,Salaried,43055,764,Business Loan,361836,24,14.41,17442.96,2023-07-12,0,0
CUST105784,47,Lucknow,Salaried,34568,844,Personal Loan,151818,12,11.76,13471.81,2023-02-07,0,0
CUST105785,32,Hyderabad,Salaried,53166,675,Vehicle Loan,209142,24,11.0,9747.66,2023-08-28,0,0
CUST105786,52,Delhi,Salaried,43640,723,Business Loan,528369,60,15.26,12642.09,2024-09-24,0,0
CUST105787,31,Mumbai,Salaried,40203,664,Home Loan,1213929,120,11.49,17060.34,2024-10-14,0,0
CUST105788,45,Mumbai,Business Owner,75157,510,Business Loan,316065,24,13.18,15053.04,2023-01-09,0,0
CUST105789,21,Chennai,Business Owner,91959,517,Home Loan,1741393,180,10.05,18766.4,2024-10-17,180,1
CUST105790,38,Ahmedabad,Salaried,81855,533,Home Loan,1554984,120,10.23,20747.79,2023-09-27,0,0
CUST105791,31,Delhi,Self-Employed,39584,655,Gold Loan,96802,18,12.13,5909.03,2024-01-23,0,0
CUST105792,24,Jaipur,Self-Employed,80646,640,Personal Loan,135151,24,15.46,6582.6,2023-07-05,0,0
CUST105793,28,Mumbai,Salaried,49765,549,Personal Loan,126268,48,16.24,3594.01,2023-08-31,0,0
CUST105794,42,Kolkata,Salaried,30175,747,Business Loan,403175,60,11.46,8858.78,2023-10-27,0,0
CUST105795,30,Lucknow,Business Owner,34107,683,Personal Loan,429853,48,16.82,12363.43,2024-06-11,0,0
CUST105796,43,Chennai,Salaried,22795,691,Personal Loan,51556,12,17.23,4707.78,2024-04-04,30,0
CUST105797,21,Chennai,Self-Employed,75057,625,Home Loan,1919179,240,11.08,19914.14,2024-07-10,0,0
CUST105798,39,Lucknow,Self-Employed,47201,484,Gold Loan,333439,24,11.09,15554.81,2023-11-03,0,0
CUST105799,50,Pune,Self-Employed,85239,610,Personal Loan,541362,36,17.95,19557.96,2023-02-16,312,1
CUST105800,35,Chennai,Salaried,119300,738,Gold Loan,127791,12,11.42,11319.43,2024-07-17,0,0
CUST105801,22,Bengaluru,Salaried,59111,731,Personal Loan,105381,12,17.77,9649.8,2024-02-07,0,0
CUST105802,33,Delhi,Self-Employed,73556,759,Vehicle Loan,1173782,60,11.0,25520.86,2024-05-30,0,0
CUST105803,30,Delhi,Self-Employed,64861,659,Home Loan,1832615,300,10.81,17710.53,2023-12-26,0,0
CUST105804,40,Lucknow,Business Owner,44739,621,Gold Loan,211445,18,12.66,12959.27,2023-02-04,0,0
CUST105805,29,Ahmedabad,Self-Employed,167037,900,Business Loan,600622,36,14.54,20685.72,2023-07-27,0,0
CUST105806,46,Pune,Salaried,33821,554,Personal Loan,253579,48,13.54,6871.05,2023-03-14,0,0
CUST105807,37,Chennai,Salaried,60153,643,Gold Loan,76273,6,11.54,13143.45,2023-07-12,0,0
CUST105808,37,Hyderabad,Self-Employed,146341,726,Business Loan,353557,12,11.07,31259.5,2024-10-24,0,0
CUST105809,26,Pune,Self-Employed,98251,546,Gold Loan,85400,6,10.18,14658.92,2024-02-27,266,1
CUST105810,45,Ahmedabad,Salaried,100388,744,Personal Loan,601072,24,18.7,30211.67,2023-09-05,0,0
CUST105811,31,Hyderabad,Salaried,56113,798,Personal Loan,557718,48,13.83,15192.95,2023-02-01,0,0
CUST105812,21,Pune,Salaried,112808,719,Business Loan,1419816,60,17.08,35347.19,2024-07-09,0,0
CUST105813,33,Bengaluru,Business Owner,23000,633,Gold Loan,50981,18,12.08,3110.82,2023-03-09,0,0
CUST105814,32,Mumbai,Self-Employed,84158,784,Business Loan,263171,12,12.26,23414.45,2023-11-28,0,0
CUST105815,37,Pune,Self-Employed,29271,754,Personal Loan,91670,48,13.4,2477.51,2024-08-16,285,1
CUST105816,28,Kolkata,Salaried,39621,576,Personal Loan,351411,36,17.53,12621.65,2023-12-28,0,0
CUST105817,46,Chennai,Self-Employed,15553,757,Gold Loan,53608,24,11.9,2521.01,2023-05-02,1,0
CUST105818,46,Delhi,Salaried,75185,695,Home Loan,1507937,240,10.64,15197.01,2023-04-18,0,0
CUST105819,37,Kolkata,Salaried,183006,754,Home Loan,5165280,240,10.76,52474.35,2023-06-20,0,0
CUST105820,29,Mumbai,Salaried,38306,537,Business Loan,189625,24,14.58,9156.49,2024-07-02,0,0
CUST105821,49,Pune,Salaried,48240,546,Business Loan,228895,24,13.09,10891.76,2024-11-15,0,0
CUST105822,26,Lucknow,Self-Employed,45554,683,Personal Loan,258023,36,17.07,9208.22,2023-12-11,251,1
CUST105823,43,Mumbai,Self-Employed,59188,591,Home Loan,2023017,300,8.68,16536.0,2024-06-08,136,1
CUST105824,36,Ahmedabad,Salaried,35000,690,Home Loan,961394,180,10.13,10407.78,2024-10-28,320,1
CUST105825,44,Lucknow,Business Owner,54829,574,Business Loan,266092,12,17.26,24301.7,2023-11-20,0,0
CUST105826,48,Delhi,Salaried,42566,612,Personal Loan,125690,12,15.9,11398.01,2024-03-30,0,0
CUST105827,40,Jaipur,Business Owner,28273,771,Vehicle Loan,298345,36,11.09,9780.15,2024-11-18,30,0
CUST105828,30,Pune,Self-Employed,48383,612,Personal Loan,67829,36,13.43,2299.5,2024-02-02,0,0
CUST105829,58,Chennai,Business Owner,97047,607,Personal Loan,720507,48,18.82,21474.87,2024-10-22,0,0
CUST105830,39,Kolkata,Self-Employed,52220,712,Personal Loan,96764,12,18.98,8916.52,2024-08-30,0,0
CUST105831,44,Kolkata,Business Owner,37135,651,Home Loan,613782,120,10.43,8258.03,2023-03-09,0,0
CUST105832,45,Pune,Business Owner,81744,733,Business Loan,992318,60,17.39,24870.23,2024-06-08,0,0
CUST105833,37,Kolkata,Salaried,50333,663,Personal Loan,254520,24,11.66,11940.77,2023-03-30,0,0
CUST105834,48,Ahmedabad,Salaried,33459,574,Vehicle Loan,157741,24,13.11,7507.45,2023-11-05,0,0
CUST105835,28,Kolkata,Self-Employed,59727,712,Business Loan,507749,24,11.64,23816.24,2024-07-21,0,0
CUST105836,35,Bengaluru,Self-Employed,31717,792,Gold Loan,89467,18,12.47,5475.43,2023-06-16,290,1
CUST105837,35,Mumbai,Salaried,42735,527,Gold Loan,64953,18,10.79,3924.56,2023-05-27,7,0
CUST105838,54,Chennai,Salaried,39678,651,Gold Loan,116504,18,10.54,7025.89,2024-05-20,0,0
CUST105839,31,Delhi,Self-Employed,85658,625,Vehicle Loan,864828,60,13.33,19823.9,2024-04-06,0,0
CUST105840,48,Ahmedabad,Self-Employed,82686,728,Business Loan,446136,36,12.63,14952.7,2024-10-14,176,1
CUST105841,36,Pune,Salaried,51595,876,Vehicle Loan,424359,36,10.74,13840.78,2023-04-24,0,0
CUST105842,51,Pune,Salaried,88665,807,Vehicle Loan,590276,36,13.43,20011.21,2023-09-03,0,0
CUST105843,31,Jaipur,Salaried,76529,721,Personal Loan,447740,36,18.02,16191.37,2024-07-01,0,0
CUST105844,22,Mumbai,Salaried,107142,630,Personal Loan,369145,36,18.07,13358.44,2024-09-22,229,1
CUST105845,36,Kolkata,Business Owner,30732,841,Personal Loan,103211,12,14.86,9308.83,2024-08-15,258,1
CUST105846,36,Hyderabad,Salaried,39977,476,Personal Loan,568268,48,12.28,15042.92,2024-05-02,0,0
CUST105847,38,Lucknow,Salaried,40369,729,Personal Loan,79868,24,12.51,3778.71,2023-08-07,0,0
CUST105848,28,Ahmedabad,Salaried,25000,615,Business Loan,168284,24,16.43,8274.33,2024-10-07,0,0
CUST105849,37,Lucknow,Salaried,72025,781,Gold Loan,70943,24,12.75,3364.43,2024-07-14,201,1
CUST105850,47,Lucknow,Self-Employed,49060,736,Personal Loan,608780,36,11.54,20086.72,2023-05-22,0,0
CUST105851,47,Delhi,Self-Employed,79400,524,Personal Loan,97617,12,14.08,8768.42,2023-06-16,0,0
CUST105852,30,Ahmedabad,Salaried,116431,626,Personal Loan,191671,12,16.33,17420.42,2023-03-30,0,0
CUST105853,22,Hyderabad,Salaried,98264,627,Personal Loan,891182,48,13.15,23974.58,2024-10-13,0,0
CUST105854,22,Lucknow,Salaried,35000,742,Home Loan,1041024,120,9.84,13665.14,2024-04-29,0,0
CUST105855,45,Bengaluru,Business Owner,34202,627,Business Loan,79365,12,17.07,7241.1,2024-10-09,324,1
CUST105856,55,Hyderabad,Salaried,55719,900,Home Loan,1543617,240,11.07,16006.64,2024-10-05,1,0
CUST105857,39,Chennai,Self-Employed,43867,767,Home Loan,870878,240,10.87,8912.18,2023-06-10,0,0
CUST105858,33,Bengaluru,Self-Employed,18304,596,Gold Loan,80215,18,12.33,4903.98,2023-01-30,0,0
CUST105859,26,Jaipur,Salaried,35000,754,Home Loan,1070358,120,9.3,13733.23,2023-01-12,0,0
CUST105860,34,Kolkata,Self-Employed,49117,705,Gold Loan,110741,6,9.97,18997.24,2024-05-06,0,0
CUST105861,41,Kolkata,Salaried,43423,645,Vehicle Loan,518490,60,13.67,11975.83,2023-11-30,0,0
CUST105862,53,Chennai,Salaried,72730,698,Gold Loan,68792,18,10.07,4133.66,2023-07-29,0,0
CUST105863,36,Ahmedabad,Self-Employed,20000,676,Personal Loan,50715,12,11.87,4502.88,2024-07-12,0,0
CUST105864,51,Chennai,Salaried,26351,425,Vehicle Loan,212270,24,10.02,9797.14,2024-09-25,0,0
CUST105865,25,Bengaluru,Salaried,26469,847,Personal Loan,176973,36,14.39,6082.09,2023-10-31,0,0
CUST105866,38,Lucknow,Business Owner,115776,701,Home Loan,2138122,120,11.06,29525.3,2024-06-29,114,1
CUST105867,46,Ahmedabad,Self-Employed,41573,672,Business Loan,302082,24,13.0,14361.53,2024-10-11,0,0
CUST105868,23,Lucknow,Salaried,50913,652,Business Loan,654236,60,17.74,16520.9,2023-10-23,109,1
CUST105869,30,Hyderabad,Self-Employed,79164,751,Personal Loan,481887,36,18.0,17421.37,2023-11-25,0,0
CUST105870,43,Pune,Self-Employed,22992,631,Personal Loan,89174,24,16.73,4397.4,2023-06-06,0,0
CUST105871,54,Lucknow,Salaried,59131,724,Gold Loan,53175,18,11.6,3232.85,2023-02-05,0,0
CUST105872,53,Jaipur,Salaried,47825,654,Personal Loan,107544,12,15.8,9747.38,2024-10-23,0,0
CUST105873,48,Mumbai,Salaried,129563,681,Personal Loan,356357,12,18.71,32791.34,2024-07-23,0,0
CUST105874,22,Lucknow,Salaried,59803,521,Home Loan,1880278,120,9.36,24186.44,2024-08-26,0,0
CUST105875,38,Ahmedabad,Business Owner,92819,664,Business Loan,925905,60,13.35,21233.45,2023-02-25,0,0
CUST105876,52,Jaipur,Salaried,56141,449,Home Loan,1514351,180,10.92,17136.07,2024-03-13,0,0
CUST105877,21,Jaipur,Salaried,41310,663,Personal Loan,123831,36,14.31,4250.92,2023-04-01,0,0
CUST105878,29,Bengaluru,Salaried,24123,591,Gold Loan,108514,24,9.77,4995.86,2024-07-30,0,0
CUST105879,48,Chennai,Salaried,35000,900,Home Loan,722724,120,8.77,9065.44,2023-04-07,0,0
CUST105880,23,Delhi,Salaried,23646,738,Personal Loan,152244,48,12.44,4042.14,2024-07-13,0,0
CUST105881,29,Jaipur,Salaried,42043,732,Business Loan,300352,24,13.37,14331.54,2023-05-08,0,0
CUST105882,26,Ahmedabad,Salaried,39517,572,Business Loan,256968,36,17.12,9176.96,2023-10-09,0,0
CUST105883,21,Chennai,Business Owner,40941,703,Business Loan,152898,12,13.48,13690.89,2023-04-10,0,0
CUST105884,32,Jaipur,Salaried,202955,819,Business Loan,392034,12,16.86,35729.32,2024-06-15,0,0
CUST105885,24,Kolkata,Salaried,71836,728,Vehicle Loan,390457,48,13.89,10648.28,2024-10-09,0,0
CUST105886,31,Hyderabad,Salaried,82794,631,Personal Loan,199653,12,13.89,17915.94,2023-10-06,30,0
CUST105887,33,Hyderabad,Business Owner,76850,714,Business Loan,309091,36,14.08,10576.01,2023-08-15,0,0
CUST105888,36,Delhi,Salaried,52250,690,Personal Loan,153030,12,17.8,14015.23,2024-04-04,0,0
CUST105889,29,Jaipur,Self-Employed,58211,716,Personal Loan,109565,12,18.54,10073.1,2023-07-21,0,0
CUST105890,40,Jaipur,Salaried,53984,843,Home Loan,1617215,240,9.23,14790.58,2024-04-29,0,0
CUST105891,41,Kolkata,Salaried,38315,804,Business Loan,301274,36,15.61,10533.98,2023-09-16,144,1
CUST105892,35,Lucknow,Salaried,20765,533,Vehicle Loan,188208,48,10.45,4814.22,2024-11-17,204,1
CUST105893,30,Ahmedabad,Business Owner,61699,695,Home Loan,1463093,180,9.12,14944.29,2024-01-29,348,1
CUST105894,34,Hyderabad,Self-Employed,26678,833,Personal Loan,91894,36,13.98,3139.83,2024-06-11,0,0
CUST105895,32,Ahmedabad,Salaried,97607,755,Gold Loan,210755,6,11.46,36309.21,2024-03-15,0,0
CUST105896,53,Bengaluru,Business Owner,41911,508,Home Loan,1518104,300,8.55,12275.38,2024-10-05,0,0
CUST105897,52,Mumbai,Self-Employed,63452,607,Home Loan,1540938,180,9.24,15849.98,2024-01-11,230,1
CUST105898,50,Ahmedabad,Salaried,48303,779,Vehicle Loan,214134,48,9.57,5386.88,2024-11-07,0,0
CUST105899,50,Ahmedabad,Salaried,48167,658,Business Loan,280025,24,17.01,13846.42,2024-07-22,0,0
CUST105900,36,Kolkata,Self-Employed,107992,725,Personal Loan,362790,12,11.85,32208.0,2023-10-14,0,0
CUST105901,31,Pune,Self-Employed,81736,499,Home Loan,1745572,240,10.44,17357.14,2024-06-17,274,1
CUST105902,43,Delhi,Self-Employed,139475,747,Business Loan,716054,24,13.12,34082.89,2023-12-10,0,0
CUST105903,34,Lucknow,Salaried,36790,630,Gold Loan,117487,12,12.95,10490.86,2024-04-08,0,0
CUST105904,41,Mumbai,Salaried,35058,650,Personal Loan,421629,48,12.42,11190.25,2024-06-09,228,1
CUST105905,38,Hyderabad,Self-Employed,80112,776,Gold Loan,130785,6,10.24,22453.13,2024-01-20,0,0
CUST105906,35,Jaipur,Salaried,46611,876,Home Loan,1515636,180,10.47,16725.65,2023-03-05,0,0
CUST105907,32,Mumbai,Self-Employed,61850,428,Personal Loan,505614,48,12.44,13424.25,2023-05-06,30,0
CUST105908,39,Lucknow,Salaried,38083,690,Home Loan,1137163,180,10.74,12739.91,2024-06-15,0,0
CUST105909,35,Pune,Salaried,25898,682,Personal Loan,78451,12,15.1,7084.56,2023-05-25,15,0
CUST105910,21,Mumbai,Self-Employed,56449,647,Gold Loan,241714,12,11.5,21419.5,2024-07-14,0,0
CUST105911,43,Ahmedabad,Salaried,72313,444,Personal Loan,75837,24,12.33,3581.61,2024-04-04,0,0
CUST105912,43,Hyderabad,Salaried,66701,657,Vehicle Loan,399682,36,12.23,13319.11,2024-01-04,0,0
CUST105913,49,Kolkata,Business Owner,20613,802,Personal Loan,62879,12,17.03,5735.76,2024-02-04,0,0
CUST105914,44,Ahmedabad,Self-Employed,65597,658,Gold Loan,58217,6,11.35,10026.56,2023-05-06,216,1
CUST105915,30,Hyderabad,Self-Employed,92745,660,Home Loan,2461627,180,10.39,27043.17,2024-07-24,124,1
CUST105916,23,Pune,Salaried,41291,693,Personal Loan,102993,12,18.02,9443.38,2024-10-31,0,0
CUST105917,35,Kolkata,Self-Employed,65994,827,Business Loan,401493,36,17.83,14480.72,2023-05-22,0,0
CUST105918,35,Chennai,Business Owner,36797,670,Personal Loan,385866,36,12.27,12866.09,2023-09-16,0,0
CUST105919,46,Pune,Salaried,44930,781,Gold Loan,109867,18,9.23,6559.41,2024-06-19,30,0
CUST105920,40,Ahmedabad,Salaried,41242,764,Personal Loan,209110,48,18.53,6200.67,2024-03-27,0,0
CUST105921,54,Chennai,Salaried,34557,488,Vehicle Loan,250453,36,11.14,8216.12,2024-04-02,0,0
CUST105922,28,Chennai,Self-Employed,21717,614,Personal Loan,60181,36,16.19,2121.43,2023-03-07,0,0
CUST105923,37,Bengaluru,Salaried,64710,762,Personal Loan,127721,24,18.2,6388.71,2023-07-03,0,0
CUST105924,21,Chennai,Self-Employed,42316,733,Personal Loan,102126,24,16.64,5031.69,2023-05-05,0,0
CUST105925,37,Lucknow,Salaried,145195,627,Personal Loan,404502,12,11.72,35886.55,2023-07-22,0,0
CUST105926,39,Ahmedabad,Salaried,59380,747,Business Loan,272177,24,15.61,13275.97,2023-05-22,90,1
CUST105927,46,Chennai,Salaried,44773,613,Home Loan,1403176,180,9.29,14475.03,2024-08-25,0,0
CUST105928,33,Mumbai,Self-Employed,35000,670,Home Loan,1426495,240,8.91,12752.09,2023-01-21,0,0
CUST105929,27,Bengaluru,Self-Employed,84828,871,Personal Loan,170275,48,14.37,4684.68,2024-01-18,0,0
CUST105930,36,Pune,Salaried,46919,655,Gold Loan,79785,18,12.27,4875.47,2024-11-29,0,0
CUST105931,43,Bengaluru,Self-Employed,89063,655,Business Loan,300863,36,14.35,10334.0,2023-06-13,135,1
CUST105932,44,Delhi,Salaried,31626,860,Gold Loan,141933,24,10.4,6575.72,2024-10-22,1,0
CUST105933,47,Delhi,Business Owner,73137,726,Vehicle Loan,257708,36,10.95,8430.93,2024-09-28,0,0
CUST105934,26,Ahmedabad,Salaried,50808,677,Personal Loan,431520,36,13.46,14635.41,2023-03-21,0,0
CUST105935,60,Kolkata,Salaried,35000,680,Home Loan,894033,240,10.52,8937.86,2023-01-22,0,0
CUST105936,27,Chennai,Business Owner,65201,661,Gold Loan,57548,18,9.55,3444.25,2023-11-26,0,0
CUST105937,36,Mumbai,Self-Employed,72598,627,Home Loan,1640773,300,10.08,15002.35,2024-01-02,30,0
CUST105938,29,Mumbai,Self-Employed,44821,821,Personal Loan,279234,48,18.82,8322.63,2023-10-09,0,0
CUST105939,44,Hyderabad,Self-Employed,61376,540,Gold Loan,178799,18,9.58,10703.6,2024-05-03,0,0
CUST105940,46,Ahmedabad,Salaried,23278,453,Gold Loan,64731,24,9.81,2981.33,2023-09-08,1,0
CUST105941,42,Delhi,Self-Employed,35979,582,Vehicle Loan,339951,60,12.2,7596.42,2023-06-17,0,0
CUST105942,34,Delhi,Salaried,87805,761,Gold Loan,466172,18,9.92,27979.76,2024-07-19,130,1
CUST105943,51,Kolkata,Business Owner,82444,670,Home Loan,1739074,120,10.6,23563.68,2023-12-12,0,0
CUST105944,53,Jaipur,Self-Employed,57845,620,Home Loan,1438378,180,9.91,15377.78,2024-06-27,150,1
CUST105945,44,Kolkata,Self-Employed,27796,675,Business Loan,322838,60,17.12,8044.2,2024-01-25,0,0
CUST105946,32,Chennai,Self-Employed,31556,670,Personal Loan,161518,48,16.26,4599.0,2023-05-08,0,0
CUST105947,29,Bengaluru,Business Owner,38676,638,Home Loan,1228418,240,10.01,11862.64,2023-02-14,0,0
CUST105948,26,Hyderabad,Salaried,36401,644,Personal Loan,54266,48,16.66,1556.32,2023-01-29,1,0
CUST105949,27,Lucknow,Salaried,53124,689,Business Loan,466375,36,15.3,16235.64,2023-10-09,282,1
CUST105950,47,Pune,Self-Employed,65496,578,Business Loan,414253,36,16.09,14582.32,2023-07-26,0,0
CUST105951,29,Chennai,Salaried,55168,561,Home Loan,1016562,120,9.42,13109.58,2023-11-09,0,0
CUST105952,34,Lucknow,Business Owner,168654,589,Home Loan,3765241,120,9.3,48309.95,2024-05-21,0,0
CUST105953,33,Chennai,Business Owner,62862,622,Gold Loan,69040,18,9.66,4135.54,2023-08-25,0,0
CUST105954,58,Delhi,Self-Employed,72457,762,Personal Loan,129040,12,12.55,11498.28,2023-02-13,0,0
CUST105955,37,Pune,Salaried,35000,813,Home Loan,1458767,300,10.73,14013.73,2024-10-08,0,0
CUST105956,42,Hyderabad,Self-Employed,92112,632,Home Loan,1808245,300,10.02,16457.04,2024-03-10,0,0
CUST105957,27,Mumbai,Salaried,39933,592,Personal Loan,168000,36,14.07,5747.56,2023-03-12,331,1
CUST105958,38,Ahmedabad,Salaried,62748,622,Business Loan,319331,24,17.49,15863.73,2024-08-22,0,0
CUST105959,36,Hyderabad,Business Owner,26116,874,Personal Loan,62080,24,17.58,3086.7,2023-12-04,7,0
CUST105960,22,Bengaluru,Self-Employed,39583,637,Business Loan,304554,36,11.22,10002.47,2023-07-15,0,0
CUST105961,37,Pune,Self-Employed,24150,678,Personal Loan,121305,24,16.84,5988.27,2024-02-05,305,1
CUST105962,26,Chennai,Self-Employed,46579,658,Vehicle Loan,516494,60,11.7,11410.98,2024-02-22,0,0
CUST105963,28,Hyderabad,Salaried,115792,463,Vehicle Loan,730863,36,9.64,23459.56,2024-04-11,229,1
CUST105964,49,Hyderabad,Business Owner,21643,720,Personal Loan,96374,36,16.91,3431.68,2024-01-27,0,0
CUST105965,23,Jaipur,Salaried,57530,780,Business Loan,228531,12,13.6,20476.15,2023-01-09,0,0
CUST105966,43,Pune,Salaried,40814,651,Home Loan,1354646,180,11.22,15584.52,2023-03-28,0,0
CUST105967,29,Pune,Self-Employed,113219,635,Personal Loan,266062,48,11.88,6990.77,2023-12-28,15,0
CUST105968,50,Chennai,Salaried,46384,528,Gold Loan,70565,6,9.06,12073.56,2023-05-28,0,0
CUST105969,38,Chennai,Business Owner,217978,612,Gold Loan,273313,12,10.57,24101.07,2023-09-28,0,0
CUST105970,54,Mumbai,Salaried,97505,613,Home Loan,2737136,300,8.75,22503.19,2023-03-07,0,0
CUST105971,60,Kolkata,Salaried,98965,851,Personal Loan,531478,48,12.79,14202.89,2023-05-09,0,0
CUST105972,45,Pune,Salaried,26609,664,Business Loan,128648,12,12.67,11470.58,2023-04-18,230,1
CUST105973,49,Bengaluru,Self-Employed,141339,706,Personal Loan,173232,12,12.33,15418.21,2023-12-10,0,0
CUST105974,26,Delhi,Business Owner,58946,665,Personal Loan,61329,24,15.78,2996.42,2023-04-15,0,0
CUST105975,31,Pune,Salaried,37182,599,Home Loan,1015535,120,9.73,13268.99,2023-07-25,0,0
CUST105976,35,Pune,Self-Employed,29994,900,Business Loan,238527,24,13.69,11417.47,2023-07-13,15,0
CUST105977,33,Ahmedabad,Salaried,56741,757,Personal Loan,398300,36,13.53,13522.21,2024-04-04,0,0
CUST105978,58,Bengaluru,Self-Employed,32155,585,Personal Loan,93817,24,17.52,4662.0,2023-05-04,0,0
CUST105979,31,Bengaluru,Self-Employed,38834,549,Home Loan,775030,120,10.03,10254.96,2023-11-25,0,0
CUST105980,47,Jaipur,Self-Employed,50495,612,Personal Loan,592270,48,18.01,17401.03,2023-03-02,0,0
CUST105981,40,Bengaluru,Self-Employed,56684,671,Gold Loan,68119,6,12.46,11769.31,2024-09-10,0,0
CUST105982,34,Pune,Salaried,42315,582,Business Loan,402308,60,13.71,9300.63,2023-01-26,0,0
CUST105983,51,Bengaluru,Salaried,48745,601,Home Loan,1331498,240,10.64,13418.86,2023-02-28,0,0
CUST105984,45,Ahmedabad,Self-Employed,89143,796,Business Loan,484764,36,15.62,16952.06,2023-04-08,0,0
CUST105985,32,Bengaluru,Self-Employed,44311,712,Business Loan,394343,60,12.33,8837.84,2024-02-16,7,0
CUST105986,42,Bengaluru,Salaried,71484,691,Personal Loan,474710,36,13.58,16127.79,2023-03-01,0,0
CUST105987,27,Chennai,Salaried,78685,727,Personal Loan,71978,12,12.03,6396.17,2023-11-27,0,0
CUST105988,37,Mumbai,Salaried,40548,688,Vehicle Loan,481861,48,13.11,12953.45,2024-03-08,0,0
CUST105989,33,Pune,Salaried,58405,574,Personal Loan,601951,36,15.59,21041.17,2023-04-10,0,0
CUST105990,30,Jaipur,Business Owner,107980,651,Home Loan,2048415,120,10.83,28020.16,2024-03-11,0,0
CUST105991,42,Ahmedabad,Business Owner,98277,785,Home Loan,1513585,240,10.16,14767.23,2023-01-19,0,0
CUST105992,52,Bengaluru,Salaried,36464,767,Gold Loan,145203,24,11.55,6804.74,2024-03-30,30,0
CUST105993,32,Kolkata,Self-Employed,69629,716,Personal Loan,190066,12,15.3,17181.95,2024-03-19,0,0
CUST105994,27,Delhi,Salaried,69853,752,Personal Loan,151256,12,18.0,13867.15,2024-02-03,0,0
CUST105995,61,Chennai,Salaried,35522,724,Gold Loan,158562,24,11.87,7454.44,2024-11-15,174,1
CUST105996,33,Ahmedabad,Salaried,39105,620,Home Loan,1515576,240,8.76,13402.98,2023-05-15,0,0
CUST105997,51,Delhi,Salaried,40979,776,Home Loan,954949,180,9.89,10197.76,2023-01-21,0,0
CUST105998,50,Kolkata,Salaried,57719,739,Personal Loan,421166,36,17.9,15205.04,2023-10-27,0,0
CUST105999,26,Delhi,Business Owner,47656,631,Business Loan,315925,36,13.05,10652.37,2023-11-14,0,0
CUST106000,21,Ahmedabad,Business Owner,40754,562,Personal Loan,148967,48,13.79,4055.07,2023-08-02,0,0
CUST106001,55,Mumbai,Self-Employed,58618,628,Gold Loan,310147,24,10.42,14371.91,2024-04-11,111,1
CUST106002,35,Ahmedabad,Salaried,85073,555,Personal Loan,112440,12,17.65,10289.78,2024-05-27,0,0
CUST106003,37,Ahmedabad,Salaried,82409,724,Personal Loan,116650,12,17.15,10647.34,2024-05-12,0,0
CUST106004,33,Mumbai,Salaried,53163,635,Personal Loan,81577,36,13.62,2773.08,2024-08-01,0,0
CUST106005,41,Mumbai,Salaried,121351,736,Business Loan,528467,12,13.41,47302.95,2023-09-07,1,0
CUST106006,30,Lucknow,Salaried,20000,822,Personal Loan,148040,48,18.87,4416.26,2023-10-25,1,0
CUST106007,24,Pune,Self-Employed,119259,749,Gold Loan,713331,24,11.85,33529.02,2024-09-01,0,0
CUST106008,41,Ahmedabad,Salaried,47030,685,Business Loan,403859,60,12.84,9155.99,2023-03-30,7,0
CUST106009,46,Delhi,Salaried,34631,790,Personal Loan,175820,24,14.36,8471.56,2024-07-06,1,0
CUST106010,46,Ahmedabad,Salaried,102529,654,Personal Loan,231507,36,14.82,8004.87,2024-07-17,7,0
CUST106011,43,Bengaluru,Self-Employed,164680,506,Personal Loan,109628,36,15.86,3846.62,2023-05-26,0,0
CUST106012,55,Lucknow,Self-Employed,39348,827,Personal Loan,425115,48,11.68,11128.23,2024-05-15,0,0
CUST106013,42,Chennai,Salaried,82712,708,Gold Loan,284725,12,12.46,25358.78,2024-05-31,0,0
CUST106014,37,Kolkata,Salaried,48723,666,Vehicle Loan,232387,36,13.21,7853.56,2024-08-04,15,0
CUST106015,39,Delhi,Self-Employed,39995,762,Business Loan,105300,12,14.5,9479.37,2024-07-22,0,0
CUST106016,34,Mumbai,Salaried,42852,774,Personal Loan,174501,12,11.95,15500.12,2024-04-21,0,0
CUST106017,32,Delhi,Self-Employed,35000,798,Home Loan,582085,120,10.69,7916.42,2024-10-25,1,0
CUST106018,35,Ahmedabad,Salaried,67286,642,Gold Loan,184210,18,10.23,11082.63,2023-06-22,0,0
CUST106019,43,Pune,Self-Employed,142228,818,Business Loan,505437,24,14.38,24358.32,2024-02-23,0,0
CUST106020,40,Chennai,Business Owner,109668,716,Gold Loan,202439,12,9.39,17740.22,2024-09-15,1,0
CUST106021,29,Chennai,Salaried,39381,626,Home Loan,1213348,180,9.13,12400.59,2023-09-05,0,0
CUST106022,51,Chennai,Salaried,31471,710,Personal Loan,253778,24,12.75,12035.29,2023-07-10,1,0
CUST106023,34,Pune,Salaried,35000,558,Home Loan,772962,300,11.4,7800.46,2024-01-11,0,0
CUST106024,39,Lucknow,Salaried,25000,694,Business Loan,184441,24,15.47,8984.17,2024-09-07,0,0
CUST106025,49,Kolkata,Salaried,69337,762,Personal Loan,506152,36,16.73,17977.76,2023-06-23,247,1
CUST106026,33,Hyderabad,Self-Employed,98061,692,Home Loan,2769887,180,11.32,32041.26,2023-03-09,0,0
CUST106027,33,Pune,Self-Employed,120382,545,Personal Loan,110638,36,18.79,4043.81,2024-08-19,0,0
CUST106028,21,Jaipur,Business Owner,43574,607,Business Loan,212881,12,15.67,19281.65,2023-11-17,0,0
CUST106029,42,Ahmedabad,Salaried,42910,762,Personal Loan,72801,12,13.43,6517.08,2023-01-12,352,1
CUST106030,21,Delhi,Self-Employed,45613,699,Gold Loan,55428,6,10.56,9524.61,2023-02-01,0,0
CUST106031,34,Chennai,Salaried,93783,792,Home Loan,1563417,300,9.81,13997.92,2023-04-01,0,0
CUST106032,35,Ahmedabad,Salaried,25000,809,Business Loan,140614,24,11.45,6583.13,2024-01-22,265,1
CUST106033,51,Mumbai,Salaried,40850,668,Vehicle Loan,450938,36,9.74,14495.52,2024-06-19,0,0
CUST106034,27,Bengaluru,Salaried,35000,723,Home Loan,649415,120,11.22,9026.76,2024-01-07,0,0
CUST106035,42,Jaipur,Business Owner,33541,700,Vehicle Loan,185871,36,11.0,6085.18,2024-04-13,172,1
CUST106036,47,Hyderabad,Self-Employed,22349,701,Personal Loan,54251,12,11.74,4813.54,2023-11-01,0,0
CUST106037,47,Mumbai,Salaried,71408,612,Vehicle Loan,161567,24,12.25,7624.4,2024-02-11,0,0
CUST106038,24,Bengaluru,Self-Employed,124176,566,Personal Loan,960430,48,13.13,25827.94,2024-04-26,0,0
CUST106039,44,Hyderabad,Salaried,65318,798,Vehicle Loan,357905,60,11.95,7952.36,2024-09-07,0,0
CUST106040,39,Lucknow,Salaried,81979,750,Personal Loan,116969,36,16.11,4118.64,2023-04-26,0,0
CUST106041,43,Chennai,Salaried,59867,727,Personal Loan,93438,12,16.89,8517.11,2023-01-19,0,0
CUST106042,26,Kolkata,Self-Employed,42172,566,Personal Loan,115552,36,18.2,4189.08,2023-08-31,0,0
CUST106043,27,Delhi,Salaried,90824,851,Personal Loan,831920,36,11.62,27480.9,2023-01-12,209,1
CUST106044,25,Delhi,Business Owner,24893,591,Personal Loan,78823,12,12.92,7037.3,2024-04-01,0,0
CUST106045,37,Pune,Salaried,57058,798,Personal Loan,394614,36,14.16,13517.66,2024-09-21,0,0
CUST106046,34,Jaipur,Salaried,44850,605,Gold Loan,113661,12,11.66,10080.57,2024-09-09,0,0
CUST106047,62,Delhi,Business Owner,88391,708,Personal Loan,249703,24,14.95,12101.33,2023-04-10,0,0
CUST106048,35,Hyderabad,Salaried,53501,658,Gold Loan,101176,12,11.87,8983.21,2024-05-27,0,0
CUST106049,21,Lucknow,Business Owner,58379,641,Personal Loan,203695,12,12.0,18098.05,2024-05-27,237,1
CUST106050,48,Ahmedabad,Self-Employed,35607,582,Gold Loan,104702,18,12.41,6404.9,2023-10-12,0,0
CUST106051,41,Bengaluru,Salaried,57017,876,Home Loan,1970115,300,11.01,19323.6,2024-11-29,0,0
CUST106052,32,Jaipur,Self-Employed,34754,698,Vehicle Loan,236461,48,10.22,6022.28,2023-04-16,0,0
CUST106053,28,Chennai,Self-Employed,54291,709,Business Loan,238546,12,16.42,21690.92,2024-04-13,0,0
CUST106054,32,Kolkata,Salaried,18714,621,Gold Loan,44294,6,10.09,7601.11,2024-04-28,0,0
CUST106055,40,Pune,Self-Employed,25850,653,Personal Loan,190384,48,18.72,5664.41,2023-12-04,0,0
CUST106056,38,Bengaluru,Salaried,75111,707,Personal Loan,79918,12,13.92,7172.6,2024-10-18,30,0
CUST106057,43,Pune,Salaried,43868,767,Gold Loan,89115,12,10.59,7859.1,2023-10-21,0,0
CUST106058,41,Bengaluru,Salaried,63478,655,Gold Loan,189650,12,10.22,16692.66,2023-03-16,0,0
CUST106059,43,Delhi,Self-Employed,53341,646,Home Loan,1365716,120,10.74,18612.3,2024-07-05,0,0
CUST106060,54,Lucknow,Self-Employed,57492,630,Personal Loan,289267,48,14.22,7936.61,2024-02-26,0,0
CUST106061,30,Mumbai,Salaried,50308,781,Gold Loan,198054,24,12.93,9409.34,2023-05-06,0,0
CUST106062,39,Hyderabad,Self-Employed,25000,582,Business Loan,85321,12,15.34,7714.62,2023-04-04,0,0
CUST106063,39,Hyderabad,Salaried,40852,736,Personal Loan,65804,36,18.83,2406.46,2023-03-30,0,0
CUST106064,51,Lucknow,Business Owner,71227,737,Personal Loan,510883,48,11.54,13338.41,2023-04-26,0,0
CUST106065,53,Chennai,Business Owner,24677,693,Personal Loan,56047,12,14.05,5033.62,2024-09-05,0,0
CUST106066,40,Hyderabad,Business Owner,110126,752,Business Loan,398764,36,14.5,13725.85,2023-09-01,0,0
CUST106067,33,Ahmedabad,Salaried,35486,681,Personal Loan,209331,24,11.99,9852.96,2023-12-13,0,0
CUST106068,28,Hyderabad,Self-Employed,33937,714,Business Loan,149623,24,11.11,6981.25,2023-08-10,0,0
CUST106069,39,Pune,Salaried,25000,698,Business Loan,148398,36,16.89,5282.67,2024-08-09,0,0
CUST106070,35,Lucknow,Self-Employed,31927,606,Business Loan,394410,60,15.83,9555.7,2023-01-05,353,1
CUST106071,34,Ahmedabad,Salaried,325261,662,Personal Loan,981439,36,18.77,35861.62,2024-07-13,0,0
CUST106072,48,Kolkata,Self-Employed,58230,510,Vehicle Loan,374819,36,12.14,12474.43,2024-08-05,0,0
CUST106073,32,Lucknow,Salaried,55155,666,Home Loan,2178408,180,8.96,22043.06,2023-08-10,0,0
CUST106074,34,Bengaluru,Self-Employed,94298,630,Personal Loan,644834,24,16.52,31733.53,2023-10-18,0,0
CUST106075,50,Mumbai,Self-Employed,35000,780,Home Loan,1298985,240,10.1,12621.67,2023-07-31,0,0
CUST106076,42,Ahmedabad,Business Owner,51916,669,Gold Loan,80624,12,12.81,7193.93,2023-08-24,0,0
CUST106077,40,Pune,Salaried,212506,680,Personal Loan,60554,48,17.48,1762.36,2024-07-29,285,1
CUST106078,45,Mumbai,Salaried,70620,779,Home Loan,1880066,240,10.01,18155.5,2023-08-15,1,0
CUST106079,42,Mumbai,Self-Employed,39162,673,Personal Loan,393530,48,15.74,11100.42,2024-01-05,30,0
CUST106080,45,Lucknow,Salaried,21052,764,Personal Loan,93319,48,17.98,2740.27,2024-05-04,0,0
CUST106081,55,Bengaluru,Salaried,75181,840,Home Loan,2185759,180,9.1,22299.64,2023-12-31,0,0
CUST106082,34,Pune,Self-Employed,32696,597,Personal Loan,80958,36,13.98,2766.17,2023-09-27,0,0
CUST106083,31,Lucknow,Salaried,36554,700,Gold Loan,125415,18,9.07,7478.47,2024-08-31,0,0
CUST106084,37,Jaipur,Self-Employed,60209,808,Personal Loan,121262,12,17.79,11105.18,2024-06-26,1,0
CUST106085,52,Ahmedabad,Salaried,41858,806,Personal Loan,83906,36,13.19,2834.81,2023-11-13,0,0
CUST106086,32,Kolkata,Salaried,77203,665,Personal Loan,411354,36,14.48,14155.19,2023-03-26,0,0
CUST106087,32,Mumbai,Salaried,61051,652,Business Loan,512655,24,12.3,24204.34,2023-11-26,30,0
CUST106088,32,Lucknow,Business Owner,20000,682,Personal Loan,122065,24,13.39,5825.58,2023-12-24,316,1
CUST106089,27,Jaipur,Salaried,26411,637,Personal Loan,69641,12,17.23,6359.19,2024-02-05,0,0
CUST106090,25,Lucknow,Salaried,34268,595,Business Loan,92037,12,14.89,8302.33,2024-04-11,0,0
CUST106091,29,Bengaluru,Salaried,72039,716,Business Loan,731967,60,17.55,18408.43,2023-03-31,0,0
CUST106092,41,Delhi,Salaried,40920,611,Gold Loan,57014,12,12.43,5077.1,2023-06-15,0,0
CUST106093,37,Jaipur,Salaried,52582,581,Vehicle Loan,373068,36,13.15,12597.11,2024-05-12,0,0
CUST106094,42,Ahmedabad,Self-Employed,45749,652,Business Loan,397563,36,14.5,13684.51,2023-12-30,30,0
CUST106095,62,Lucknow,Self-Employed,81728,716,Home Loan,2428876,120,10.56,32855.69,2024-07-09,203,1
CUST106096,46,Lucknow,Salaried,28752,598,Personal Loan,54335,12,16.61,4945.56,2023-08-29,0,0
CUST106097,51,Bengaluru,Salaried,72830,831,Home Loan,2525453,240,9.54,23606.54,2023-05-05,0,0
CUST106098,27,Lucknow,Salaried,36297,725,Gold Loan,140924,24,11.22,6582.57,2023-03-15,0,0
CUST106099,28,Pune,Salaried,53650,651,Gold Loan,74158,6,10.06,12724.84,2023-03-30,0,0
CUST106100,23,Hyderabad,Salaried,85247,657,Home Loan,1801376,120,10.79,24600.31,2023-07-03,282,1
CUST106101,28,Bengaluru,Self-Employed,96460,588,Home Loan,1525412,300,9.01,12811.65,2023-12-25,0,0
CUST106102,37,Kolkata,Salaried,25000,362,Business Loan,108298,12,12.52,9648.51,2024-07-17,0,0
CUST106103,58,Hyderabad,Self-Employed,38368,766,Personal Loan,88792,12,15.56,8037.7,2023-02-17,1,0
CUST106104,29,Lucknow,Salaried,57011,660,Vehicle Loan,200188,48,12.28,5299.28,2024-09-20,0,0
CUST106105,55,Lucknow,Salaried,42650,525,Personal Loan,120736,36,16.59,4279.97,2024-04-24,15,0
CUST106106,47,Mumbai,Salaried,24800,714,Personal Loan,82380,48,12.08,2172.62,2024-03-18,0,0
CUST106107,42,Kolkata,Self-Employed,37925,704,Business Loan,426652,60,11.71,9428.23,2023-02-16,0,0
CUST106108,42,Chennai,Salaried,71929,718,Gold Loan,96919,12,12.76,8645.63,2024-08-31,0,0
CUST106109,30,Ahmedabad,Salaried,35000,713,Home Loan,822830,180,10.4,9044.61,2023-04-28,0,0
CUST106110,45,Delhi,Salaried,25000,720,Business Loan,479238,60,11.52,10544.51,2024-09-19,326,1
CUST106111,32,Kolkata,Salaried,35000,623,Home Loan,946676,120,10.77,12917.52,2023-10-24,0,0
CUST106112,26,Mumbai,Business Owner,36233,711,Personal Loan,217406,36,18.22,7883.76,2023-02-20,0,0
CUST106113,26,Bengaluru,Salaried,78381,653,Home Loan,1700365,300,9.23,14538.16,2023-02-22,340,1
CUST106114,21,Jaipur,Self-Employed,29026,671,Business Loan,288158,60,14.64,6800.93,2023-04-18,0,0
CUST106115,21,Hyderabad,Salaried,76640,735,Home Loan,1511308,120,10.71,20570.95,2024-07-03,0,0
CUST106116,32,Chennai,Self-Employed,58463,649,Personal Loan,51194,12,16.65,4660.64,2024-02-21,0,0
CUST106117,27,Delhi,Business Owner,91265,670,Personal Loan,720354,36,11.65,23805.82,2024-05-25,0,0
CUST106118,37,Delhi,Salaried,20000,761,Personal Loan,76728,36,14.6,2644.8,2024-08-19,0,0
CUST106119,32,Lucknow,Self-Employed,34784,634,Personal Loan,338023,48,14.02,9240.37,2023-03-20,0,0
CUST106120,35,Ahmedabad,Salaried,93098,588,Personal Loan,394556,12,16.09,35815.21,2023-08-03,0,0
CUST106121,31,Mumbai,Salaried,22051,650,Personal Loan,209574,36,17.18,7490.67,2024-09-08,0,0
CUST106122,34,Lucknow,Salaried,77517,865,Business Loan,323105,24,15.54,15749.3,2024-02-02,122,1
CUST106123,33,Mumbai,Salaried,62550,759,Gold Loan,50216,6,10.82,8635.43,2023-10-09,0,0
CUST106124,49,Delhi,Salaried,35000,571,Home Loan,1506827,300,9.97,13660.69,2024-07-24,0,0
CUST106125,52,Hyderabad,Self-Employed,49163,490,Personal Loan,230049,36,14.23,7888.25,2023-09-19,0,0
CUST106126,35,Bengaluru,Salaried,36535,764,Home Loan,1550005,240,8.71,13658.03,2023-07-09,0,0
CUST106127,46,Delhi,Self-Employed,35000,636,Home Loan,1323759,180,9.83,14087.83,2023-02-01,0,0
CUST106128,47,Ahmedabad,Self-Employed,41917,729,Gold Loan,69127,6,11.88,11923.65,2024-08-25,1,0
CUST106129,36,Pune,Self-Employed,25081,890,Personal Loan,249958,36,12.0,8302.18,2024-01-26,0,0
CUST106130,30,Kolkata,Salaried,66989,796,Gold Loan,83344,18,9.66,4992.36,2023-10-10,0,0
CUST106131,44,Jaipur,Self-Employed,32802,615,Personal Loan,74572,36,18.96,2732.0,2024-08-10,7,0
CUST106132,49,Chennai,Self-Employed,79901,583,Home Loan,3113111,300,11.24,31053.67,2024-07-03,0,0
CUST106133,23,Delhi,Salaried,43760,744,Gold Loan,117437,12,9.03,10271.67,2024-07-05,0,0
CUST106134,31,Lucknow,Salaried,53412,808,Business Loan,364646,24,14.29,17557.7,2023-11-27,30,0
CUST106135,40,Kolkata,Self-Employed,51681,691,Gold Loan,55460,6,12.74,9589.82,2024-10-02,345,1
CUST106136,61,Jaipur,Salaried,89247,638,Personal Loan,721212,24,16.03,35323.12,2024-03-18,240,1
CUST106137,56,Chennai,Self-Employed,118299,681,Business Loan,471713,12,14.49,42462.58,2024-02-16,0,0
CUST106138,37,Bengaluru,Self-Employed,58945,531,Personal Loan,447404,24,12.14,21090.12,2023-10-11,0,0
CUST106139,41,Kolkata,Self-Employed,58431,629,Personal Loan,146754,12,17.4,13412.54,2023-08-06,0,0
CUST106140,21,Ahmedabad,Self-Employed,72623,719,Personal Loan,220307,24,14.44,10623.43,2024-10-20,0,0
CUST106141,29,Ahmedabad,Salaried,35000,664,Home Loan,1217784,240,10.41,12084.58,2023-06-04,0,0
CUST106142,28,Chennai,Self-Employed,39492,632,Business Loan,251414,24,12.85,11934.97,2023-06-13,0,0
CUST106143,37,Delhi,Salaried,32439,701,Vehicle Loan,158991,24,13.71,7611.85,2024-07-01,1,0
CUST106144,48,Kolkata,Salaried,75068,613,Gold Loan,193609,24,11.06,9029.09,2023-02-21,0,0
CUST106145,45,Ahmedabad,Self-Employed,58836,549,Business Loan,354666,24,11.1,16546.69,2024-05-21,231,1
CUST106146,33,Bengaluru,Salaried,29914,761,Business Loan,282239,24,12.71,13379.74,2023-02-27,233,1
CUST106147,44,Kolkata,Self-Employed,51126,900,Personal Loan,79039,24,18.67,3971.59,2024-07-09,0,0
CUST106148,28,Jaipur,Business Owner,52107,582,Business Loan,194175,12,17.38,17744.72,2023-11-24,0,0
CUST106149,29,Ahmedabad,Salaried,40748,692,Gold Loan,77352,12,11.08,6839.38,2024-11-09,0,0
CUST106150,43,Chennai,Salaried,35000,432,Home Loan,667807,120,9.95,8806.64,2023-01-08,0,0
CUST106151,44,Bengaluru,Self-Employed,70994,699,Home Loan,3375752,300,9.32,29072.55,2023-10-06,0,0
CUST106152,27,Ahmedabad,Business Owner,160293,614,Business Loan,595272,24,11.44,27866.1,2023-12-29,0,0
CUST106153,31,Mumbai,Business Owner,61231,682,Gold Loan,219896,24,9.78,10124.77,2023-03-27,200,1
CUST106154,42,Pune,Self-Employed,61180,631,Gold Loan,201941,18,10.63,12186.65,2024-01-13,15,0
CUST106155,26,Delhi,Salaried,40828,890,Gold Loan,52591,6,11.35,9057.61,2024-11-08,0,0
CUST106156,32,Kolkata,Business Owner,59822,480,Business Loan,725550,60,15.49,17447.96,2023-10-07,189,1
CUST106157,35,Pune,Self-Employed,73833,839,Personal Loan,202795,12,16.4,18438.17,2024-08-25,0,0
CUST106158,40,Lucknow,Business Owner,54670,697,Home Loan,889588,120,10.84,12173.65,2023-10-06,0,0
CUST106159,56,Bengaluru,Salaried,25985,736,Vehicle Loan,153067,24,13.38,7304.43,2023-06-10,168,1
CUST106160,30,Kolkata,Self-Employed,37903,781,Personal Loan,122022,24,16.72,6016.64,2024-01-18,0,0
CUST106161,44,Jaipur,Business Owner,29469,639,Business Loan,316950,60,15.43,7611.95,2024-01-07,0,0
CUST106162,29,Jaipur,Self-Employed,35000,537,Home Loan,1257789,240,10.27,12363.79,2024-11-01,0,0
CUST106163,36,Hyderabad,Salaried,42514,753,Business Loan,152873,12,17.11,13950.73,2024-10-25,0,0
CUST106164,39,Jaipur,Salaried,87962,838,Vehicle Loan,154571,24,10.6,7175.55,2023-03-26,1,0
CUST106165,45,Hyderabad,Business Owner,45093,637,Personal Loan,248231,24,14.36,11960.55,2024-01-22,320,1
CUST106166,50,Chennai,Salaried,46308,569,Home Loan,1711603,180,8.74,17096.49,2023-04-20,0,0
CUST106167,42,Jaipur,Self-Employed,54074,644,Personal Loan,52666,36,15.51,1838.86,2023-12-21,0,0
CUST106168,21,Hyderabad,Business Owner,62085,751,Home Loan,1464046,180,11.29,16907.88,2024-02-29,0,0
CUST106169,37,Jaipur,Salaried,52571,663,Home Loan,1559320,120,9.23,19947.43,2023-06-24,0,0
CUST106170,35,Mumbai,Salaried,97495,780,Business Loan,330452,12,13.93,29659.45,2023-06-30,0,0
CUST106171,43,Delhi,Salaried,35891,586,Home Loan,990227,240,9.14,8998.68,2023-03-01,0,0
CUST106172,51,Hyderabad,Self-Employed,43354,627,Vehicle Loan,250056,60,13.01,5690.82,2023-12-15,275,1
CUST106173,40,Pune,Salaried,56624,787,Home Loan,1756161,120,9.26,22494.17,2023-07-16,0,0
CUST106174,25,Mumbai,Business Owner,50025,699,Business Loan,358180,60,15.74,8660.84,2024-07-30,0,0
CUST106175,54,Jaipur,Salaried,125178,596,Gold Loan,149466,6,12.74,25844.8,2023-06-28,275,1
CUST106176,38,Pune,Business Owner,85228,606,Vehicle Loan,347263,24,12.24,16385.82,2024-08-26,0,0
CUST106177,27,Pune,Self-Employed,49535,733,Business Loan,533636,36,14.27,18308.47,2024-09-01,0,0
CUST106178,32,Hyderabad,Salaried,220259,799,Personal Loan,694800,12,17.45,63517.53,2024-02-24,1,0
CUST106179,40,Bengaluru,Salaried,75574,719,Personal Loan,356049,24,14.19,17126.91,2023-02-26,0,0
CUST106180,30,Pune,Self-Employed,57177,674,Business Loan,315903,36,16.97,11258.09,2024-02-09,0,0
CUST106181,47,Jaipur,Salaried,38463,763,Personal Loan,121702,12,12.74,10855.25,2024-04-13,15,0
CUST106182,31,Jaipur,Self-Employed,66768,698,Home Loan,989122,120,11.02,13636.36,2023-02-20,0,0
CUST106183,21,Delhi,Self-Employed,20000,714,Personal Loan,119277,48,18.82,3555.08,2023-01-28,0,0
CUST106184,30,Kolkata,Self-Employed,28533,572,Business Loan,253914,36,15.34,8844.35,2023-05-03,0,0
CUST106185,29,Pune,Salaried,95954,486,Personal Loan,206065,12,15.13,18611.72,2024-10-01,0,0
CUST106186,21,Lucknow,Salaried,24593,649,Personal Loan,50869,12,16.71,4632.5,2024-08-18,0,0
CUST106187,23,Bengaluru,Salaried,35000,748,Home Loan,1255212,300,10.4,11761.95,2024-03-10,0,0
CUST106188,47,Ahmedabad,Self-Employed,32081,711,Personal Loan,173518,48,15.38,4862.63,2023-01-26,0,0
CUST106189,28,Delhi,Salaried,49063,676,Personal Loan,258031,24,12.56,12214.0,2023-12-17,0,0
CUST106190,40,Ahmedabad,Salaried,30023,725,Personal Loan,80916,12,13.31,7238.97,2024-09-04,30,0
CUST106191,51,Lucknow,Self-Employed,89853,697,Home Loan,2395957,300,10.01,21788.97,2023-11-03,0,0
CUST106192,27,Chennai,Business Owner,63446,828,Gold Loan,62160,24,9.67,2858.91,2024-10-02,0,0
CUST106193,24,Delhi,Salaried,32957,763,Personal Loan,201255,36,16.73,7148.28,2023-12-04,0,0
CUST106194,47,Lucknow,Salaried,35000,711,Home Loan,1540799,300,8.99,12919.78,2023-10-27,30,0
CUST106195,29,Hyderabad,Salaried,51163,835,Home Loan,1188192,300,9.61,10472.19,2023-01-05,0,0
CUST106196,27,Delhi,Business Owner,50188,684,Business Loan,307105,36,12.63,10292.94,2024-10-07,0,0
CUST106197,53,Jaipur,Salaried,57518,648,Business Loan,747729,60,11.51,16448.26,2024-05-27,215,1
CUST106198,37,Mumbai,Business Owner,30231,745,Gold Loan,149043,24,9.2,6822.68,2024-01-30,0,0
CUST106199,31,Kolkata,Self-Employed,51914,647,Home Loan,1861276,300,10.36,17388.05,2023-05-12,7,0
CUST106200,46,Lucknow,Salaried,95811,735,Business Loan,381753,36,14.29,13101.25,2024-11-14,0,0
CUST106201,49,Kolkata,Salaried,20000,721,Vehicle Loan,152161,24,12.84,7222.58,2023-03-06,0,0
CUST106202,39,Chennai,Salaried,47045,830,Personal Loan,416156,24,17.12,20599.7,2024-05-21,0,0
CUST106203,24,Jaipur,Salaried,316290,554,Personal Loan,284747,12,15.19,25726.32,2024-07-02,0,0
CUST106204,45,Ahmedabad,Salaried,49967,661,Business Loan,323967,24,12.93,15391.33,2024-06-13,0,0
CUST106205,33,Mumbai,Self-Employed,103401,669,Home Loan,2061418,120,11.04,28442.73,2024-05-26,0,0
CUST106206,40,Jaipur,Salaried,78631,593,Personal Loan,535984,36,14.76,18517.13,2023-12-10,0,0
CUST106207,33,Pune,Salaried,94003,666,Business Loan,437922,12,15.33,39594.32,2024-10-29,166,1
CUST106208,42,Lucknow,Business Owner,47743,650,Home Loan,1233325,120,9.46,15931.93,2024-04-25,0,0
CUST106209,30,Kolkata,Salaried,44518,721,Home Loan,853188,120,9.47,11026.04,2023-06-11,0,0
CUST106210,26,Ahmedabad,Self-Employed,49292,748,Home Loan,1555554,300,9.16,13225.01,2024-01-20,0,0
CUST106211,37,Chennai,Business Owner,95460,674,Gold Loan,440725,24,12.16,20779.4,2024-01-20,0,0
CUST106212,55,Lucknow,Salaried,44218,519,Personal Loan,304878,36,14.72,10526.94,2023-05-27,15,0
CUST106213,28,Kolkata,Self-Employed,98092,783,Gold Loan,309634,18,9.73,18557.24,2023-01-02,0,0
CUST106214,51,Hyderabad,Salaried,36006,808,Gold Loan,96298,12,11.66,8540.65,2023-06-03,0,0
CUST106215,40,Bengaluru,Self-Employed,35000,673,Home Loan,1330808,300,11.01,13053.05,2024-08-05,0,0
CUST106216,26,Lucknow,Business Owner,28859,730,Personal Loan,68736,12,12.0,6107.11,2023-10-30,0,0
CUST106217,28,Delhi,Salaried,54770,640,Business Loan,310159,36,12.92,10438.54,2024-08-29,0,0
CUST106218,52,Delhi,Business Owner,56508,416,Business Loan,141599,12,15.88,12839.36,2023-06-02,1,0
CUST106219,22,Kolkata,Self-Employed,52397,670,Business Loan,335416,24,11.26,15673.53,2023-07-30,0,0
CUST106220,37,Mumbai,Salaried,54694,658,Vehicle Loan,634086,48,10.28,16167.46,2023-04-21,152,1
CUST106221,52,Hyderabad,Salaried,23106,660,Gold Loan,67249,24,9.87,3099.17,2023-03-23,0,0
CUST106222,45,Ahmedabad,Salaried,35000,780,Home Loan,1089634,120,9.01,13808.92,2023-06-21,0,0
CUST106223,51,Pune,Salaried,110544,641,Personal Loan,369407,12,12.61,32926.87,2024-04-30,0,0
CUST106224,47,Kolkata,Self-Employed,45820,607,Gold Loan,304181,24,10.4,14092.63,2024-06-12,0,0
CUST106225,39,Kolkata,Salaried,49430,698,Home Loan,1692051,240,11.49,18032.88,2024-10-22,30,0
CUST106226,35,Ahmedabad,Salaried,44996,674,Business Loan,174381,12,11.84,15480.49,2024-10-20,279,1
CUST106227,48,Bengaluru,Self-Employed,46923,571,Personal Loan,92047,12,16.56,8375.92,2023-09-14,154,1
CUST106228,37,Mumbai,Self-Employed,148302,859,Business Loan,1454951,36,12.13,48415.58,2024-08-29,0,0
CUST106229,43,Lucknow,Self-Employed,75535,712,Gold Loan,107052,24,10.65,4972.08,2023-04-18,278,1
CUST106230,28,Jaipur,Business Owner,44120,715,Gold Loan,268062,18,10.19,16122.48,2023-11-21,0,0
CUST106231,39,Ahmedabad,Salaried,57956,792,Vehicle Loan,316995,24,11.39,14831.91,2023-06-15,1,0
CUST106232,57,Pune,Self-Employed,37668,521,Personal Loan,127947,48,12.97,3430.59,2024-03-01,0,0
CUST106233,31,Lucknow,Salaried,51011,789,Vehicle Loan,332360,24,10.11,15353.61,2024-01-24,198,1
CUST106234,52,Pune,Salaried,31930,549,Personal Loan,221139,36,14.43,7604.27,2023-01-29,0,0
CUST106235,43,Lucknow,Salaried,56792,483,Personal Loan,95457,24,14.22,4593.09,2023-04-15,0,0
CUST106236,46,Pune,Salaried,78613,577,Vehicle Loan,745189,60,13.5,17146.68,2024-06-06,0,0
CUST106237,47,Jaipur,Salaried,69622,706,Home Loan,1505348,240,10.44,14968.47,2023-10-29,0,0
CUST106238,28,Jaipur,Self-Employed,33476,619,Business Loan,188942,24,12.56,8943.65,2024-03-01,0,0
CUST106239,28,Ahmedabad,Self-Employed,54527,563,Business Loan,148971,12,17.19,13600.3,2024-09-27,260,1
CUST106240,36,Hyderabad,Self-Employed,45337,632,Vehicle Loan,391896,60,11.09,8538.37,2024-11-26,0,0
CUST106241,21,Lucknow,Salaried,72213,729,Personal Loan,344354,36,17.01,12278.87,2023-11-24,0,0
CUST106242,22,Chennai,Salaried,77519,900,Home Loan,1387760,120,10.01,18347.04,2024-07-31,15,0
CUST106243,29,Delhi,Salaried,35000,691,Home Loan,1433636,180,8.82,14387.78,2023-03-08,92,1
CUST106244,21,Lucknow,Salaried,43100,694,Home Loan,888155,120,8.53,11026.11,2023-04-15,0,0
CUST106245,53,Jaipur,Self-Employed,53150,900,Business Loan,247860,24,16.59,12205.99,2024-01-15,0,0
CUST106246,32,Mumbai,Salaried,25495,734,Personal Loan,153928,24,15.77,7519.89,2023-03-06,0,0
CUST106247,39,Bengaluru,Salaried,46886,596,Home Loan,1560158,300,11.26,15585.46,2024-08-03,166,1
CUST106248,58,Pune,Salaried,36717,639,Business Loan,119539,12,15.2,10800.67,2024-05-26,149,1
CUST106249,41,Delhi,Self-Employed,44598,643,Vehicle Loan,334218,48,12.88,8946.34,2023-09-03,0,0
CUST106250,38,Delhi,Business Owner,36814,671,Personal Loan,187128,24,18.66,9401.98,2024-11-02,0,0
CUST106251,31,Pune,Salaried,67216,654,Gold Loan,287645,24,10.37,13322.53,2023-04-28,112,1
CUST106252,51,Chennai,Self-Employed,43767,728,Personal Loan,577538,48,14.39,15895.3,2024-05-31,0,0
CUST106253,41,Mumbai,Self-Employed,58106,617,Personal Loan,398511,36,14.89,13793.06,2024-09-20,30,0
CUST106254,43,Mumbai,Salaried,50254,767,Vehicle Loan,622133,60,10.2,13279.79,2023-07-06,253,1
CUST106255,45,Hyderabad,Self-Employed,73752,679,Business Loan,838841,60,12.85,19021.86,2023-11-29,0,0
CUST106256,27,Kolkata,Salaried,56030,624,Business Loan,303495,36,13.22,10258.14,2024-04-27,0,0
CUST106257,22,Pune,Business Owner,84163,654,Vehicle Loan,713218,60,11.09,15539.12,2023-02-10,0,0
CUST106258,42,Delhi,Salaried,51148,833,Personal Loan,476543,36,14.29,16354.31,2023-10-07,0,0
CUST106259,33,Mumbai,Self-Employed,70169,673,Personal Loan,130532,36,16.72,4635.65,2024-11-23,1,0
CUST106260,27,Hyderabad,Salaried,52532,798,Vehicle Loan,460462,24,10.82,21422.68,2023-07-08,7,0
CUST106261,41,Mumbai,Salaried,66807,515,Business Loan,537449,36,14.42,18478.56,2024-03-28,0,0
CUST106262,40,Bengaluru,Salaried,25000,781,Business Loan,69557,12,16.65,6332.38,2023-05-30,0,0
CUST106263,50,Bengaluru,Salaried,46755,707,Vehicle Loan,548254,60,13.59,12640.68,2023-08-03,0,0
CUST106264,43,Chennai,Salaried,37664,767,Home Loan,872915,120,8.64,10888.37,2024-10-28,15,0
CUST106265,38,Kolkata,Salaried,87805,581,Home Loan,2703114,180,11.23,31115.04,2024-07-27,0,0
CUST106266,38,Lucknow,Self-Employed,27826,582,Business Loan,121572,12,16.89,11081.6,2023-10-26,0,0
CUST106267,63,Mumbai,Business Owner,25698,816,Personal Loan,70354,12,11.57,6236.72,2023-08-13,0,0
CUST106268,31,Mumbai,Salaried,35526,634,Business Loan,251895,36,11.0,8246.72,2023-05-16,194,1
CUST106269,49,Kolkata,Business Owner,44393,699,Home Loan,1158147,180,11.27,13360.48,2023-04-06,0,0
CUST106270,34,Jaipur,Salaried,82175,584,Home Loan,1796834,180,10.02,19330.86,2023-04-01,0,0
CUST106271,42,Chennai,Salaried,62728,606,Personal Loan,576945,48,12.84,15432.21,2024-10-16,0,0
CUST106272,50,Hyderabad,Salaried,20000,640,Personal Loan,82235,24,18.74,4134.97,2024-05-15,0,0
CUST106273,35,Lucknow,Salaried,49686,559,Business Loan,302890,36,13.02,10208.48,2023-07-27,0,0
CUST106274,46,Kolkata,Self-Employed,85913,627,Business Loan,690417,60,17.87,17483.26,2023-09-01,0,0
CUST106275,29,Hyderabad,Self-Employed,93323,674,Business Loan,1249023,60,16.66,30813.55,2024-06-10,0,0
CUST106276,46,Pune,Salaried,58098,731,Personal Loan,484697,48,15.03,13496.85,2023-03-19,0,0
CUST106277,41,Lucknow,Salaried,41863,631,Gold Loan,69134,12,10.23,6085.37,2023-04-02,0,0
CUST106278,40,Lucknow,Salaried,29170,819,Personal Loan,116233,48,15.78,3280.99,2023-04-03,0,0
CUST106279,45,Pune,Business Owner,148710,612,Personal Loan,370233,48,17.91,10858.19,2023-11-24,313,1
CUST106280,44,Pune,Salaried,82246,739,Personal Loan,314557,24,16.29,15445.31,2023-05-15,30,0
CUST106281,39,Lucknow,Business Owner,39882,658,Gold Loan,122629,18,12.17,7487.86,2024-03-22,0,0
CUST106282,31,Delhi,Self-Employed,58022,644,Gold Loan,142438,12,12.92,12716.83,2023-07-21,0,0
CUST106283,35,Pune,Salaried,45856,675,Home Loan,728969,120,10.18,9706.19,2024-10-02,0,0
CUST106284,37,Lucknow,Self-Employed,20000,649,Vehicle Loan,157793,36,9.8,5076.73,2023-03-08,0,0
CUST106285,25,Pune,Salaried,39473,620,Business Loan,164054,12,13.13,14662.86,2024-06-23,0,0
CUST106286,34,Delhi,Business Owner,35813,463,Home Loan,1077415,300,10.07,9843.69,2023-11-26,0,0
CUST106287,49,Delhi,Salaried,42895,595,Personal Loan,276984,24,11.6,12986.92,2024-03-25,0,0
CUST106288,49,Pune,Salaried,25385,600,Business Loan,220626,60,15.4,5295.11,2023-09-08,0,0
CUST106289,49,Mumbai,Salaried,66751,597,Home Loan,1732991,240,11.0,17887.73,2024-09-08,0,0
CUST106290,42,Hyderabad,Self-Employed,60840,832,Business Loan,362565,36,12.81,12183.09,2023-02-13,0,0
CUST106291,33,Ahmedabad,Salaried,47279,576,Personal Loan,379950,48,13.91,10365.55,2024-05-20,0,0
CUST106292,43,Chennai,Self-Employed,73128,900,Vehicle Loan,641137,60,13.7,14818.61,2024-07-26,1,0
CUST106293,44,Pune,Self-Employed,53146,739,Home Loan,1753912,300,9.29,15068.62,2023-11-18,7,0
CUST106294,30,Kolkata,Salaried,48569,691,Gold Loan,84062,24,10.99,3917.56,2024-05-11,0,0
CUST106295,41,Delhi,Salaried,75576,722,Home Loan,1510847,240,9.3,13886.34,2023-09-20,0,0
CUST106296,30,Jaipur,Salaried,61294,719,Home Loan,1958516,300,11.35,19693.25,2024-04-22,0,0
CUST106297,30,Pune,Self-Employed,39117,627,Personal Loan,396717,36,14.51,13657.32,2024-03-18,0,0
CUST106298,21,Delhi,Self-Employed,120998,712,Vehicle Loan,204485,60,12.07,4555.89,2023-08-12,0,0
CUST106299,34,Ahmedabad,Self-Employed,43702,684,Vehicle Loan,477299,36,10.51,15515.63,2024-07-02,0,0
CUST106300,48,Pune,Business Owner,95789,625,Gold Loan,391641,18,9.76,23477.56,2023-12-13,0,0
CUST106301,44,Hyderabad,Self-Employed,54458,900,Gold Loan,117867,12,10.56,10393.11,2024-04-08,0,0
CUST106302,29,Hyderabad,Self-Employed,79996,692,Home Loan,1805816,300,9.41,15664.53,2023-10-16,0,0
CUST106303,28,Pune,Salaried,70781,594,Business Loan,517476,60,13.14,11811.29,2024-05-05,0,0
CUST106304,40,Mumbai,Self-Employed,69209,737,Business Loan,335389,60,16.11,8175.62,2023-12-06,7,0
CUST106305,42,Jaipur,Business Owner,67209,503,Personal Loan,597386,48,15.37,16737.96,2024-05-05,0,0
CUST106306,27,Pune,Salaried,25000,541,Business Loan,104721,12,12.1,9309.23,2023-03-23,0,0
CUST106307,34,Pune,Business Owner,90632,696,Home Loan,1608813,180,10.65,17933.7,2024-03-22,0,0
CUST106308,55,Delhi,Salaried,30924,589,Personal Loan,202565,36,12.44,6770.71,2024-09-13,0,0
CUST106309,35,Chennai,Salaried,20000,785,Personal Loan,116343,48,14.15,3188.01,2023-07-21,0,0
CUST106310,21,Jaipur,Self-Employed,33819,640,Personal Loan,168707,24,13.54,8063.5,2023-05-08,0,0
CUST106311,21,Kolkata,Salaried,128730,661,Personal Loan,548620,24,15.96,26851.66,2023-05-10,1,0
CUST106312,42,Kolkata,Salaried,38984,598,Business Loan,107385,12,16.66,9776.7,2023-11-06,0,0
CUST106313,41,Pune,Self-Employed,35000,715,Home Loan,1390596,300,10.15,12783.7,2024-05-04,0,0
CUST106314,30,Bengaluru,Self-Employed,36018,693,Personal Loan,192278,48,15.68,5417.75,2024-07-22,0,0
CUST106315,41,Pune,Salaried,48027,610,Vehicle Loan,454847,60,13.17,10388.79,2023-12-17,0,0
CUST106316,36,Ahmedabad,Self-Employed,104223,595,Home Loan,3240157,240,9.74,30712.12,2024-08-22,30,0
CUST106317,43,Jaipur,Salaried,56913,596,Home Loan,1529724,240,10.98,15768.82,2024-01-04,0,0
CUST106318,40,Pune,Salaried,33393,631,Personal Loan,136384,48,16.26,3883.35,2024-06-12,0,0
CUST106319,44,Lucknow,Salaried,78810,708,Gold Loan,187129,12,10.83,16523.94,2023-06-06,0,0
CUST106320,36,Lucknow,Self-Employed,25000,597,Business Loan,309180,36,11.48,10192.58,2023-01-28,96,1
CUST106321,29,Mumbai,Salaried,47880,561,Personal Loan,141309,48,16.8,4062.87,2023-03-12,0,0
CUST106322,41,Kolkata,Salaried,86702,813,Vehicle Loan,312871,24,10.45,14502.48,2024-04-01,0,0
CUST106323,37,Kolkata,Self-Employed,60497,877,Business Loan,419510,24,16.13,20566.58,2023-06-02,0,0
CUST106324,42,Hyderabad,Self-Employed,51717,654,Home Loan,782658,120,10.12,10394.96,2023-06-10,15,0
CUST106325,39,Mumbai,Salaried,26807,754,Vehicle Loan,176783,60,11.32,3871.96,2024-11-16,0,0
CUST106326,32,Jaipur,Self-Employed,85166,608,Business Loan,549477,24,16.33,26990.82,2023-04-20,0,0
CUST106327,41,Pune,Salaried,84645,589,Personal Loan,116532,12,14.13,10470.2,2024-05-17,30,0
CUST106328,49,Delhi,Self-Employed,45457,618,Personal Loan,130268,12,14.56,11730.74,2024-07-21,0,0
CUST106329,33,Lucknow,Salaried,20000,563,Vehicle Loan,158117,36,13.68,5379.52,2023-12-04,255,1
CUST106330,22,Mumbai,Salaried,44757,579,Business Loan,200398,12,14.58,18047.89,2024-02-10,0,0
CUST106331,28,Ahmedabad,Salaried,35000,709,Home Loan,1070797,180,11.47,12488.53,2023-04-21,0,0
CUST106332,42,Chennai,Self-Employed,90264,639,Personal Loan,334728,24,14.1,16087.07,2024-10-31,225,1
CUST106333,40,Kolkata,Salaried,62292,593,Home Loan,1356648,240,11.47,14439.66,2024-02-27,1,0
CUST106334,26,Lucknow,Self-Employed,28823,736,Personal Loan,66194,12,12.89,5908.85,2024-09-23,0,0
CUST106335,39,Mumbai,Business Owner,73612,561,Personal Loan,525379,24,14.77,25416.49,2024-02-24,30,0
CUST106336,37,Lucknow,Self-Employed,33196,456,Business Loan,110044,12,16.34,10002.1,2024-06-26,0,0
CUST106337,50,Chennai,Salaried,20000,577,Personal Loan,107431,24,12.68,5091.33,2023-03-02,321,1
CUST106338,50,Pune,Salaried,42421,719,Home Loan,1671591,300,9.42,14511.78,2023-03-28,0,0
CUST106339,36,Bengaluru,Business Owner,38722,653,Gold Loan,128445,18,10.63,7751.34,2023-01-13,0,0
CUST106340,42,Ahmedabad,Salaried,70593,454,Home Loan,2392490,300,10.27,22197.59,2023-08-07,0,0
CUST106341,25,Mumbai,Salaried,26483,900,Personal Loan,73276,12,17.06,6685.21,2024-10-18,128,1
CUST106342,54,Pune,Salaried,56150,562,Personal Loan,280131,48,16.0,7938.99,2023-12-16,0,0
CUST106343,41,Mumbai,Self-Employed,40636,786,Vehicle Loan,173628,60,9.98,3687.37,2024-07-31,0,0
CUST106344,35,Jaipur,Self-Employed,174409,598,Vehicle Loan,646774,48,13.43,17489.68,2024-05-25,0,0
CUST106345,37,Bengaluru,Salaried,20000,649,Personal Loan,66437,12,15.2,6002.76,2024-09-10,0,0
CUST106346,55,Mumbai,Self-Employed,71748,678,Gold Loan,113690,6,12.16,19626.01,2023-07-26,7,0
CUST106347,41,Kolkata,Self-Employed,82103,607,Business Loan,402006,24,15.02,19495.74,2024-02-12,182,1
CUST106348,26,Hyderabad,Salaried,55414,815,Vehicle Loan,705894,48,13.04,18951.39,2023-04-08,15,0
CUST106349,45,Ahmedabad,Salaried,77456,707,Vehicle Loan,227973,48,12.36,6043.78,2023-04-06,0,0
CUST106350,47,Lucknow,Salaried,54097,646,Gold Loan,68348,6,10.86,11754.86,2023-02-19,0,0
CUST106351,30,Delhi,Salaried,113801,844,Gold Loan,82613,6,10.88,14209.05,2023-10-25,0,0
CUST106352,54,Chennai,Salaried,82958,747,Personal Loan,306646,36,16.19,10809.55,2024-09-25,0,0
CUST106353,46,Delhi,Salaried,31354,717,Business Loan,173244,24,14.02,8319.58,2024-08-11,0,0
CUST106354,39,Ahmedabad,Salaried,38052,572,Vehicle Loan,225464,48,13.1,6059.83,2024-01-02,0,0
CUST106355,39,Mumbai,Salaried,45587,651,Personal Loan,170326,24,12.9,8089.61,2023-08-19,0,0
CUST106356,37,Bengaluru,Salaried,87473,654,Personal Loan,54866,12,16.24,4984.27,2023-11-19,7,0
CUST106357,39,Jaipur,Salaried,29859,624,Vehicle Loan,207287,24,10.94,9655.43,2023-03-28,0,0
CUST106358,26,Jaipur,Salaried,43015,632,Home Loan,1578241,240,11.27,16581.41,2023-01-31,0,0
CUST106359,65,Mumbai,Self-Employed,49900,637,Gold Loan,122444,12,12.64,10915.69,2023-09-21,0,0
CUST106360,33,Chennai,Salaried,34733,828,Personal Loan,80759,48,16.86,2324.46,2023-11-17,0,0
CUST106361,37,Delhi,Self-Employed,66685,596,Personal Loan,149180,24,12.48,7055.91,2023-03-19,7,0
CUST106362,46,Jaipur,Salaried,20000,769,Personal Loan,121870,24,12.68,5775.62,2024-02-08,0,0
CUST106363,31,Hyderabad,Salaried,94963,676,Gold Loan,128473,12,12.55,11447.75,2024-02-01,0,0
CUST106364,36,Chennai,Salaried,99645,524,Home Loan,2830394,180,11.0,32170.17,2024-02-25,0,0
CUST106365,47,Hyderabad,Salaried,33590,817,Vehicle Loan,200449,36,11.87,6645.34,2023-11-05,15,0
CUST106366,63,Ahmedabad,Salaried,46755,553,Personal Loan,353743,36,14.78,12224.54,2024-04-18,0,0
CUST106367,51,Hyderabad,Self-Employed,35000,713,Home Loan,766905,120,8.71,9594.87,2023-11-03,0,0
CUST106368,41,Mumbai,Self-Employed,109578,721,Gold Loan,68268,6,10.21,11719.22,2023-01-09,0,0
CUST106369,31,Ahmedabad,Salaried,67301,700,Home Loan,1737419,120,10.79,23726.89,2023-04-13,0,0
CUST106370,37,Delhi,Salaried,85563,812,Business Loan,332918,24,15.73,16257.78,2023-05-03,214,1
CUST106371,21,Lucknow,Self-Employed,29724,535,Personal Loan,144326,36,17.06,5149.93,2023-08-30,0,0
CUST106372,42,Chennai,Salaried,37533,860,Personal Loan,117959,12,11.86,10472.79,2023-10-26,0,0
CUST106373,41,Bengaluru,Salaried,45489,648,Vehicle Loan,213063,60,9.96,4522.77,2024-02-27,279,1
CUST106374,48,Hyderabad,Self-Employed,43200,646,Business Loan,471315,60,12.83,10682.89,2024-04-18,0,0
CUST106375,33,Lucknow,Salaried,35000,685,Home Loan,1368029,180,9.96,14667.45,2023-07-03,30,0
CUST106376,42,Mumbai,Self-Employed,113485,673,Personal Loan,249093,36,18.98,9128.24,2023-08-07,154,1
CUST106377,32,Hyderabad,Business Owner,32501,825,Personal Loan,225366,36,18.81,8239.39,2024-08-20,0,0
CUST106378,34,Jaipur,Salaried,89056,649,Personal Loan,421775,48,16.69,12102.8,2023-07-01,1,0
CUST106379,35,Ahmedabad,Business Owner,26759,792,Business Loan,119097,12,16.23,10818.74,2023-09-14,0,0
CUST106380,25,Kolkata,Salaried,66501,795,Business Loan,309963,12,11.92,27528.24,2023-03-22,0,0
CUST106381,34,Hyderabad,Self-Employed,49452,553,Home Loan,764861,120,9.59,9934.84,2023-01-26,0,0
CUST106382,21,Bengaluru,Self-Employed,41835,807,Gold Loan,84081,6,9.03,14384.89,2023-09-02,277,1
CUST106383,51,Pune,Salaried,32983,806,Gold Loan,51367,12,9.6,4506.42,2023-02-28,0,0
CUST106384,48,Chennai,Business Owner,60871,559,Gold Loan,358525,18,11.67,21808.67,2023-10-05,0,0
CUST106385,44,Ahmedabad,Salaried,37534,639,Gold Loan,52426,6,12.21,9051.46,2024-10-01,0,0
CUST106386,39,Mumbai,Self-Employed,43921,686,Vehicle Loan,229156,24,10.34,10610.38,2023-02-07,7,0
CUST106387,35,Mumbai,Salaried,37446,643,Gold Loan,139967,12,10.07,12309.88,2024-09-23,0,0
CUST106388,38,Hyderabad,Self-Employed,65890,706,Business Loan,450474,60,15.4,10811.56,2023-08-23,0,0
CUST106389,35,Chennai,Salaried,31340,686,Business Loan,303162,60,15.46,7285.61,2024-04-30,136,1
CUST106390,31,Delhi,Business Owner,26573,867,Personal Loan,53436,36,11.87,1771.52,2024-09-22,172,1
CUST106391,54,Bengaluru,Salaried,30731,593,Personal Loan,293631,48,17.76,8588.63,2023-02-21,7,0
CUST106392,49,Hyderabad,Salaried,67253,707,Personal Loan,169042,24,14.12,8125.78,2024-11-25,7,0
CUST106393,45,Bengaluru,Salaried,39145,631,Gold Loan,95840,12,9.24,8392.02,2023-06-29,0,0
CUST106394,49,Bengaluru,Business Owner,55297,547,Personal Loan,251278,24,14.77,12156.19,2024-07-12,231,1
CUST106395,37,Kolkata,Business Owner,94573,592,Personal Loan,286218,36,17.29,10245.81,2023-06-16,15,0
CUST106396,37,Hyderabad,Salaried,38016,707,Personal Loan,174007,12,13.97,15621.13,2024-02-01,30,0
CUST106397,39,Hyderabad,Salaried,39672,704,Business Loan,326185,60,17.56,8205.08,2024-08-22,350,1
CUST106398,33,Pune,Business Owner,84356,660,Gold Loan,179203,6,9.61,30709.88,2024-11-30,0,0
CUST106399,37,Delhi,Salaried,122189,801,Vehicle Loan,1186500,36,11.13,38917.57,2023-10-28,99,1
CUST106400,46,Pune,Self-Employed,73006,742,Gold Loan,220748,18,9.0,13156.07,2023-05-06,0,0
CUST106401,23,Pune,Business Owner,46223,723,Vehicle Loan,238424,24,10.42,11048.33,2023-06-12,149,1
CUST106402,47,Ahmedabad,Self-Employed,26053,618,Business Loan,244285,60,12.22,5461.18,2024-03-27,0,0
CUST106403,45,Kolkata,Self-Employed,28492,735,Gold Loan,41114,6,11.61,7086.23,2024-03-07,0,0
CUST106404,28,Ahmedabad,Salaried,30830,724,Business Loan,331234,60,15.17,7909.62,2023-07-11,0,0
CUST106405,35,Kolkata,Salaried,48441,705,Home Loan,1158826,120,9.43,14950.55,2024-04-04,0,0
CUST106406,35,Delhi,Self-Employed,76536,635,Personal Loan,154827,12,11.86,13746.05,2023-02-24,1,0
CUST106407,43,Mumbai,Salaried,55433,758,Business Loan,454190,36,17.35,16272.34,2024-08-03,0,0
CUST106408,32,Ahmedabad,Business Owner,39851,746,Business Loan,368764,60,12.1,8221.6,2023-01-22,0,0
CUST106409,26,Mumbai,Salaried,98502,684,Home Loan,1970300,120,9.15,25119.16,2023-01-01,0,0
CUST106410,21,Hyderabad,Business Owner,47549,819,Personal Loan,109734,12,12.99,9800.63,2023-03-22,0,0
CUST106411,34,Jaipur,Salaried,82020,588,Business Loan,302551,24,12.51,14314.29,2023-11-16,30,0
CUST106412,47,Kolkata,Self-Employed,30292,741,Business Loan,137038,12,15.0,12368.82,2023-01-19,195,1
CUST106413,36,Ahmedabad,Salaried,35000,607,Home Loan,829625,300,9.47,7231.11,2024-02-22,0,0
CUST106414,47,Mumbai,Salaried,42932,611,Home Loan,1011064,180,10.85,11396.67,2023-01-22,0,0
CUST106415,51,Jaipur,Business Owner,74361,764,Home Loan,2003006,180,8.81,20090.05,2024-10-04,352,1
CUST106416,34,Mumbai,Business Owner,31957,635,Personal Loan,50649,36,12.57,1696.09,2024-02-09,1,0
CUST106417,48,Delhi,Salaried,28174,681,Personal Loan,106296,24,14.31,5119.16,2023-08-26,0,0
CUST106418,46,Jaipur,Self-Employed,24292,835,Gold Loan,63210,12,10.0,5557.16,2023-12-28,0,0
CUST106419,21,Bengaluru,Self-Employed,43624,577,Gold Loan,68356,12,11.76,6065.68,2024-06-05,0,0
CUST106420,39,Bengaluru,Salaried,110832,710,Personal Loan,223772,36,17.99,8088.77,2023-12-11,0,0
CUST106421,26,Delhi,Salaried,107135,659,Personal Loan,178183,24,13.76,8534.89,2023-03-02,0,0
CUST106422,21,Jaipur,Self-Employed,45462,748,Gold Loan,133690,18,10.92,8085.78,2024-07-25,0,0
CUST106423,33,Chennai,Self-Employed,104225,861,Personal Loan,225133,24,16.32,11057.67,2024-08-22,7,0
CUST106424,21,Jaipur,Self-Employed,61251,497,Business Loan,520576,36,14.45,17906.04,2023-03-18,0,0
CUST106425,47,Pune,Self-Employed,52244,652,Personal Loan,96402,12,13.86,8649.31,2024-02-25,0,0
CUST106426,35,Chennai,Self-Employed,48403,594,Business Loan,389547,36,14.4,13389.6,2024-02-17,0,0
CUST106427,48,Jaipur,Salaried,47424,750,Personal Loan,102185,12,15.01,9223.53,2023-04-26,0,0
CUST106428,35,Pune,Salaried,62356,691,Vehicle Loan,358350,36,9.68,11509.18,2023-12-20,0,0
CUST106429,36,Kolkata,Self-Employed,51067,811,Business Loan,249042,12,16.16,22614.65,2023-02-11,92,1
CUST106430,44,Mumbai,Business Owner,64008,602,Personal Loan,221600,24,14.87,10730.96,2024-05-27,235,1
CUST106431,40,Lucknow,Self-Employed,174643,657,Vehicle Loan,661819,24,12.69,31367.8,2024-04-27,0,0
CUST106432,58,Jaipur,Business Owner,28161,773,Gold Loan,60249,12,9.18,5273.89,2024-01-06,0,0
CUST106433,41,Lucknow,Salaried,78681,629,Home Loan,3141512,240,9.79,29880.48,2024-08-20,0,0
CUST106434,21,Hyderabad,Self-Employed,40981,597,Personal Loan,59296,36,16.97,2113.18,2023-08-10,0,0
CUST106435,39,Chennai,Salaried,33244,673,Gold Loan,69568,6,11.51,11987.01,2023-03-28,0,0
CUST106436,45,Bengaluru,Business Owner,54713,797,Gold Loan,91763,24,12.21,4328.61,2023-01-07,0,0
CUST106437,22,Chennai,Self-Employed,29156,586,Business Loan,198661,24,13.09,9453.11,2023-02-09,0,0
CUST106438,37,Bengaluru,Business Owner,35445,593,Business Loan,155854,12,12.34,13872.24,2023-05-09,0,0
CUST106439,31,Delhi,Self-Employed,52929,858,Vehicle Loan,403403,48,11.08,10441.84,2024-07-11,0,0
CUST106440,41,Bengaluru,Business Owner,32354,568,Personal Loan,78213,12,15.17,7065.65,2023-01-11,0,0
CUST106441,43,Lucknow,Salaried,36975,440,Personal Loan,98666,12,17.54,9024.11,2024-02-16,1,0
CUST106442,45,Delhi,Self-Employed,35000,743,Home Loan,1470906,240,11.0,15182.52,2024-11-24,195,1
CUST106443,40,Pune,Self-Employed,55399,737,Gold Loan,217743,24,12.43,10293.7,2023-03-19,0,0
CUST106444,31,Lucknow,Salaried,46350,682,Vehicle Loan,238377,24,13.42,11379.96,2024-10-24,0,0
CUST106445,42,Kolkata,Salaried,47155,568,Personal Loan,135658,48,12.3,3592.41,2024-03-24,199,1
CUST106446,33,Kolkata,Salaried,41444,831,Gold Loan,121976,12,11.71,10820.88,2024-07-30,0,0
CUST106447,42,Chennai,Salaried,104101,811,Business Loan,377985,24,12.8,17934.61,2023-07-02,0,0
CUST106448,39,Jaipur,Salaried,29055,841,Vehicle Loan,262567,36,13.42,8900.13,2023-09-08,0,0
CUST106449,41,Hyderabad,Business Owner,104594,598,Personal Loan,190976,12,16.4,17363.59,2024-08-13,292,1
CUST106450,36,Mumbai,Salaried,37671,565,Personal Loan,61767,24,15.92,3021.94,2024-08-16,0,0
CUST106451,43,Bengaluru,Salaried,34400,698,Gold Loan,190410,24,11.41,8910.89,2023-01-22,7,0
CUST106452,37,Kolkata,Salaried,121706,673,Personal Loan,250817,12,14.17,22540.2,2024-10-16,1,0
CUST106453,29,Pune,Salaried,62539,732,Personal Loan,204290,12,13.43,18287.87,2023-03-04,1,0
CUST106454,44,Jaipur,Salaried,23550,697,Personal Loan,130411,48,12.96,3496.01,2023-05-03,0,0
CUST106455,35,Delhi,Salaried,25429,677,Personal Loan,123225,36,13.84,4201.97,2023-05-23,0,0
CUST106456,42,Ahmedabad,Salaried,50417,689,Personal Loan,294508,24,18.02,14705.89,2024-09-12,328,1
CUST106457,42,Ahmedabad,Salaried,65883,711,Personal Loan,457865,36,13.67,15575.46,2023-04-13,0,0
CUST106458,36,Lucknow,Business Owner,65204,900,Personal Loan,85797,12,17.32,7838.13,2023-08-30,0,0
CUST106459,21,Jaipur,Salaried,159708,767,Business Loan,626794,24,11.2,29271.75,2024-02-27,0,0
CUST106460,47,Kolkata,Self-Employed,84221,500,Business Loan,570451,24,12.22,26911.75,2024-11-12,0,0
CUST106461,43,Ahmedabad,Salaried,64812,773,Home Loan,2211968,240,11.38,23406.45,2023-09-19,0,0
CUST106462,44,Hyderabad,Self-Employed,45155,660,Home Loan,1178163,180,8.78,11796.02,2023-12-28,1,0
CUST106463,52,Mumbai,Salaried,73777,590,Personal Loan,225070,36,13.33,7619.32,2024-01-09,0,0
CUST106464,36,Ahmedabad,Self-Employed,26961,659,Personal Loan,189755,36,14.01,6486.3,2023-03-20,0,0
CUST106465,44,Mumbai,Salaried,106958,543,Home Loan,3527685,240,9.29,32400.41,2023-12-30,0,0
CUST106466,30,Pune,Salaried,84970,679,Business Loan,404707,24,13.6,19354.76,2024-01-11,0,0
CUST106467,38,Delhi,Self-Employed,48737,790,Personal Loan,388277,24,16.06,19022.38,2023-10-23,214,1
CUST106468,44,Mumbai,Salaried,33397,640,Personal Loan,78489,12,16.62,7144.42,2024-07-05,0,0
CUST106469,46,Hyderabad,Self-Employed,72375,712,Business Loan,459852,36,13.67,15643.05,2023-04-07,99,1
CUST106470,35,Delhi,Salaried,15000,520,Gold Loan,88498,18,10.31,5327.57,2024-06-17,0,0
CUST106471,37,Ahmedabad,Self-Employed,42953,859,Business Loan,104578,12,15.38,9457.8,2023-05-06,0,0
CUST106472,36,Chennai,Self-Employed,45981,683,Personal Loan,85172,12,13.23,7616.52,2023-12-17,0,0
CUST106473,44,Jaipur,Salaried,47105,620,Gold Loan,53674,6,9.99,9208.12,2024-10-03,0,0
CUST106474,21,Mumbai,Self-Employed,67438,835,Personal Loan,153465,12,17.32,14020.05,2023-04-30,0,0
CUST106475,65,Bengaluru,Salaried,56912,689,Vehicle Loan,210221,48,13.63,5705.66,2024-09-21,340,1
CUST106476,34,Lucknow,Salaried,123502,575,Business Loan,1000653,36,16.52,35437.42,2023-09-30,249,1
CUST106477,41,Lucknow,Self-Employed,27229,747,Personal Loan,54950,12,14.65,4950.62,2024-10-08,0,0
CUST106478,21,Mumbai,Salaried,24925,563,Vehicle Loan,117875,24,9.51,5412.71,2024-11-15,0,0
CUST106479,51,Pune,Salaried,78019,630,Personal Loan,462619,24,18.92,23302.01,2024-10-19,0,0
CUST106480,34,Jaipur,Self-Employed,67103,711,Vehicle Loan,471887,36,12.79,15852.05,2024-06-29,0,0
CUST106481,40,Delhi,Salaried,42775,900,Home Loan,1626688,300,9.87,14632.92,2024-02-22,340,1
CUST106482,55,Kolkata,Self-Employed,127860,683,Personal Loan,251482,12,15.58,22767.22,2023-04-12,0,0
CUST106483,47,Delhi,Salaried,45690,586,Personal Loan,176455,24,12.1,8314.59,2023-06-15,0,0
CUST106484,31,Mumbai,Self-Employed,57272,755,Business Loan,439143,36,11.27,14433.19,2024-10-23,0,0
CUST106485,50,Mumbai,Self-Employed,64027,774,Gold Loan,118177,12,11.99,10499.33,2024-04-14,0,0
CUST106486,33,Delhi,Self-Employed,89998,640,Gold Loan,78375,24,10.25,3625.66,2024-11-01,0,0
CUST106487,44,Chennai,Salaried,73596,781,Vehicle Loan,886455,60,10.94,19247.17,2024-05-09,0,0
CUST106488,26,Delhi,Self-Employed,61325,823,Gold Loan,245326,18,11.31,14881.97,2023-03-31,309,1
CUST106489,41,Kolkata,Self-Employed,135409,693,Home Loan,4384377,180,8.7,43690.23,2023-09-02,0,0
CUST106490,21,Ahmedabad,Salaried,35626,770,Business Loan,223741,24,13.25,10663.35,2024-02-20,0,0
CUST106491,27,Pune,Self-Employed,80995,805,Home Loan,1829591,240,9.9,17534.9,2023-02-07,0,0
CUST106492,38,Pune,Salaried,69518,752,Personal Loan,505217,24,17.4,25076.28,2024-02-25,327,1
CUST106493,41,Chennai,Self-Employed,42111,664,Business Loan,257619,24,11.54,12071.75,2023-04-15,0,0
CUST106494,45,Chennai,Business Owner,39892,686,Home Loan,907722,180,10.01,9759.98,2023-09-02,0,0
CUST106495,37,Lucknow,Self-Employed,87896,581,Personal Loan,601141,36,13.08,20277.99,2024-05-07,0,0
CUST106496,21,Bengaluru,Salaried,91131,644,Personal Loan,213144,12,16.62,19401.33,2024-05-16,0,0
CUST106497,22,Pune,Salaried,39527,621,Personal Loan,324172,48,15.83,9158.93,2023-08-14,0,0
CUST106498,50,Lucknow,Salaried,167367,768,Business Loan,332464,12,15.32,30057.86,2023-04-02,0,0
CUST106499,52,Ahmedabad,Salaried,59393,549,Vehicle Loan,1179545,60,10.98,25634.4,2023-12-25,0,0
CUST106500,44,Jaipur,Business Owner,60049,551,Gold Loan,63680,12,9.84,5593.75,2023-09-08,0,0
CUST106501,42,Lucknow,Salaried,68778,683,Personal Loan,157251,12,17.97,14414.53,2023-07-26,15,0
CUST106502,40,Mumbai,Self-Employed,44035,600,Vehicle Loan,173662,24,13.32,8282.33,2023-12-17,0,0
CUST106503,65,Bengaluru,Salaried,93431,743,Home Loan,1713795,300,10.35,15998.09,2023-05-31,0,0
CUST106504,38,Kolkata,Business Owner,35000,807,Home Loan,1048325,120,11.4,14679.06,2024-03-20,1,0
CUST106505,24,Mumbai,Self-Employed,44467,813,Gold Loan,318079,18,9.94,19094.11,2023-07-28,30,0
CUST106506,25,Delhi,Salaried,42648,666,Personal Loan,194956,36,14.84,6742.95,2023-12-01,1,0
CUST106507,47,Pune,Salaried,52066,791,Home Loan,1371298,120,9.55,17781.82,2024-07-21,0,0
CUST106508,37,Chennai,Salaried,70252,560,Personal Loan,447104,36,11.95,14839.58,2023-05-12,0,0
CUST106509,21,Chennai,Self-Employed,25000,522,Business Loan,97501,12,13.71,8741.04,2024-09-28,0,0
CUST106510,53,Lucknow,Salaried,99139,615,Gold Loan,55658,6,12.83,9626.54,2024-09-10,0,0
CUST106511,26,Pune,Salaried,35000,718,Home Loan,804795,180,9.7,8501.26,2024-07-13,0,0
CUST106512,47,Delhi,Salaried,39529,702,Personal Loan,100839,12,16.48,9172.13,2024-06-23,0,0
CUST106513,48,Bengaluru,Self-Employed,78496,538,Home Loan,1718692,180,9.76,18217.63,2023-06-18,0,0
CUST106514,27,Hyderabad,Salaried,52704,743,Home Loan,1168689,180,11.34,13533.86,2023-10-17,0,0
CUST106515,23,Lucknow,Self-Employed,143966,740,Personal Loan,169536,36,13.12,5722.14,2023-10-23,0,0
CUST106516,35,Bengaluru,Business Owner,37702,633,Personal Loan,53779,36,11.82,1781.61,2024-06-14,265,1
CUST106517,35,Hyderabad,Salaried,24248,894,Personal Loan,56214,12,11.55,4982.72,2023-11-18,0,0
CUST106518,60,Ahmedabad,Business Owner,43515,636,Personal Loan,111195,12,18.3,10210.24,2024-07-20,0,0
CUST106519,43,Ahmedabad,Business Owner,53015,645,Personal Loan,134652,12,14.38,12114.1,2023-08-18,0,0
CUST106520,41,Pune,Salaried,117410,708,Home Loan,2165179,240,10.85,22128.12,2023-01-24,317,1
CUST106521,26,Jaipur,Business Owner,104641,745,Home Loan,2259109,240,9.57,21161.23,2024-01-09,30,0
CUST106522,30,Chennai,Business Owner,40753,846,Home Loan,1522275,240,8.65,13355.53,2023-11-17,0,0
CUST106523,38,Lucknow,Salaried,99729,667,Business Loan,271654,12,15.01,24520.31,2023-07-24,0,0
CUST106524,48,Lucknow,Salaried,39061,769,Personal Loan,361628,48,14.7,10009.47,2023-09-25,30,0
CUST106525,28,Hyderabad,Self-Employed,87834,687,Gold Loan,333158,24,12.29,15728.06,2023-08-27,0,0
CUST106526,39,Kolkata,Self-Employed,74045,735,Gold Loan,122888,12,12.62,10954.12,2024-02-20,0,0
CUST106527,51,Pune,Business Owner,74258,441,Vehicle Loan,499431,36,11.93,16571.56,2023-03-22,0,0
CUST106528,35,Kolkata,Self-Employed,35438,712,Personal Loan,87921,48,12.18,2323.08,2024-02-04,0,0
CUST106529,44,Lucknow,Self-Employed,30819,519,Gold Loan,61135,6,9.24,10465.52,2024-08-02,0,0
CUST106530,32,Bengaluru,Business Owner,69558,603,Home Loan,1508456,240,10.05,14606.93,2024-03-28,171,1
CUST106531,39,Delhi,Self-Employed,42343,605,Gold Loan,109000,18,11.35,6614.18,2023-07-22,0,0
CUST106532,43,Pune,Salaried,54965,585,Personal Loan,78243,12,18.16,7179.28,2023-08-06,0,0
CUST106533,21,Jaipur,Self-Employed,75955,775,Gold Loan,212586,24,11.37,9944.73,2024-10-30,0,0
CUST106534,38,Chennai,Self-Employed,49531,498,Business Loan,391157,60,13.22,8944.14,2024-03-24,0,0
CUST106535,21,Delhi,Salaried,59214,805,Business Loan,310617,36,15.67,10869.83,2023-11-15,0,0
CUST106536,26,Pune,Salaried,45931,687,Home Loan,917136,120,10.03,12135.26,2024-11-14,0,0
CUST106537,25,Kolkata,Self-Employed,25718,540,Business Loan,323189,60,12.76,7313.9,2024-04-29,0,0
CUST106538,37,Kolkata,Self-Employed,46549,552,Vehicle Loan,166814,24,13.32,7955.74,2023-02-21,0,0
CUST106539,40,Lucknow,Salaried,21636,685,Personal Loan,51832,12,17.95,4750.72,2023-03-07,0,0
CUST106540,50,Chennai,Salaried,109045,580,Gold Loan,170189,6,12.05,29370.04,2023-05-18,0,0
CUST106541,64,Jaipur,Self-Employed,38287,769,Personal Loan,190477,48,11.67,4985.18,2023-02-23,255,1
CUST106542,32,Ahmedabad,Self-Employed,87473,707,Business Loan,360257,60,11.63,7946.52,2024-07-10,0,0
CUST106543,48,Pune,Business Owner,39425,651,Gold Loan,243736,24,12.44,11523.65,2024-10-14,102,1
CUST106544,31,Jaipur,Business Owner,45632,705,Home Loan,1460386,180,10.08,15764.93,2023-03-07,130,1
CUST106545,33,Mumbai,Self-Employed,34813,551,Personal Loan,91443,36,15.59,3196.39,2024-03-27,15,0
CUST106546,37,Jaipur,Business Owner,42204,508,Personal Loan,191911,36,16.54,6798.3,2024-07-25,0,0
CUST106547,43,Bengaluru,Self-Employed,25000,589,Business Loan,157803,24,17.15,7813.52,2024-07-15,329,1
CUST106548,31,Jaipur,Self-Employed,57882,554,Personal Loan,115230,12,12.87,10285.0,2024-01-20,115,1
CUST106549,59,Mumbai,Salaried,79235,561,Personal Loan,139246,12,12.57,12409.0,2023-08-30,7,0
CUST106550,43,Mumbai,Self-Employed,25000,539,Business Loan,301705,60,12.8,6833.87,2024-11-07,0,0
CUST106551,43,Mumbai,Salaried,32411,688,Vehicle Loan,222629,36,13.79,7586.24,2023-04-09,0,0
CUST106552,30,Chennai,Salaried,29161,674,Personal Loan,64840,12,12.06,5762.78,2023-08-22,0,0
CUST106553,39,Ahmedabad,Salaried,55778,660,Vehicle Loan,348593,24,11.37,16307.11,2023-10-07,0,0
CUST106554,24,Jaipur,Salaried,121705,692,Personal Loan,93394,12,17.39,8535.27,2023-09-23,0,0
CUST106555,44,Delhi,Business Owner,117605,618,Personal Loan,325727,12,12.86,29071.66,2024-10-17,0,0
CUST106556,40,Lucknow,Self-Employed,90072,631,Home Loan,1636079,300,10.21,15109.95,2024-01-15,0,0
CUST106557,23,Jaipur,Business Owner,44556,431,Home Loan,1049865,120,10.41,14113.5,2023-01-10,30,0
CUST106558,41,Bengaluru,Salaried,39690,835,Personal Loan,115892,12,14.76,10447.1,2023-06-10,0,0
CUST106559,45,Kolkata,Salaried,43537,784,Vehicle Loan,202570,60,13.53,4664.24,2023-06-08,30,0
CUST106560,40,Hyderabad,Business Owner,47749,767,Business Loan,462434,60,11.63,10200.34,2023-03-29,0,0
CUST106561,38,Mumbai,Self-Employed,22032,493,Vehicle Loan,230402,48,10.17,5862.42,2024-04-03,1,0
CUST106562,45,Ahmedabad,Salaried,63114,499,Personal Loan,211591,36,17.5,7596.55,2024-03-10,0,0
CUST106563,38,Hyderabad,Salaried,90246,563,Personal Loan,84956,24,18.0,4241.35,2024-08-09,0,0
CUST106564,36,Bengaluru,Salaried,25955,767,Vehicle Loan,314272,60,10.89,6815.81,2024-04-29,0,0
CUST106565,36,Mumbai,Self-Employed,29791,733,Gold Loan,57286,6,12.59,9901.31,2023-11-20,0,0
CUST106566,49,Delhi,Salaried,39323,626,Gold Loan,134447,18,12.31,8218.23,2023-09-14,0,0
CUST106567,41,Pune,Salaried,33426,644,Business Loan,319267,60,11.58,7034.34,2023-04-15,0,0
CUST106568,34,Pune,Salaried,52283,728,Personal Loan,239066,36,14.56,8235.88,2024-11-15,0,0
CUST106569,26,Chennai,Salaried,30708,733,Personal Loan,116314,36,12.08,3867.74,2024-02-06,0,0
CUST106570,29,Pune,Business Owner,17684,681,Gold Loan,32335,6,11.95,5578.55,2023-10-09,333,1
CUST106571,33,Chennai,Salaried,138156,575,Personal Loan,586298,36,12.63,19650.37,2023-04-10,0,0
CUST106572,36,Mumbai,Salaried,31632,536,Personal Loan,62074,36,15.17,2156.99,2023-06-20,0,0
CUST106573,22,Hyderabad,Business Owner,45758,695,Business Loan,373376,36,17.29,13365.82,2023-07-26,317,1
CUST106574,31,Delhi,Self-Employed,62873,834,Home Loan,1575769,120,8.95,19918.56,2023-04-01,0,0
CUST106575,24,Hyderabad,Self-Employed,50648,732,Personal Loan,117820,12,11.56,10443.93,2023-02-23,0,0
CUST106576,40,Pune,Salaried,125327,668,Gold Loan,632234,24,9.37,28990.9,2024-10-12,0,0
CUST106577,61,Bengaluru,Business Owner,44450,611,Business Loan,193983,12,14.53,17465.59,2024-08-03,0,0
CUST106578,52,Pune,Salaried,37570,703,Personal Loan,209236,48,17.39,6079.81,2024-08-31,0,0
CUST106579,32,Bengaluru,Salaried,71377,658,Business Loan,475722,36,14.84,16453.81,2024-01-31,0,0
CUST106580,37,Delhi,Salaried,28426,626,Business Loan,72282,12,11.49,6404.94,2024-04-12,15,0
CUST106581,23,Kolkata,Salaried,36420,666,Personal Loan,158660,36,17.44,5691.47,2024-08-11,0,0
CUST106582,46,Mumbai,Self-Employed,87748,652,Business Loan,743995,36,15.29,25896.61,2024-09-01,1,0
CUST106583,36,Lucknow,Salaried,27034,648,Business Loan,305605,60,11.65,6744.09,2024-10-28,0,0
CUST106584,39,Bengaluru,Self-Employed,34494,550,Personal Loan,81093,36,12.8,2724.54,2024-03-30,193,1
CUST106585,32,Ahmedabad,Salaried,29788,616,Personal Loan,179251,36,12.92,6032.77,2023-09-26,0,0
CUST106586,46,Chennai,Salaried,35000,722,Home Loan,828456,180,10.95,9390.21,2024-08-07,0,0
CUST106587,34,Pune,Salaried,55682,746,Personal Loan,116090,12,17.41,10610.56,2023-11-26,0,0
CUST106588,24,Chennai,Business Owner,42988,774,Gold Loan,192899,18,12.63,11819.91,2023-01-28,0,0
CUST106589,29,Delhi,Salaried,41021,632,Gold Loan,292529,24,10.59,13578.53,2024-04-25,0,0
CUST106590,34,Hyderabad,Business Owner,24387,447,Personal Loan,140858,36,13.34,4769.16,2024-03-09,208,1
CUST106591,21,Delhi,Salaried,24529,693,Gold Loan,127664,24,11.43,5975.66,2023-06-24,0,0
CUST106592,55,Kolkata,Self-Employed,87940,663,Home Loan,2005186,120,8.7,25076.44,2024-05-10,0,0
CUST106593,28,Chennai,Salaried,59034,615,Personal Loan,138213,12,18.09,12677.29,2024-02-08,0,0
CUST106594,48,Pune,Self-Employed,20000,735,Personal Loan,89003,24,17.87,4437.81,2023-12-14,0,0
CUST106595,51,Jaipur,Self-Employed,31187,596,Business Loan,357627,60,14.45,8405.02,2024-10-07,0,0
CUST106596,50,Chennai,Self-Employed,59224,679,Personal Loan,55853,24,12.74,2648.54,2024-01-19,0,0
CUST106597,36,Mumbai,Salaried,65658,600,Personal Loan,623670,36,18.67,22757.34,2024-08-21,0,0
CUST106598,52,Mumbai,Salaried,70948,789,Home Loan,1508452,180,10.49,16665.06,2024-03-10,0,0
CUST106599,46,Delhi,Salaried,27103,707,Gold Loan,85775,18,12.83,5263.87,2024-03-29,0,0
CUST106600,38,Hyderabad,Salaried,71408,618,Gold Loan,172697,12,12.48,15382.73,2024-07-29,0,0
CUST106601,35,Bengaluru,Salaried,71640,519,Vehicle Loan,315536,24,12.28,14894.67,2024-04-16,0,0
CUST106602,35,Mumbai,Salaried,46596,643,Home Loan,1049965,240,9.3,9650.33,2023-02-15,0,0
CUST106603,49,Jaipur,Self-Employed,39813,655,Business Loan,314801,60,16.69,7771.24,2023-09-19,0,0
CUST106604,51,Lucknow,Self-Employed,70326,567,Business Loan,383807,60,15.98,9329.36,2023-11-02,0,0
CUST106605,43,Pune,Business Owner,84841,759,Gold Loan,93980,6,12.16,16223.53,2024-11-11,0,0
CUST106606,30,Jaipur,Business Owner,60424,616,Home Loan,1338450,240,10.8,13633.61,2024-01-10,0,0
CUST106607,42,Mumbai,Self-Employed,25478,806,Personal Loan,67422,12,13.81,6047.6,2024-10-16,0,0
CUST106608,41,Lucknow,Self-Employed,72991,570,Gold Loan,222256,12,12.92,19842.96,2024-04-07,0,0
CUST106609,24,Mumbai,Business Owner,33738,695,Vehicle Loan,153757,24,11.26,7184.86,2024-08-21,0,0
CUST106610,36,Pune,Self-Employed,82965,529,Home Loan,1612128,120,10.43,21690.11,2023-12-18,0,0
CUST106611,26,Bengaluru,Salaried,43187,796,Home Loan,1766241,300,10.82,17081.8,2024-09-11,30,0
CUST106612,37,Hyderabad,Salaried,23550,710,Personal Loan,83238,24,15.37,4050.58,2024-09-07,0,0
CUST106613,26,Lucknow,Salaried,69593,775,Personal Loan,314653,24,18.23,15743.76,2023-08-12,282,1
CUST106614,64,Jaipur,Self-Employed,55313,785,Vehicle Loan,263877,24,10.53,12241.24,2024-01-09,0,0
CUST106615,27,Lucknow,Self-Employed,46844,696,Business Loan,290216,24,14.13,13951.94,2023-02-12,0,0
CUST106616,40,Delhi,Salaried,27095,695,Personal Loan,159057,36,18.13,5760.67,2024-08-23,0,0
CUST106617,32,Pune,Self-Employed,40297,672,Vehicle Loan,289381,36,13.12,9767.12,2023-07-26,101,1
CUST106618,57,Delhi,Business Owner,54901,622,Personal Loan,167098,36,15.16,5805.61,2023-12-20,15,0
CUST106619,40,Chennai,Self-Employed,67655,716,Business Loan,293461,24,13.53,14024.84,2023-10-10,0,0
CUST106620,39,Chennai,Self-Employed,97189,630,Business Loan,273061,12,15.19,24670.51,2024-01-15,0,0
CUST106621,45,Jaipur,Salaried,73970,622,Personal Loan,119656,12,14.37,10764.41,2024-05-21,0,0
CUST106622,40,Hyderabad,Self-Employed,44093,670,Gold Loan,140174,12,10.09,12329.39,2024-09-12,0,0
CUST106623,49,Kolkata,Salaried,109907,588,Business Loan,430684,12,11.02,38068.58,2023-09-15,0,0
CUST106624,44,Kolkata,Salaried,39556,748,Personal Loan,206588,48,14.06,5651.54,2024-08-05,175,1
CUST106625,39,Mumbai,Business Owner,49784,686,Business Loan,126942,12,12.86,11329.78,2023-09-02,276,1
CUST106626,36,Ahmedabad,Salaried,44158,477,Home Loan,955653,240,10.82,9747.34,2023-01-29,0,0
CUST106627,38,Pune,Self-Employed,40033,683,Gold Loan,186558,24,12.75,8847.42,2023-08-12,30,0
CUST106628,45,Lucknow,Business Owner,32096,786,Gold Loan,115622,24,12.46,5467.6,2023-08-08,0,0
CUST106629,33,Jaipur,Salaried,26814,748,Business Loan,219306,36,13.2,7410.43,2024-07-12,0,0
CUST106630,35,Delhi,Salaried,111318,714,Gold Loan,109589,18,12.44,6705.38,2023-04-13,213,1
CUST106631,39,Chennai,Salaried,75471,607,Personal Loan,92041,48,15.36,2578.4,2023-01-27,0,0
CUST106632,41,Kolkata,Salaried,39936,769,Personal Loan,284887,24,13.78,13648.66,2024-10-06,0,0
CUST106633,41,Bengaluru,Salaried,50102,552,Personal Loan,144188,24,12.01,6788.1,2023-12-27,0,0
CUST106634,22,Chennai,Self-Employed,45984,703,Personal Loan,391806,36,16.73,13916.36,2023-05-15,0,0
CUST106635,46,Mumbai,Self-Employed,68423,681,Vehicle Loan,313348,36,11.76,10371.76,2024-05-20,0,0
CUST106636,45,Jaipur,Self-Employed,68650,556,Home Loan,1572631,180,9.3,16232.54,2023-04-10,0,0
CUST106637,51,Kolkata,Business Owner,88732,749,Home Loan,1944838,180,10.88,21958.64,2024-08-25,0,0
CUST106638,44,Jaipur,Self-Employed,53349,614,Personal Loan,397137,36,18.75,14507.31,2024-10-16,0,0
CUST106639,38,Delhi,Salaried,113156,581,Personal Loan,176405,24,13.88,8459.72,2023-02-15,0,0
CUST106640,50,Pune,Salaried,37100,791,Personal Loan,70387,24,18.73,3538.88,2023-05-15,0,0
CUST106641,35,Ahmedabad,Salaried,91835,780,Gold Loan,140327,12,11.41,12429.19,2023-11-23,0,0
CUST106642,35,Hyderabad,Salaried,43015,617,Business Loan,293967,24,17.45,14598.04,2024-06-27,0,0
CUST106643,39,Mumbai,Self-Employed,31104,642,Personal Loan,125902,24,18.38,6308.69,2024-01-24,0,0
CUST106644,35,Ahmedabad,Salaried,45759,619,Vehicle Loan,187465,24,10.95,8732.99,2023-03-22,179,1
CUST106645,34,Kolkata,Salaried,62522,680,Business Loan,306513,24,13.17,14596.67,2023-05-21,15,0
CUST106646,29,Lucknow,Self-Employed,70536,796,Personal Loan,102643,24,12.19,4840.87,2024-01-15,0,0
CUST106647,21,Jaipur,Salaried,35000,696,Home Loan,1300824,240,10.82,13267.97,2024-02-07,0,0
CUST106648,41,Kolkata,Salaried,35028,664,Personal Loan,66149,36,18.25,2399.75,2023-06-12,0,0
CUST106649,33,Chennai,Salaried,33682,622,Business Loan,299336,60,13.04,6816.94,2024-09-10,0,0
CUST106650,37,Kolkata,Salaried,25872,587,Personal Loan,122130,48,11.56,3189.83,2023-11-24,0,0
CUST106651,28,Mumbai,Salaried,80470,507,Personal Loan,632293,24,17.53,31423.26,2024-08-14,331,1
CUST106652,52,Bengaluru,Salaried,35000,793,Home Loan,1187280,120,8.78,14898.96,2024-09-04,0,0
CUST106653,25,Jaipur,Salaried,25915,620,Business Loan,235246,36,13.38,7969.49,2024-06-03,0,0
CUST106654,36,Kolkata,Salaried,21475,613,Personal Loan,154150,48,18.42,4562.06,2023-09-21,230,1
CUST106655,29,Hyderabad,Self-Employed,31673,628,Personal Loan,127563,12,13.77,11439.71,2024-03-22,0,0
CUST106656,44,Chennai,Business Owner,37502,505,Business Loan,301957,24,13.12,14372.61,2023-08-18,0,0
CUST106657,38,Chennai,Salaried,66206,709,Personal Loan,701781,36,13.18,23706.67,2023-01-11,0,0
CUST106658,44,Kolkata,Salaried,50495,628,Gold Loan,101850,12,12.03,9050.68,2023-10-17,0,0
CUST106659,37,Pune,Salaried,30870,482,Personal Loan,205674,48,15.84,5812.02,2024-10-18,0,0
CUST106660,33,Delhi,Self-Employed,37967,735,Business Loan,392678,36,12.35,13108.27,2023-07-28,0,0
CUST106661,29,Mumbai,Business Owner,26353,757,Personal Loan,238733,36,17.31,8548.36,2023-02-04,0,0
CUST106662,21,Bengaluru,Business Owner,138623,811,Home Loan,5834222,300,9.35,50366.4,2023-01-13,0,0
CUST106663,40,Kolkata,Self-Employed,82591,718,Personal Loan,147290,12,15.43,13324.05,2023-10-16,0,0
CUST106664,23,Mumbai,Self-Employed,25000,552,Business Loan,116989,24,15.1,5677.96,2023-11-10,0,0
CUST106665,39,Bengaluru,Business Owner,97822,754,Business Loan,547737,24,14.01,26301.02,2023-08-25,0,0
CUST106666,28,Hyderabad,Self-Employed,56101,643,Personal Loan,90146,24,13.84,4321.36,2024-07-10,0,0
CUST106667,36,Bengaluru,Salaried,54233,670,Gold Loan,251462,24,10.23,11630.41,2024-10-30,0,0
CUST106668,62,Bengaluru,Salaried,62565,791,Gold Loan,243499,12,11.3,21554.93,2024-01-10,30,0
CUST106669,42,Hyderabad,Salaried,47157,519,Personal Loan,363799,36,12.16,12111.15,2023-01-18,0,0
CUST106670,40,Lucknow,Business Owner,76584,791,Home Loan,1840028,240,10.98,18967.52,2024-03-03,247,1
CUST106671,30,Mumbai,Business Owner,40258,646,Personal Loan,199100,48,13.1,5351.24,2023-01-16,0,0
CUST106672,31,Ahmedabad,Business Owner,63183,763,Home Loan,1669958,120,9.62,21718.72,2024-01-14,0,0
CUST106673,35,Pune,Self-Employed,87175,701,Personal Loan,161910,12,17.5,14805.41,2023-06-06,0,0
CUST106674,35,Kolkata,Business Owner,71099,421,Gold Loan,139471,6,12.79,24119.97,2023-05-01,176,1
CUST106675,45,Ahmedabad,Salaried,33661,640,Gold Loan,127028,12,11.42,11251.85,2023-10-19,0,0
CUST106676,50,Bengaluru,Self-Employed,63160,667,Gold Loan,88224,12,9.26,7725.96,2023-03-30,164,1
CUST106677,57,Hyderabad,Self-Employed,59570,589,Home Loan,1616110,240,8.64,14168.51,2024-02-26,0,0
CUST106678,47,Lucknow,Self-Employed,44990,580,Personal Loan,337649,48,13.91,9211.52,2024-07-24,0,0
CUST106679,58,Bengaluru,Salaried,38752,685,Personal Loan,114041,36,12.78,3830.42,2023-03-09,0,0
CUST106680,54,Lucknow,Salaried,35000,734,Home Loan,553960,120,10.09,7348.26,2023-05-27,0,0
CUST106681,26,Kolkata,Salaried,37839,722,Gold Loan,214519,24,12.97,10195.6,2024-07-08,0,0
CUST106682,21,Lucknow,Salaried,26061,568,Gold Loan,31749,6,9.64,5441.27,2023-06-21,127,1
CUST106683,40,Delhi,Salaried,52723,660,Personal Loan,69816,24,18.47,3501.38,2024-07-13,1,0
CUST106684,50,Jaipur,Salaried,33852,750,Gold Loan,66883,12,12.58,5960.64,2024-03-11,0,0
CUST106685,38,Jaipur,Business Owner,36855,624,Business Loan,303001,36,15.4,10563.08,2024-11-10,0,0
CUST106686,35,Hyderabad,Self-Employed,35000,763,Home Loan,991280,180,8.91,10001.22,2024-04-12,0,0
CUST106687,54,Jaipur,Salaried,45649,743,Gold Loan,125450,18,10.5,7563.07,2023-01-30,0,0
CUST106688,51,Hyderabad,Salaried,64824,662,Personal Loan,528468,36,12.84,17765.48,2023-02-12,1,0
CUST106689,34,Delhi,Self-Employed,88890,550,Home Loan,1675622,240,8.64,14690.25,2023-12-21,7,0
CUST106690,53,Jaipur,Salaried,20261,658,Gold Loan,113584,24,11.89,5340.96,2023-11-29,0,0
CUST106691,35,Pune,Salaried,36188,643,Gold Loan,44339,6,9.83,7603.15,2024-02-10,0,0
CUST106692,59,Delhi,Self-Employed,22250,691,Vehicle Loan,275982,48,12.04,7273.09,2024-03-29,0,0
CUST106693,42,Mumbai,Business Owner,25000,604,Business Loan,93013,12,14.09,8355.31,2023-11-28,0,0
CUST106694,32,Hyderabad,Salaried,59614,791,Business Loan,377523,36,17.09,13476.64,2023-08-09,0,0
CUST106695,55,Pune,Salaried,46514,597,Personal Loan,160269,24,18.82,8064.93,2024-11-25,0,0
CUST106696,33,Hyderabad,Salaried,142216,654,Business Loan,895046,36,11.79,29638.64,2024-02-27,0,0
CUST106697,33,Delhi,Self-Employed,65815,678,Personal Loan,412143,36,11.79,13647.74,2024-01-19,0,0
CUST106698,40,Delhi,Business Owner,81486,787,Home Loan,1607408,120,10.67,21842.85,2024-07-21,0,0
CUST106699,29,Jaipur,Salaried,86539,654,Gold Loan,125149,6,10.02,21471.97,2024-07-27,0,0
CUST106700,45,Mumbai,Self-Employed,43474,691,Gold Loan,74273,18,10.15,4465.75,2023-06-22,0,0
CUST106701,21,Hyderabad,Salaried,69973,549,Gold Loan,97943,18,11.47,5948.68,2023-01-24,0,0
CUST106702,32,Pune,Business Owner,85965,670,Personal Loan,234867,12,17.52,21478.99,2024-07-22,0,0
CUST106703,43,Kolkata,Salaried,34766,669,Personal Loan,115635,12,16.49,10518.49,2024-03-27,263,1
CUST106704,37,Bengaluru,Business Owner,60322,863,Personal Loan,327004,24,16.69,16119.15,2024-08-26,0,0
CUST106705,33,Mumbai,Self-Employed,58835,900,Business Loan,322395,36,14.46,11090.86,2024-06-24,0,0
CUST106706,44,Kolkata,Salaried,67795,724,Business Loan,401252,36,14.98,13905.6,2023-06-20,0,0
CUST106707,38,Bengaluru,Business Owner,49304,647,Home Loan,1215003,240,8.95,10892.66,2023-05-23,0,0
CUST106708,32,Ahmedabad,Salaried,61255,700,Personal Loan,92253,12,18.11,8462.58,2023-09-08,0,0
CUST106709,37,Kolkata,Business Owner,25000,590,Business Loan,116204,12,17.03,10600.01,2024-11-23,0,0
CUST106710,45,Delhi,Salaried,90490,489,Home Loan,2155947,240,9.94,20719.72,2023-04-08,0,0
CUST106711,64,Lucknow,Salaried,52693,638,Home Loan,1699321,180,8.62,16853.63,2024-10-27,0,0
CUST106712,41,Bengaluru,Salaried,32367,654,Vehicle Loan,385677,36,12.28,12861.63,2023-12-08,0,0
CUST106713,26,Chennai,Salaried,46839,769,Personal Loan,538210,36,12.16,17917.43,2023-02-20,0,0
CUST106714,37,Pune,Salaried,22534,730,Personal Loan,160492,36,16.12,5651.94,2023-05-18,30,0
CUST106715,35,Delhi,Salaried,112097,623,Vehicle Loan,328696,36,10.57,10694.28,2024-10-13,346,1
CUST106716,41,Hyderabad,Business Owner,105526,468,Personal Loan,537893,24,18.22,26911.04,2024-04-06,121,1
CUST106717,35,Kolkata,Self-Employed,27714,648,Gold Loan,51740,6,11.79,8922.28,2023-05-10,0,0
CUST106718,49,Bengaluru,Salaried,74993,654,Business Loan,752610,60,14.09,17547.05,2023-03-09,0,0
CUST106719,61,Ahmedabad,Self-Employed,20000,761,Personal Loan,191273,48,14.81,5304.87,2023-11-03,0,0
CUST106720,60,Jaipur,Salaried,65217,675,Home Loan,1573819,120,11.02,21697.18,2024-10-08,0,0
CUST106721,21,Lucknow,Business Owner,45679,434,Business Loan,287405,36,16.39,10159.73,2024-07-24,0,0
CUST106722,33,Chennai,Salaried,55194,524,Personal Loan,130575,48,18.36,3860.25,2024-07-27,209,1
CUST106723,33,Pune,Business Owner,27964,735,Personal Loan,110685,36,15.42,3859.74,2024-11-20,30,0
CUST106724,48,Jaipur,Salaried,95868,625,Gold Loan,188598,12,9.51,16537.81,2024-01-05,0,0
CUST106725,25,Lucknow,Salaried,22485,741,Personal Loan,56289,12,18.01,5160.84,2024-02-18,0,0
CUST106726,38,Pune,Salaried,42353,686,Personal Loan,116924,12,15.25,10567.16,2023-08-15,0,0
CUST106727,21,Chennai,Self-Employed,32820,783,Business Loan,457089,60,12.26,10227.85,2023-07-18,0,0
CUST106728,49,Pune,Salaried,38128,630,Home Loan,1428334,240,10.19,13964.02,2023-02-07,0,0
CUST106729,32,Bengaluru,Self-Employed,47495,601,Personal Loan,291515,48,13.1,7835.09,2023-06-26,0,0
CUST106730,27,Lucknow,Self-Employed,109939,704,Personal Loan,413351,48,17.29,11989.37,2024-06-22,115,1
CUST106731,38,Mumbai,Salaried,35000,757,Home Loan,1637221,300,9.14,13896.8,2024-03-08,0,0
CUST106732,30,Kolkata,Salaried,30237,778,Personal Loan,267163,48,16.79,7680.0,2023-04-23,0,0
CUST106733,37,Mumbai,Salaried,90877,568,Business Loan,368237,24,12.3,17385.83,2023-06-24,0,0
CUST106734,57,Hyderabad,Self-Employed,47264,656,Home Loan,1403475,120,9.22,17946.16,2023-10-10,7,0
CUST106735,34,Jaipur,Business Owner,111551,825,Personal Loan,78927,12,15.32,7135.74,2024-09-15,0,0
CUST106736,21,Delhi,Salaried,84832,706,Personal Loan,841368,48,17.36,24434.7,2024-03-16,1,0
CUST106737,44,Hyderabad,Self-Employed,124413,791,Home Loan,3484971,180,10.21,37898.67,2024-06-21,0,0
CUST106738,43,Delhi,Salaried,89676,716,Business Loan,314622,12,12.26,27992.07,2023-01-03,143,1
CUST106739,37,Jaipur,Self-Employed,24520,710,Vehicle Loan,150547,36,11.01,4929.43,2024-08-03,1,0
CUST106740,34,Delhi,Salaried,93228,626,Gold Loan,130329,18,11.19,7898.78,2023-03-15,0,0
CUST106741,21,Pune,Salaried,44540,684,Vehicle Loan,198388,48,11.05,5132.26,2023-09-03,0,0
CUST106742,30,Mumbai,Salaried,228166,763,Personal Loan,608680,12,14.57,54815.0,2024-11-02,331,1
CUST106743,52,Kolkata,Self-Employed,26653,579,Personal Loan,116284,48,15.32,3255.16,2023-09-26,30,0
CUST106744,31,Pune,Salaried,72289,549,Business Loan,317309,12,12.76,28305.46,2023-04-09,30,0
CUST106745,40,Lucknow,Salaried,112602,677,Business Loan,1588574,60,16.15,38757.76,2024-05-14,0,0
CUST106746,52,Bengaluru,Salaried,67067,624,Home Loan,1946179,240,11.29,20473.74,2023-11-08,0,0
CUST106747,26,Chennai,Business Owner,42197,601,Gold Loan,66927,12,9.91,5881.15,2023-03-29,0,0
CUST106748,64,Jaipur,Salaried,25000,627,Business Loan,293568,36,14.96,10170.88,2024-01-22,1,0
CUST106749,21,Bengaluru,Salaried,37371,682,Home Loan,1116908,300,11.08,11011.62,2023-02-17,30,0
CUST106750,59,Mumbai,Salaried,125653,727,Personal Loan,314474,36,18.79,11494.0,2023-02-02,0,0
CUST106751,35,Lucknow,Salaried,35000,782,Home Loan,592993,120,10.38,7961.76,2023-06-02,30,0
CUST106752,36,Lucknow,Self-Employed,43426,679,Home Loan,1541514,180,8.97,15607.56,2023-05-15,306,1
CUST106753,35,Delhi,Salaried,100514,539,Gold Loan,161638,12,12.99,14436.31,2023-03-18,0,0
CUST106754,21,Ahmedabad,Salaried,78278,819,Personal Loan,54023,12,15.88,4898.49,2023-05-13,293,1
CUST106755,48,Jaipur,Salaried,85746,621,Personal Loan,522193,36,16.86,18581.24,2023-04-21,1,0
CUST106756,32,Kolkata,Salaried,41646,667,Home Loan,923186,300,10.05,8421.56,2024-03-28,0,0
CUST106757,39,Kolkata,Self-Employed,49969,695,Home Loan,2064612,240,9.77,19610.36,2024-07-31,190,1
CUST106758,40,Delhi,Salaried,34828,588,Business Loan,104100,12,14.58,9375.27,2024-04-29,0,0
CUST106759,48,Kolkata,Salaried,46408,723,Home Loan,1322301,300,11.37,13315.27,2024-03-02,30,0
CUST106760,27,Delhi,Salaried,51469,551,Vehicle Loan,284672,24,12.07,13409.81,2024-11-13,0,0
CUST106761,48,Delhi,Salaried,136775,712,Home Loan,3016833,240,9.94,28993.27,2023-08-03,7,0
CUST106762,31,Lucknow,Self-Employed,35135,709,Vehicle Loan,156517,24,13.28,7461.7,2024-02-13,266,1
CUST106763,21,Mumbai,Salaried,52907,657,Personal Loan,155787,48,17.76,4556.73,2024-10-05,0,0
CUST106764,40,Jaipur,Salaried,30526,688,Gold Loan,102754,24,11.94,4834.11,2023-12-16,0,0
CUST106765,58,Mumbai,Self-Employed,37480,625,Personal Loan,109197,24,18.11,5457.37,2024-10-07,0,0
CUST106766,28,Lucknow,Self-Employed,34907,674,Vehicle Loan,155465,48,13.91,4241.3,2024-09-18,0,0
CUST106767,27,Pune,Salaried,64886,730,Business Loan,312685,24,11.51,14647.72,2023-01-19,0,0
CUST106768,23,Jaipur,Business Owner,133319,661,Vehicle Loan,598143,48,11.62,15640.03,2024-06-04,30,0
CUST106769,31,Pune,Salaried,107022,405,Vehicle Loan,536857,24,10.01,24775.7,2023-04-09,0,0
CUST106770,46,Hyderabad,Salaried,54898,762,Business Loan,569477,60,15.29,13634.66,2024-09-27,0,0
CUST106771,34,Kolkata,Salaried,56855,833,Personal Loan,57556,24,12.85,2732.26,2023-01-06,0,0
CUST106772,37,Pune,Salaried,61383,658,Business Loan,361667,36,15.08,12551.48,2024-11-25,15,0
CUST106773,21,Jaipur,Business Owner,56218,572,Home Loan,1551577,240,10.22,15199.91,2023-10-22,7,0
CUST106774,34,Pune,Business Owner,42510,652,Home Loan,1215938,300,9.82,10895.33,2024-04-04,122,1
CUST106775,47,Hyderabad,Salaried,35000,670,Home Loan,1310416,180,8.67,13035.1,2024-04-02,1,0
CUST106776,49,Delhi,Salaried,83358,743,Home Loan,2114196,180,9.0,21443.58,2023-08-28,0,0
CUST106777,43,Chennai,Self-Employed,26342,752,Personal Loan,71465,12,13.41,6396.81,2023-01-05,0,0
CUST106778,28,Lucknow,Self-Employed,49015,694,Personal Loan,97919,12,17.77,8966.5,2024-07-12,256,1
CUST106779,42,Bengaluru,Self-Employed,56477,851,Home Loan,2067396,240,10.34,20418.75,2023-07-15,1,0
CUST106780,25,Bengaluru,Self-Employed,71577,764,Personal Loan,197270,36,16.27,6961.75,2024-03-08,0,0
CUST106781,41,Lucknow,Salaried,74966,643,Business Loan,228093,12,11.71,20234.86,2023-09-14,0,0
CUST106782,21,Hyderabad,Business Owner,39134,697,Gold Loan,125680,12,11.06,11111.32,2023-04-02,1,0
CUST106783,21,Delhi,Self-Employed,56137,636,Vehicle Loan,356340,60,11.84,7897.81,2024-07-13,0,0
CUST106784,42,Bengaluru,Business Owner,24070,781,Personal Loan,119249,24,18.46,5979.94,2023-09-06,0,0
CUST106785,33,Delhi,Salaried,91928,809,Personal Loan,304443,48,14.95,8465.16,2024-05-25,0,0
CUST106786,41,Jaipur,Salaried,78723,841,Home Loan,1851151,180,11.33,21425.31,2023-12-31,0,0
CUST106787,46,Delhi,Salaried,69018,675,Vehicle Loan,506657,24,13.43,24189.86,2023-11-21,0,0
CUST106788,31,Ahmedabad,Salaried,52271,675,Home Loan,1140697,120,9.0,14449.87,2024-02-12,0,0
CUST106789,29,Delhi,Self-Employed,54581,643,Personal Loan,223623,36,14.99,7750.87,2024-06-14,114,1
CUST106790,35,Ahmedabad,Self-Employed,66245,627,Home Loan,1579939,300,9.85,14190.19,2024-09-10,284,1
CUST106791,38,Bengaluru,Self-Employed,83588,842,Personal Loan,373397,24,13.78,17889.08,2023-03-30,0,0
CUST106792,52,Hyderabad,Business Owner,83831,643,Gold Loan,289739,18,12.28,17706.59,2023-02-07,0,0
CUST106793,29,Hyderabad,Salaried,26034,652,Personal Loan,64365,12,16.99,5870.09,2023-07-21,0,0
CUST106794,28,Ahmedabad,Salaried,60806,776,Business Loan,302548,24,11.86,14222.21,2023-09-13,0,0
CUST106795,37,Hyderabad,Salaried,44462,536,Business Loan,309964,24,15.09,15042.37,2024-08-23,0,0
CUST106796,21,Bengaluru,Salaried,42638,442,Gold Loan,121102,18,9.13,7224.62,2024-07-09,0,0
CUST106797,31,Ahmedabad,Self-Employed,130980,802,Business Loan,444223,24,15.11,21562.11,2024-08-02,15,0
CUST106798,44,Ahmedabad,Salaried,37810,685,Business Loan,282030,24,15.95,13802.33,2024-02-04,15,0
CUST106799,23,Kolkata,Self-Employed,40221,692,Personal Loan,337178,36,14.16,11550.16,2023-02-07,0,0
CUST106800,40,Delhi,Salaried,99583,567,Personal Loan,228573,12,13.7,20490.66,2024-09-10,0,0
CUST106801,37,Pune,Salaried,70328,702,Business Loan,694460,36,11.78,22993.11,2024-10-17,0,0
CUST106802,34,Lucknow,Self-Employed,58225,708,Home Loan,952007,120,11.0,13113.9,2023-01-19,30,0
CUST106803,35,Bengaluru,Self-Employed,106653,691,Personal Loan,65030,12,11.79,5771.45,2023-03-31,0,0
CUST106804,43,Chennai,Self-Employed,61411,709,Personal Loan,298535,36,15.11,10364.9,2023-11-29,0,0
CUST106805,36,Mumbai,Salaried,34680,734,Gold Loan,130568,24,9.36,5986.56,2024-11-08,0,0
CUST106806,29,Hyderabad,Salaried,56122,718,Home Loan,2138033,300,9.21,18250.75,2023-07-01,0,0
CUST106807,44,Lucknow,Salaried,85748,737,Home Loan,1797813,120,9.42,23184.59,2024-07-15,1,0
CUST106808,37,Mumbai,Salaried,35803,559,Personal Loan,84660,48,15.69,2385.87,2023-01-22,0,0
CUST106809,33,Bengaluru,Self-Employed,65314,644,Personal Loan,353288,48,18.52,10474.08,2024-11-22,15,0
CUST106810,35,Hyderabad,Self-Employed,56336,562,Business Loan,245674,12,15.57,22240.25,2024-05-12,0,0
CUST106811,38,Mumbai,Salaried,26536,711,Personal Loan,80947,48,14.8,2244.62,2023-09-23,0,0
CUST106812,41,Ahmedabad,Salaried,27655,756,Business Loan,118193,12,12.7,10540.05,2023-12-16,0,0
CUST106813,53,Bengaluru,Self-Employed,75719,631,Personal Loan,59492,24,18.99,2998.62,2023-10-28,0,0
CUST106814,21,Jaipur,Business Owner,61766,688,Home Loan,1976927,300,9.17,16821.04,2023-03-15,0,0
CUST106815,44,Hyderabad,Salaried,25700,666,Vehicle Loan,191223,36,9.74,6146.91,2023-05-01,15,0
CUST106816,33,Chennai,Self-Employed,27651,703,Personal Loan,90665,12,12.08,8058.87,2023-04-08,0,0
CUST106817,28,Lucknow,Self-Employed,57954,671,Home Loan,1466868,120,8.72,18360.11,2024-07-28,176,1
CUST106818,32,Pune,Salaried,143253,684,Vehicle Loan,613578,24,10.04,28324.84,2024-10-24,0,0
CUST106819,27,Kolkata,Salaried,35000,737,Home Loan,1110186,180,9.01,11266.85,2024-06-20,0,0
CUST106820,40,Delhi,Self-Employed,55027,571,Vehicle Loan,164719,36,12.16,5483.62,2024-08-15,0,0
CUST106821,42,Pune,Salaried,28740,574,Gold Loan,55061,6,12.66,9518.65,2023-01-23,0,0
CUST106822,43,Chennai,Self-Employed,87013,714,Business Loan,415699,60,13.86,9642.44,2023-01-01,15,0
CUST106823,42,Pune,Self-Employed,57420,651,Business Loan,282799,24,17.65,14070.71,2023-01-10,0,0
CUST106824,42,Hyderabad,Salaried,73975,595,Home Loan,1707004,300,11.46,17301.26,2023-02-09,0,0
CUST106825,49,Mumbai,Salaried,40370,612,Personal Loan,70709,12,12.94,6313.54,2024-01-27,0,0
CUST106826,51,Lucknow,Self-Employed,25114,721,Business Loan,330236,36,11.01,10813.07,2023-05-20,30,0
CUST106827,21,Pune,Self-Employed,42911,876,Personal Loan,63836,12,12.13,5675.63,2023-02-19,0,0
CUST106828,38,Hyderabad,Self-Employed,111526,676,Personal Loan,851046,36,16.88,30291.31,2023-03-11,153,1
CUST106829,26,Chennai,Self-Employed,57173,452,Personal Loan,689313,48,12.6,18355.99,2024-03-06,0,0
CUST106830,26,Jaipur,Salaried,71073,731,Vehicle Loan,163722,36,12.5,5477.09,2023-01-11,0,0
CUST106831,41,Pune,Self-Employed,77161,572,Home Loan,1189265,120,10.5,16047.35,2023-08-09,0,0
CUST106832,31,Mumbai,Business Owner,50483,498,Gold Loan,125955,24,9.65,5791.86,2023-03-10,279,1
CUST106833,37,Hyderabad,Business Owner,91586,704,Personal Loan,960128,36,11.53,31674.89,2023-04-11,0,0
CUST106834,42,Mumbai,Self-Employed,89419,710,Gold Loan,241345,18,11.4,14650.53,2024-06-10,1,0
CUST106835,26,Chennai,Business Owner,90256,585,Gold Loan,216369,12,10.75,19097.83,2024-03-27,1,0
CUST106836,44,Mumbai,Salaried,78552,710,Personal Loan,115583,48,15.2,3228.49,2023-08-27,0,0
CUST106837,45,Ahmedabad,Self-Employed,57196,790,Gold Loan,316838,18,10.41,19088.23,2023-10-01,0,0
CUST106838,52,Lucknow,Self-Employed,71623,722,Personal Loan,271905,36,12.37,9079.26,2024-03-20,0,0
CUST106839,49,Chennai,Salaried,61425,703,Home Loan,1542969,120,9.68,20118.02,2023-04-19,0,0
CUST106840,37,Delhi,Salaried,63626,545,Business Loan,384235,36,14.82,13285.79,2023-10-10,0,0
CUST106841,30,Ahmedabad,Business Owner,44097,560,Personal Loan,95189,12,18.14,8733.27,2023-03-28,278,1
CUST106842,45,Bengaluru,Salaried,49766,697,Home Loan,805875,120,10.91,11059.91,2023-06-27,7,0
CUST106843,36,Delhi,Self-Employed,41144,704,Personal Loan,342975,48,12.85,9175.65,2024-08-09,120,1
CUST106844,37,Bengaluru,Salaried,68632,811,Home Loan,1703511,300,8.93,14214.23,2023-10-11,0,0
CUST106845,41,Bengaluru,Salaried,25670,731,Business Loan,239134,60,14.36,5608.96,2023-08-28,30,0
CUST106846,34,Hyderabad,Salaried,41010,843,Personal Loan,106467,12,18.83,9803.0,2024-08-21,7,0
CUST106847,35,Chennai,Salaried,152289,564,Vehicle Loan,796666,36,11.17,26146.01,2024-05-07,0,0
CUST106848,31,Hyderabad,Salaried,20000,625,Vehicle Loan,185185,48,11.2,4804.21,2023-09-12,0,0
CUST106849,41,Lucknow,Self-Employed,35000,769,Home Loan,1101999,120,10.12,14636.32,2023-07-05,209,1
CUST106850,40,Chennai,Salaried,20000,682,Personal Loan,76202,24,12.15,3592.43,2024-08-07,0,0
CUST106851,25,Chennai,Salaried,58814,530,Personal Loan,779768,48,14.12,21355.28,2024-08-29,0,0
CUST106852,44,Pune,Salaried,42846,624,Personal Loan,112152,12,18.31,10298.65,2024-11-07,0,0
CUST106853,43,Pune,Salaried,42368,646,Home Loan,1321345,120,11.22,18366.47,2023-11-08,15,0
CUST106854,33,Bengaluru,Salaried,35000,607,Home Loan,977907,180,11.17,11219.47,2024-10-21,0,0
CUST106855,35,Kolkata,Self-Employed,20000,535,Personal Loan,56184,36,17.68,2022.18,2024-10-28,179,1
CUST106856,40,Ahmedabad,Self-Employed,45677,598,Personal Loan,240563,48,14.39,6620.9,2024-03-08,0,0
CUST106857,50,Mumbai,Self-Employed,32999,534,Personal Loan,92541,12,11.78,8212.63,2024-11-30,0,0
CUST106858,48,Ahmedabad,Business Owner,47462,689,Home Loan,1533599,180,9.76,16255.69,2024-10-14,0,0
CUST106859,21,Pune,Business Owner,71661,674,Personal Loan,60896,48,18.66,1809.89,2023-10-09,240,1
CUST106860,28,Hyderabad,Self-Employed,39038,785,Personal Loan,169777,24,17.63,8445.64,2023-06-19,0,0
CUST106861,42,Jaipur,Self-Employed,137759,483,Personal Loan,147900,24,14.94,7166.96,2024-08-01,0,0
CUST106862,32,Pune,Salaried,50779,822,Gold Loan,68925,6,11.17,11864.64,2023-08-30,15,0
CUST106863,31,Jaipur,Self-Employed,174716,721,Gold Loan,698394,18,11.81,42527.88,2023-09-07,0,0
CUST106864,37,Chennai,Self-Employed,49931,540,Vehicle Loan,238075,36,13.63,8094.12,2023-12-02,7,0
CUST106865,22,Ahmedabad,Salaried,89364,756,Personal Loan,344087,36,13.25,11635.13,2024-04-11,0,0
CUST106866,30,Mumbai,Self-Employed,38118,708,Gold Loan,71693,12,11.67,6358.77,2024-10-08,257,1
CUST106867,29,Kolkata,Business Owner,50018,682,Vehicle Loan,266987,48,10.2,6797.15,2024-02-09,0,0
CUST106868,44,Pune,Salaried,26413,783,Vehicle Loan,168628,24,13.57,8062.1,2024-03-18,0,0
CUST106869,47,Delhi,Salaried,36944,701,Personal Loan,315058,36,17.93,11379.04,2024-05-16,0,0
CUST106870,25,Kolkata,Salaried,64467,841,Home Loan,2166483,300,10.72,20796.88,2024-07-26,0,0
CUST106871,23,Pune,Salaried,20818,709,Vehicle Loan,124241,36,13.77,4232.4,2023-09-22,0,0
CUST106872,50,Hyderabad,Salaried,41223,721,Personal Loan,96728,24,16.63,4765.27,2023-06-15,186,1
CUST106873,32,Mumbai,Salaried,48951,635,Home Loan,1133038,180,10.26,12356.54,2024-10-14,7,0
CUST106874,21,Jaipur,Salaried,52293,900,Vehicle Loan,386472,36,9.81,12435.92,2023-11-05,0,0
CUST106875,40,Chennai,Salaried,35000,582,Home Loan,777762,240,10.89,7969.83,2023-06-04,108,1
CUST106876,51,Bengaluru,Salaried,29232,683,Business Loan,225268,24,16.91,11128.02,2024-01-19,0,0
CUST106877,42,Hyderabad,Salaried,45405,779,Gold Loan,61445,6,11.42,10584.63,2024-09-26,0,0
CUST106878,26,Ahmedabad,Salaried,27539,767,Personal Loan,115231,48,15.84,3256.24,2023-05-31,1,0
CUST106879,21,Pune,Salaried,68724,683,Gold Loan,218929,18,9.03,13050.67,2023-01-28,232,1
CUST106880,40,Bengaluru,Salaried,33052,614,Business Loan,313591,60,11.22,6852.68,2023-12-30,0,0
CUST106881,41,Jaipur,Salaried,50624,771,Personal Loan,332849,48,14.64,9202.81,2023-02-07,0,0
CUST106882,49,Ahmedabad,Business Owner,23372,685,Personal Loan,57812,36,16.08,2034.78,2023-07-04,0,0
CUST106883,30,Mumbai,Self-Employed,57843,615,Vehicle Loan,251880,60,11.16,5496.6,2024-04-09,1,0
CUST106884,51,Lucknow,Salaried,34758,567,Gold Loan,137993,24,10.67,6410.43,2023-06-14,30,0
CUST106885,38,Ahmedabad,Business Owner,52095,701,Home Loan,1301140,300,11.31,13045.3,2023-08-28,0,0
CUST106886,30,Lucknow,Self-Employed,162492,541,Vehicle Loan,587772,48,9.64,14806.0,2023-04-29,0,0
CUST106887,21,Chennai,Salaried,60250,681,Personal Loan,211548,24,13.0,10057.38,2023-08-09,1,0
CUST106888,38,Delhi,Self-Employed,67803,662,Home Loan,2334692,240,9.14,21216.5,2023-02-15,302,1
CUST106889,39,Mumbai,Self-Employed,55009,738,Personal Loan,414310,24,17.21,20526.25,2024-02-14,116,1
CUST106890,26,Hyderabad,Salaried,36611,571,Business Loan,317407,24,13.23,15124.42,2023-12-01,0,0
CUST106891,39,Pune,Salaried,48355,599,Personal Loan,271974,48,14.08,7443.01,2024-03-06,0,0
CUST106892,32,Kolkata,Salaried,87201,648,Home Loan,1899173,120,10.96,26118.13,2023-01-28,213,1
CUST106893,52,Chennai,Salaried,86903,554,Business Loan,368947,24,11.46,17274.72,2023-05-18,231,1
CUST106894,50,Mumbai,Salaried,21738,694,Personal Loan,185049,36,16.7,6569.91,2024-05-03,0,0
CUST106895,46,Kolkata,Self-Employed,35899,651,Vehicle Loan,232560,60,12.18,5194.35,2024-04-07,0,0
CUST106896,41,Hyderabad,Business Owner,65763,716,Vehicle Loan,511945,48,12.5,13607.5,2024-09-29,0,0
CUST106897,33,Bengaluru,Self-Employed,25000,681,Business Loan,160422,36,17.25,5739.46,2024-07-28,155,1
CUST106898,21,Kolkata,Self-Employed,24839,694,Personal Loan,63586,12,17.26,5807.19,2024-06-06,338,1
CUST106899,52,Jaipur,Salaried,59375,753,Personal Loan,58384,12,12.61,5204.02,2024-11-29,0,0
CUST106900,21,Hyderabad,Salaried,36274,693,Business Loan,298571,24,12.96,14189.0,2024-06-11,0,0
CUST106901,25,Ahmedabad,Salaried,29887,647,Gold Loan,71974,24,9.24,3296.04,2023-08-01,0,0
CUST106902,41,Kolkata,Business Owner,92141,827,Personal Loan,112779,12,16.66,10267.79,2023-05-07,0,0
CUST106903,35,Pune,Self-Employed,131902,687,Business Loan,460298,24,14.65,22241.84,2024-02-04,0,0
CUST106904,44,Delhi,Salaried,58337,579,Personal Loan,438323,36,17.66,15771.77,2023-10-15,227,1
CUST106905,39,Mumbai,Salaried,38214,575,Gold Loan,213629,24,9.87,9845.08,2024-06-29,287,1
CUST106906,47,Kolkata,Salaried,35000,618,Home Loan,731190,240,10.51,7304.97,2024-08-21,0,0
CUST106907,30,Bengaluru,Salaried,35426,749,Personal Loan,56903,24,14.58,2747.69,2024-10-20,0,0
CUST106908,31,Kolkata,Self-Employed,35000,597,Home Loan,1385950,300,10.91,13493.79,2024-03-26,0,0
CUST106909,28,Lucknow,Self-Employed,28538,679,Personal Loan,85864,12,14.92,7746.7,2024-08-01,0,0
CUST106910,28,Mumbai,Self-Employed,96082,751,Vehicle Loan,592039,24,12.91,28121.59,2023-12-17,0,0
CUST106911,27,Kolkata,Salaried,33231,567,Business Loan,91572,12,14.31,8235.35,2023-05-11,0,0
CUST106912,42,Hyderabad,Salaried,69276,613,Business Loan,224487,12,15.85,20351.97,2024-04-15,255,1
CUST106913,37,Hyderabad,Salaried,62823,649,Gold Loan,113682,12,11.28,10062.26,2024-10-19,0,0
CUST106914,36,Delhi,Salaried,106322,606,Personal Loan,438314,24,14.28,21102.74,2024-11-29,119,1
CUST106915,65,Chennai,Self-Employed,49484,644,Personal Loan,470943,36,14.11,16120.89,2023-04-14,15,0
CUST106916,44,Kolkata,Salaried,26002,778,Business Loan,159863,24,11.11,7459.04,2024-10-28,0,0
CUST106917,21,Lucknow,Salaried,35000,586,Home Loan,688564,180,10.46,7594.31,2023-03-21,0,0
CUST106918,54,Delhi,Salaried,97750,838,Personal Loan,56055,36,16.2,1976.27,2023-10-09,0,0
CUST106919,37,Bengaluru,Self-Employed,20000,615,Personal Loan,71264,12,12.58,6351.07,2024-04-07,0,0
CUST106920,44,Delhi,Business Owner,25000,743,Business Loan,98070,12,12.21,8723.04,2023-07-03,0,0
CUST106921,32,Bengaluru,Salaried,108544,577,Vehicle Loan,937426,48,13.92,25578.95,2023-06-09,0,0
CUST106922,36,Chennai,Self-Employed,58481,638,Personal Loan,239034,24,13.15,11380.96,2023-02-10,0,0
CUST106923,47,Ahmedabad,Self-Employed,21516,647,Personal Loan,72183,12,18.08,6620.49,2023-03-31,0,0
CUST106924,29,Bengaluru,Self-Employed,79713,722,Business Loan,858260,60,12.36,19248.02,2024-04-14,0,0
CUST106925,34,Kolkata,Salaried,100752,508,Business Loan,405596,24,11.06,18915.25,2023-03-16,0,0
CUST106926,35,Lucknow,Self-Employed,48205,638,Business Loan,120377,12,16.45,10947.56,2024-08-12,0,0
CUST106927,45,Kolkata,Salaried,52495,718,Home Loan,1493413,180,10.92,16899.14,2023-12-29,0,0
CUST106928,31,Bengaluru,Business Owner,60448,634,Home Loan,1533133,180,8.73,15304.77,2024-11-18,0,0
CUST106929,35,Kolkata,Self-Employed,120430,703,Personal Loan,353342,48,12.42,9377.88,2023-10-20,1,0
CUST106930,43,Kolkata,Salaried,62818,605,Business Loan,359367,24,12.8,17051.22,2024-04-11,0,0
CUST106931,34,Kolkata,Salaried,43007,655,Personal Loan,110791,12,16.95,10102.04,2024-06-11,0,0
CUST106932,40,Delhi,Salaried,37670,819,Personal Loan,60605,48,12.07,1598.05,2023-12-24,7,0
CUST106933,53,Pune,Self-Employed,125883,691,Personal Loan,338545,12,13.94,30387.42,2024-10-27,0,0
CUST106934,36,Jaipur,Salaried,40250,684,Personal Loan,175931,12,18.33,16157.0,2023-11-20,167,1
CUST106935,36,Chennai,Business Owner,27312,672,Vehicle Loan,241700,60,10.33,5174.74,2023-01-02,1,0
CUST106936,43,Kolkata,Self-Employed,41489,805,Home Loan,1367648,240,10.17,13352.51,2024-07-29,0,0
CUST106937,59,Kolkata,Self-Employed,22676,555,Personal Loan,77786,12,15.44,7036.99,2023-09-23,341,1
CUST106938,49,Chennai,Salaried,49629,690,Business Loan,370087,36,12.77,12428.73,2024-09-17,0,0
CUST106939,53,Ahmedabad,Business Owner,113787,628,Business Loan,992273,60,16.43,24357.44,2023-05-26,30,0
CUST106940,37,Chennai,Business Owner,79883,799,Gold Loan,74723,12,10.8,6597.17,2023-08-14,0,0
CUST106941,21,Lucknow,Salaried,24161,551,Vehicle Loan,193363,36,12.39,6458.5,2023-03-04,0,0
CUST106942,27,Hyderabad,Self-Employed,93648,670,Personal Loan,744767,48,15.37,20867.38,2023-10-01,192,1
CUST106943,39,Hyderabad,Self-Employed,35000,541,Home Loan,1192869,300,11.04,11725.98,2024-04-11,0,0
CUST106944,33,Delhi,Salaried,35121,647,Business Loan,218980,36,15.52,7646.89,2024-09-07,30,0
CUST106945,36,Hyderabad,Salaried,35077,614,Personal Loan,214093,48,11.83,5620.04,2024-08-05,0,0
CUST106946,39,Jaipur,Salaried,68797,671,Home Loan,1913308,240,9.62,17984.74,2023-06-27,0,0
CUST106947,34,Mumbai,Salaried,35926,664,Business Loan,238480,24,16.32,11713.22,2023-04-22,15,0
CUST106948,46,Bengaluru,Salaried,84935,644,Personal Loan,558208,48,13.85,15211.89,2023-12-23,0,0
CUST106949,56,Mumbai,Salaried,57877,690,Home Loan,2069588,180,9.75,21924.44,2023-11-20,1,0
CUST106950,41,Chennai,Salaried,28030,679,Personal Loan,86673,12,13.96,7780.49,2023-05-07,0,0
CUST106951,30,Jaipur,Business Owner,35000,742,Home Loan,899285,300,9.88,8095.86,2024-07-12,282,1
CUST106952,49,Mumbai,Business Owner,81545,713,Vehicle Loan,356524,36,12.69,11959.54,2023-10-03,0,0
CUST106953,40,Kolkata,Salaried,46727,726,Home Loan,1826120,240,9.31,16795.9,2023-08-11,0,0
CUST106954,45,Pune,Salaried,28876,594,Business Loan,306457,36,12.96,10319.84,2023-03-26,0,0
CUST106955,35,Jaipur,Self-Employed,55721,597,Home Loan,1545321,180,11.49,18042.46,2023-09-19,0,0
CUST106956,57,Pune,Salaried,37371,761,Vehicle Loan,217194,24,13.79,10406.58,2024-11-30,0,0
CUST106957,28,Jaipur,Salaried,106852,841,Personal Loan,306211,12,15.95,27775.54,2024-08-12,0,0
CUST106958,38,Bengaluru,Self-Employed,57518,900,Personal Loan,101926,12,16.09,9252.17,2023-09-07,100,1
CUST106959,21,Lucknow,Salaried,64659,816,Home Loan,1677113,120,9.42,21628.04,2023-06-11,0,0
CUST106960,53,Jaipur,Salaried,46845,724,Personal Loan,50141,12,11.75,4449.11,2024-04-17,0,0
CUST106961,49,Kolkata,Salaried,29926,900,Business Loan,131638,12,17.5,12037.27,2023-01-16,0,0
CUST106962,40,Lucknow,Business Owner,82681,653,Personal Loan,95070,24,13.07,4522.93,2024-10-17,1,0
CUST106963,58,Kolkata,Business Owner,55966,601,Business Loan,463526,36,17.81,16713.43,2024-03-05,0,0
CUST106964,48,Lucknow,Self-Employed,62328,748,Home Loan,1203342,180,11.14,13783.12,2023-01-03,0,0
CUST106965,36,Chennai,Salaried,118478,581,Gold Loan,388144,24,11.55,18189.83,2023-05-23,0,0
CUST106966,52,Hyderabad,Salaried,55585,748,Home Loan,1604571,180,10.37,17607.81,2024-02-14,0,0
CUST106967,30,Hyderabad,Business Owner,25000,654,Business Loan,174061,36,14.62,6001.54,2024-02-22,0,0
CUST106968,44,Delhi,Salaried,35000,675,Home Loan,1468952,180,9.34,15197.66,2023-09-12,0,0
CUST106969,44,Kolkata,Business Owner,155998,724,Business Loan,334063,36,16.36,11804.12,2024-04-21,0,0
CUST106970,32,Pune,Salaried,28612,653,Business Loan,272144,60,11.58,5996.09,2023-03-22,171,1
CUST106971,41,Hyderabad,Business Owner,25389,719,Personal Loan,50933,36,18.88,1863.91,2023-07-27,0,0
CUST106972,42,Ahmedabad,Salaried,67074,637,Personal Loan,362673,36,17.33,12989.92,2023-10-20,30,0
CUST106973,45,Kolkata,Self-Employed,33099,895,Personal Loan,107174,36,15.94,3764.75,2024-07-27,0,0
CUST106974,52,Lucknow,Self-Employed,20000,729,Personal Loan,150895,48,15.89,4267.91,2024-01-06,0,0
CUST106975,35,Kolkata,Salaried,39169,734,Personal Loan,54074,12,15.06,4882.16,2024-11-30,30,0
CUST106976,30,Pune,Salaried,32450,554,Personal Loan,82420,36,13.22,2785.8,2024-01-06,1,0
CUST106977,45,Bengaluru,Business Owner,72512,639,Vehicle Loan,840158,60,13.0,19116.18,2024-01-12,0,0
CUST106978,28,Pune,Self-Employed,63570,706,Business Loan,310322,12,15.24,28044.3,2023-08-13,330,1
CUST106979,39,Chennai,Self-Employed,35000,748,Home Loan,1023303,120,9.24,13096.06,2023-10-02,0,0
CUST106980,34,Delhi,Salaried,35000,540,Home Loan,667553,180,10.93,7558.07,2023-08-17,0,0
CUST106981,41,Pune,Salaried,52831,587,Gold Loan,203936,24,12.74,9670.6,2023-12-27,0,0
CUST106982,43,Mumbai,Business Owner,78141,646,Home Loan,2806095,300,10.3,26094.83,2023-05-13,0,0
CUST106983,45,Mumbai,Salaried,82668,707,Business Loan,302494,12,17.08,27600.38,2024-05-23,0,0
CUST106984,26,Pune,Self-Employed,43645,549,Gold Loan,103278,12,9.19,9040.92,2023-12-17,0,0
CUST106985,26,Ahmedabad,Salaried,43420,767,Home Loan,1006618,120,10.97,13849.08,2024-03-18,7,0
CUST106986,42,Jaipur,Salaried,25675,820,Personal Loan,62449,12,11.81,5542.97,2024-04-27,0,0
CUST106987,38,Kolkata,Self-Employed,35000,611,Home Loan,990570,240,11.02,10238.03,2023-04-14,0,0
CUST106988,35,Bengaluru,Salaried,41048,697,Gold Loan,135157,12,12.45,12037.01,2024-08-15,0,0
CUST106989,37,Delhi,Salaried,52725,738,Personal Loan,205748,12,16.07,18674.51,2023-01-31,298,1
CUST106990,28,Pune,Salaried,35000,699,Home Loan,1112153,300,10.54,10532.53,2024-06-13,0,0
CUST106991,44,Delhi,Self-Employed,165877,783,Personal Loan,271907,12,16.58,24745.05,2024-01-15,0,0
CUST106992,45,Pune,Salaried,64698,643,Personal Loan,670793,36,11.85,22231.9,2024-03-24,0,0
CUST106993,41,Ahmedabad,Business Owner,83373,690,Business Loan,482887,60,13.89,11208.42,2023-04-02,0,0
CUST106994,26,Kolkata,Self-Employed,92743,694,Personal Loan,498554,36,15.02,17287.42,2024-01-12,1,0
CUST106995,51,Kolkata,Self-Employed,35000,746,Home Loan,881530,300,9.94,7973.21,2024-09-14,0,0
CUST106996,24,Kolkata,Salaried,44350,725,Personal Loan,355821,24,14.74,17208.65,2024-11-22,0,0
CUST106997,35,Mumbai,Salaried,63673,796,Gold Loan,337234,18,11.97,20560.52,2023-05-08,0,0
CUST106998,37,Chennai,Business Owner,50066,676,Gold Loan,77427,6,11.96,13358.37,2024-02-28,0,0
CUST106999,40,Pune,Self-Employed,25097,654,Gold Loan,55691,24,10.25,2576.29,2023-06-14,0,0
CUST107000,50,Hyderabad,Self-Employed,114847,795,Business Loan,476800,12,15.91,43240.17,2024-04-17,0,0
CUST107001,24,Delhi,Salaried,44901,698,Vehicle Loan,386383,36,9.67,12407.71,2024-03-09,0,0
CUST107002,36,Jaipur,Salaried,99991,579,Gold Loan,81121,18,12.28,4957.48,2024-04-18,0,0
CUST107003,45,Bengaluru,Self-Employed,25000,794,Business Loan,69370,12,13.57,6214.51,2024-09-10,0,0
CUST107004,39,Kolkata,Salaried,68395,567,Personal Loan,167190,12,17.99,15327.18,2024-08-04,294,1
CUST107005,39,Bengaluru,Self-Employed,86302,764,Business Loan,568664,36,15.42,19830.09,2024-07-28,0,0
CUST107006,36,Jaipur,Self-Employed,55959,586,Home Loan,2581555,300,8.58,20926.74,2023-06-21,15,0
CUST107007,35,Lucknow,Self-Employed,63505,634,Business Loan,376101,24,15.55,18334.31,2023-06-23,288,1
CUST107008,50,Bengaluru,Self-Employed,70930,642,Personal Loan,491238,48,17.89,14401.9,2023-05-30,0,0
CUST107009,42,Bengaluru,Self-Employed,55521,631,Gold Loan,101540,6,9.47,17393.83,2024-02-25,1,0
CUST107010,53,Pune,Salaried,19486,517,Gold Loan,54094,24,10.61,2511.42,2023-07-18,0,0
CUST107011,49,Chennai,Self-Employed,95830,644,Home Loan,1895969,240,9.79,18033.5,2024-04-24,0,0
CUST107012,40,Hyderabad,Salaried,25000,633,Business Loan,174485,24,17.29,8651.27,2023-09-24,0,0
CUST107013,31,Jaipur,Salaried,45332,595,Personal Loan,171675,24,17.3,8512.77,2024-01-05,0,0
CUST107014,37,Mumbai,Self-Employed,26222,719,Personal Loan,50075,12,17.36,4575.64,2023-02-18,0,0
CUST107015,31,Kolkata,Salaried,40312,489,Home Loan,962271,180,10.91,10882.82,2023-03-06,0,0
CUST107016,50,Chennai,Salaried,103154,797,Personal Loan,853052,48,16.06,24201.95,2024-07-12,30,0
CUST107017,30,Kolkata,Business Owner,35000,616,Home Loan,984180,180,11.48,11484.58,2024-02-01,0,0
CUST107018,24,Bengaluru,Salaried,40913,668,Business Loan,285627,36,12.47,9551.15,2024-05-07,0,0
CUST107019,39,Pune,Salaried,39644,618,Business Loan,184578,24,15.8,9019.88,2024-08-28,0,0
CUST107020,43,Lucknow,Self-Employed,41373,696,Home Loan,1740801,300,10.84,16860.83,2023-12-18,0,0
CUST107021,36,Jaipur,Self-Employed,59910,627,Gold Loan,110160,18,12.19,6727.51,2023-12-26,0,0
CUST107022,31,Lucknow,Salaried,65920,640,Personal Loan,189476,36,11.91,6285.17,2024-03-12,0,0
CUST107023,46,Lucknow,Salaried,108834,688,Personal Loan,855182,48,17.14,24738.3,2024-04-24,0,0
CUST107024,36,Hyderabad,Self-Employed,77663,723,Gold Loan,79790,12,9.69,7003.31,2023-06-21,0,0
CUST107025,26,Ahmedabad,Salaried,76056,622,Gold Loan,145159,6,12.07,25051.97,2024-06-09,7,0
CUST107026,27,Ahmedabad,Self-Employed,68932,665,Home Loan,2159526,300,10.23,19974.85,2024-01-22,354,1
CUST107027,28,Bengaluru,Salaried,39712,809,Personal Loan,81681,48,16.44,2333.31,2023-07-23,0,0
CUST107028,22,Chennai,Business Owner,85633,765,Gold Loan,204266,18,9.68,12237.54,2023-07-08,0,0
CUST107029,42,Chennai,Business Owner,48759,700,Home Loan,1114110,120,9.14,14197.63,2023-03-03,0,0
CUST107030,34,Delhi,Self-Employed,36759,719,Personal Loan,71911,36,18.33,2611.67,2023-07-13,0,0
CUST107031,44,Delhi,Salaried,49633,800,Business Loan,509869,60,17.75,12878.08,2024-08-29,0,0
CUST107032,37,Hyderabad,Business Owner,128052,625,Gold Loan,176574,6,9.25,30228.05,2023-03-24,0,0
CUST107033,21,Pune,Business Owner,57091,683,Personal Loan,63164,12,14.94,5699.29,2023-05-27,0,0
CUST107034,50,Bengaluru,Business Owner,47349,900,Gold Loan,235492,24,11.32,11010.79,2024-07-14,0,0
CUST107035,33,Lucknow,Salaried,56822,611,Personal Loan,470073,36,11.95,15601.93,2024-01-21,0,0
CUST107036,33,Hyderabad,Salaried,94655,695,Personal Loan,107561,12,12.52,9582.85,2023-03-23,123,1
CUST107037,46,Hyderabad,Business Owner,52353,590,Business Loan,232209,12,12.1,20642.35,2024-11-27,0,0
CUST107038,38,Lucknow,Salaried,133684,797,Vehicle Loan,661940,48,9.82,16731.35,2024-03-27,0,0
CUST107039,65,Ahmedabad,Salaried,180609,738,Business Loan,511186,12,16.84,46583.79,2023-01-25,0,0
CUST107040,48,Jaipur,Salaried,44314,628,Personal Loan,292055,48,13.84,7957.41,2024-06-18,0,0
CUST107041,34,Mumbai,Self-Employed,35000,615,Home Loan,1164386,240,9.93,11182.63,2024-04-16,0,0
CUST107042,30,Kolkata,Salaried,49545,762,Personal Loan,163833,12,14.39,14740.17,2024-05-07,0,0
CUST107043,48,Lucknow,Salaried,45541,900,Personal Loan,67065,36,18.95,2456.64,2024-05-27,0,0
CUST107044,24,Jaipur,Salaried,50852,680,Personal Loan,175133,48,18.23,5165.6,2024-08-31,0,0
CUST107045,21,Ahmedabad,Salaried,68588,569,Personal Loan,727670,48,14.85,20196.31,2023-06-01,0,0
CUST107046,36,Jaipur,Business Owner,53160,537,Home Loan,863983,120,9.0,10944.57,2023-06-26,0,0
CUST107047,25,Hyderabad,Salaried,51652,603,Vehicle Loan,260067,24,13.83,12465.69,2023-08-11,30,0
CUST107048,38,Chennai,Salaried,34473,646,Vehicle Loan,234692,24,12.54,11107.04,2023-01-24,0,0
CUST107049,61,Mumbai,Self-Employed,49583,748,Personal Loan,407123,36,15.03,14119.03,2024-08-07,0,0
CUST107050,30,Bengaluru,Salaried,99842,781,Personal Loan,394963,48,17.72,11544.33,2024-03-08,15,0
CUST107051,33,Delhi,Self-Employed,36386,548,Personal Loan,240681,24,14.74,11640.11,2024-02-09,0,0
CUST107052,27,Ahmedabad,Business Owner,52067,732,Business Loan,228551,12,16.96,20840.6,2024-10-02,1,0
CUST107053,49,Bengaluru,Salaried,51930,774,Vehicle Loan,358805,48,13.83,9774.31,2024-06-05,318,1
CUST107054,21,Kolkata,Salaried,62888,705,Personal Loan,89729,12,17.94,8223.79,2024-02-12,0,0
CUST107055,36,Pune,Salaried,53997,696,Business Loan,322651,36,16.33,11396.09,2024-03-05,0,0
CUST107056,35,Kolkata,Salaried,48724,793,Business Loan,226651,24,17.12,11219.21,2023-09-21,0,0
CUST107057,26,Pune,Self-Employed,39963,756,Business Loan,371254,60,14.76,8785.41,2023-08-23,0,0
CUST107058,30,Bengaluru,Self-Employed,58387,879,Business Loan,318168,24,17.1,15746.24,2023-07-17,15,0
CUST107059,42,Bengaluru,Business Owner,33357,776,Personal Loan,98641,12,14.98,8902.24,2023-03-23,0,0
CUST107060,33,Ahmedabad,Self-Employed,42169,677,Home Loan,1190341,300,10.29,11060.93,2023-05-01,7,0
CUST107061,53,Chennai,Business Owner,48668,581,Business Loan,211100,12,16.76,19229.29,2023-05-12,0,0
CUST107062,47,Kolkata,Salaried,57595,640,Personal Loan,236907,48,17.49,6896.17,2024-02-13,0,0
CUST107063,39,Ahmedabad,Business Owner,37819,720,Personal Loan,101712,12,16.09,9232.75,2023-03-30,0,0
CUST107064,33,Mumbai,Salaried,66491,760,Home Loan,1747650,180,9.36,18102.04,2024-06-21,341,1
CUST107065,46,Bengaluru,Business Owner,23892,666,Personal Loan,104367,48,13.2,2810.28,2023-01-06,289,1
CUST107066,21,Ahmedabad,Salaried,61542,734,Personal Loan,740061,36,14.04,25307.91,2023-07-10,0,0
CUST107067,39,Mumbai,Self-Employed,58197,614,Gold Loan,230372,24,11.32,10771.4,2024-04-14,0,0
CUST107068,21,Kolkata,Salaried,56304,605,Personal Loan,105726,12,14.78,9531.68,2024-04-26,1,0
CUST107069,39,Chennai,Self-Employed,33406,712,Gold Loan,50455,24,11.42,2361.45,2023-10-11,0,0
CUST107070,61,Chennai,Salaried,55213,548,Home Loan,1521072,240,9.53,14208.2,2024-04-07,283,1
CUST107071,38,Pune,Salaried,76313,741,Personal Loan,402372,36,15.45,14037.19,2023-09-16,0,0
CUST107072,39,Lucknow,Self-Employed,52612,636,Personal Loan,65551,36,12.36,2188.52,2024-01-14,0,0
CUST107073,32,Lucknow,Business Owner,53756,730,Home Loan,1884297,240,10.91,19334.21,2024-06-30,0,0
CUST107074,51,Delhi,Business Owner,39107,712,Vehicle Loan,224069,24,11.04,10447.53,2023-01-11,0,0
CUST107075,44,Delhi,Self-Employed,42758,790,Gold Loan,182488,24,10.25,8441.97,2024-09-24,0,0
CUST107076,48,Bengaluru,Salaried,31946,731,Business Loan,300132,36,12.2,9997.37,2024-08-09,0,0
CUST107077,41,Pune,Salaried,134871,780,Gold Loan,71380,6,10.56,12265.76,2024-09-02,0,0
CUST107078,29,Hyderabad,Self-Employed,98661,553,Gold Loan,369582,18,9.43,22099.14,2024-09-10,133,1
CUST107079,30,Lucknow,Salaried,26792,650,Personal Loan,123959,24,18.09,6193.93,2024-08-08,7,0
CUST107080,45,Hyderabad,Salaried,67677,697,Home Loan,1699910,180,8.75,16989.73,2023-01-21,0,0
CUST107081,21,Lucknow,Salaried,28942,598,Gold Loan,113216,12,11.36,10025.24,2024-01-06,0,0
CUST107082,52,Mumbai,Salaried,55195,588,Business Loan,232925,12,12.36,20734.35,2023-01-18,0,0
CUST107083,22,Delhi,Self-Employed,52420,753,Home Loan,1478178,240,9.74,14011.05,2024-03-28,0,0
CUST107084,23,Lucknow,Self-Employed,89330,668,Home Loan,3276258,180,10.7,36623.0,2024-07-05,0,0
CUST107085,43,Jaipur,Salaried,145747,744,Business Loan,562769,24,12.54,26633.63,2024-08-10,7,0
CUST107086,36,Hyderabad,Business Owner,25166,536,Business Loan,259448,36,15.75,9089.43,2023-05-20,106,1
CUST107087,35,Delhi,Self-Employed,48696,824,Personal Loan,85848,36,14.33,2947.86,2023-05-26,0,0
CUST107088,32,Lucknow,Salaried,71154,757,Personal Loan,52289,12,14.09,4697.09,2024-10-05,7,0
CUST107089,45,Ahmedabad,Salaried,169295,700,Personal Loan,205549,12,11.67,18231.06,2024-02-28,0,0
CUST107090,46,Bengaluru,Self-Employed,37472,523,Personal Loan,204745,24,11.57,9597.0,2024-08-11,208,1
CUST107091,49,Mumbai,Self-Employed,126202,692,Home Loan,3345228,300,10.84,32400.8,2023-03-08,0,0
CUST107092,21,Pune,Self-Employed,31595,728,Business Loan,286233,24,13.85,13722.6,2024-09-04,0,0
CUST107093,50,Pune,Salaried,29392,691,Personal Loan,178526,48,18.62,5302.22,2023-06-10,0,0
CUST107094,39,Mumbai,Business Owner,158438,687,Personal Loan,787129,48,16.61,22554.13,2024-09-02,0,0
CUST107095,33,Kolkata,Salaried,24383,452,Personal Loan,97907,36,15.0,3393.98,2024-05-27,7,0
CUST107096,35,Hyderabad,Salaried,25000,585,Business Loan,308766,60,17.54,7763.57,2023-02-13,0,0
CUST107097,35,Delhi,Salaried,36258,730,Gold Loan,106451,24,10.2,4922.01,2023-04-29,0,0
CUST107098,32,Delhi,Salaried,120913,593,Gold Loan,147069,6,12.33,25400.5,2023-08-31,0,0
CUST107099,39,Jaipur,Salaried,94872,618,Business Loan,341854,24,16.71,16854.44,2024-09-26,15,0
CUST107100,52,Jaipur,Business Owner,46431,625,Personal Loan,137121,24,16.88,6771.67,2023-05-07,0,0
CUST107101,50,Mumbai,Business Owner,50825,801,Personal Loan,528629,48,16.49,15114.49,2023-10-27,121,1
CUST107102,27,Pune,Self-Employed,35000,721,Home Loan,815283,240,10.24,7997.73,2023-05-16,0,0
CUST107103,53,Jaipur,Self-Employed,27923,674,Personal Loan,56059,24,17.56,2786.79,2023-10-29,0,0
CUST107104,21,Lucknow,Self-Employed,57214,705,Vehicle Loan,155675,24,10.12,7192.24,2024-01-13,0,0
CUST107105,44,Lucknow,Salaried,106879,686,Vehicle Loan,645058,36,13.69,21949.56,2024-11-21,0,0
CUST107106,24,Pune,Salaried,25000,734,Business Loan,301166,36,17.51,10813.99,2024-10-18,0,0
CUST107107,33,Delhi,Salaried,49581,507,Business Loan,354774,24,16.04,17377.62,2024-02-22,0,0
CUST107108,35,Bengaluru,Salaried,106034,656,Vehicle Loan,153189,60,11.84,3395.23,2023-10-31,0,0
CUST107109,59,Ahmedabad,Self-Employed,77659,720,Gold Loan,248185,12,10.83,21915.33,2024-09-25,0,0
CUST107110,39,Chennai,Business Owner,26102,666,Vehicle Loan,172539,60,11.98,3836.29,2024-06-20,0,0
CUST107111,49,Bengaluru,Salaried,25078,604,Personal Loan,85135,48,13.45,2303.02,2023-12-24,0,0
CUST107112,42,Chennai,Salaried,44548,645,Gold Loan,152223,18,10.61,9184.88,2023-05-21,243,1
CUST107113,35,Delhi,Self-Employed,61660,698,Gold Loan,114500,18,10.52,6903.98,2024-08-09,323,1
CUST107114,37,Pune,Salaried,74350,495,Gold Loan,321732,24,12.1,15160.07,2023-05-27,0,0
CUST107115,42,Kolkata,Self-Employed,35216,476,Personal Loan,207279,36,14.64,7148.91,2023-09-30,0,0
CUST107116,46,Hyderabad,Self-Employed,76604,579,Vehicle Loan,521536,24,10.46,24177.12,2023-11-27,0,0
CUST107117,50,Ahmedabad,Self-Employed,66172,530,Home Loan,2278214,240,9.84,21744.3,2024-03-17,0,0
CUST107118,40,Kolkata,Business Owner,20000,653,Personal Loan,50586,12,17.36,4622.33,2024-02-28,0,0
CUST107119,50,Ahmedabad,Salaried,48397,691,Home Loan,951230,180,9.5,9932.98,2024-01-20,0,0
CUST107120,25,Lucknow,Salaried,42031,713,Personal Loan,220223,48,18.95,6578.88,2024-10-25,0,0
CUST107121,36,Ahmedabad,Business Owner,20966,516,Gold Loan,41630,6,9.64,7134.72,2023-04-29,0,0
CUST107122,21,Lucknow,Salaried,142637,608,Business Loan,1014118,60,13.19,23173.06,2023-06-25,0,0
CUST107123,35,Lucknow,Self-Employed,35000,531,Home Loan,1210341,300,9.17,10298.41,2023-04-18,0,0
CUST107124,53,Chennai,Business Owner,35609,665,Gold Loan,75778,18,10.35,4563.23,2024-07-01,0,0
CUST107125,30,Delhi,Salaried,215184,581,Home Loan,2800437,300,11.46,28383.7,2024-11-22,0,0
CUST107126,34,Ahmedabad,Salaried,96274,839,Personal Loan,108153,24,18.26,5413.04,2023-09-03,0,0
CUST107127,39,Hyderabad,Business Owner,26102,628,Gold Loan,83643,24,11.95,3935.41,2023-10-26,217,1
CUST107128,44,Chennai,Salaried,35000,508,Home Loan,1043594,300,8.67,8523.19,2023-10-04,30,0
CUST107129,37,Hyderabad,Salaried,35675,779,Business Loan,350203,36,17.45,12564.26,2024-02-09,0,0
CUST107130,43,Delhi,Salaried,20275,688,Personal Loan,123006,24,18.44,6167.15,2024-08-20,186,1
CUST107131,45,Hyderabad,Salaried,36814,636,Home Loan,1068738,120,9.32,13724.1,2024-05-25,0,0
CUST107132,49,Delhi,Salaried,89195,508,Vehicle Loan,735660,24,12.8,34905.55,2023-07-08,30,0
CUST107133,53,Ahmedabad,Salaried,41557,522,Home Loan,942875,300,10.74,9064.56,2024-11-30,0,0
CUST107134,36,Mumbai,Salaried,64168,653,Personal Loan,184849,36,14.22,6337.47,2023-06-21,304,1
CUST107135,32,Chennai,Salaried,49155,757,Business Loan,394647,24,13.17,18793.77,2024-08-07,0,0
CUST107136,33,Hyderabad,Business Owner,65287,812,Vehicle Loan,647426,60,9.68,13654.17,2023-07-06,0,0
CUST107137,46,Hyderabad,Salaried,33256,557,Vehicle Loan,160369,24,11.59,7518.46,2023-04-17,233,1
CUST107138,31,Lucknow,Salaried,64884,710,Business Loan,327280,24,16.04,16030.9,2023-08-06,95,1
CUST107139,43,Lucknow,Salaried,35000,817,Home Loan,981624,240,9.6,9214.22,2024-03-16,7,0
CUST107140,21,Mumbai,Salaried,114747,539,Personal Loan,799454,36,17.88,28854.07,2024-04-19,0,0
CUST107141,40,Bengaluru,Business Owner,25000,765,Business Loan,126247,24,11.21,5896.42,2023-09-03,264,1
CUST107142,33,Mumbai,Salaried,52383,632,Personal Loan,89568,12,14.41,8059.34,2023-09-08,15,0
CUST107143,55,Chennai,Salaried,59210,767,Gold Loan,61209,6,9.79,10494.77,2023-09-13,0,0
CUST107144,44,Chennai,Salaried,25744,656,Personal Loan,115357,24,13.52,5512.5,2023-06-15,124,1
CUST107145,45,Chennai,Salaried,60236,675,Personal Loan,207026,48,17.22,5997.33,2024-01-28,0,0
CUST107146,34,Hyderabad,Self-Employed,72490,556,Business Loan,678194,60,16.67,16734.76,2023-10-27,0,0
CUST107147,38,Lucknow,Self-Employed,54501,607,Business Loan,483173,24,11.05,22530.87,2024-06-24,0,0
CUST107148,36,Hyderabad,Salaried,38461,581,Home Loan,1483469,300,10.13,13616.48,2023-03-08,0,0
CUST107149,42,Pune,Salaried,69042,508,Personal Loan,50907,12,18.68,4683.64,2023-11-23,0,0
CUST107150,37,Lucknow,Self-Employed,62283,851,Personal Loan,155477,12,15.41,14063.19,2024-11-10,211,1
CUST107151,33,Delhi,Self-Employed,25000,843,Business Loan,269544,36,14.78,9314.82,2024-02-14,139,1
CUST107152,42,Delhi,Salaried,35821,625,Business Loan,364535,60,11.23,7967.75,2023-10-14,0,0
CUST107153,33,Kolkata,Self-Employed,60337,645,Gold Loan,197242,24,12.67,9346.7,2023-03-22,0,0
CUST107154,21,Chennai,Self-Employed,51752,670,Home Loan,1396234,240,10.22,13678.1,2024-09-04,15,0
CUST107155,37,Jaipur,Self-Employed,38581,670,Home Loan,1506983,300,9.14,12791.33,2024-11-12,0,0
CUST107156,30,Delhi,Self-Employed,35000,732,Home Loan,1635329,300,8.67,13355.98,2024-05-28,0,0
CUST107157,44,Kolkata,Salaried,72815,566,Gold Loan,121076,6,12.32,20910.62,2023-05-05,0,0
CUST107158,34,Bengaluru,Salaried,41277,682,Personal Loan,96096,12,17.59,8791.34,2023-09-16,0,0
CUST107159,55,Hyderabad,Business Owner,46180,833,Home Loan,1870930,240,9.59,17549.63,2024-03-16,0,0
CUST107160,23,Delhi,Salaried,71051,753,Personal Loan,165115,36,15.83,5791.11,2024-06-12,30,0
CUST107161,36,Bengaluru,Business Owner,48707,830,Personal Loan,106862,36,17.63,3843.51,2023-03-07,0,0
CUST107162,49,Ahmedabad,Salaried,27874,650,Personal Loan,62792,36,17.69,2260.33,2023-07-31,0,0
CUST107163,30,Lucknow,Salaried,56559,665,Vehicle Loan,825981,60,10.37,17700.41,2024-07-23,0,0
CUST107164,40,Chennai,Self-Employed,96790,618,Personal Loan,579975,36,14.98,20099.34,2023-09-14,0,0
CUST107165,46,Bengaluru,Business Owner,39773,733,Gold Loan,224753,24,9.32,10300.81,2023-06-12,318,1
CUST107166,26,Lucknow,Salaried,95192,578,Home Loan,2146488,300,9.13,18204.72,2024-01-13,0,0
CUST107167,27,Mumbai,Salaried,47167,742,Vehicle Loan,619832,48,11.3,16110.33,2024-06-13,0,0
CUST107168,32,Chennai,Salaried,41391,718,Personal Loan,101856,24,12.31,4809.47,2024-01-12,190,1
CUST107169,28,Chennai,Salaried,35000,695,Home Loan,1116270,300,8.57,9041.23,2023-10-21,0,0
CUST107170,41,Kolkata,Salaried,45999,769,Home Loan,694466,120,11.25,9664.81,2023-05-28,0,0
CUST107171,48,Hyderabad,Business Owner,53810,563,Personal Loan,448838,48,17.51,13069.97,2024-03-11,157,1
CUST107172,28,Mumbai,Business Owner,20000,446,Vehicle Loan,173994,48,11.25,4518.12,2024-10-10,0,0
CUST107173,48,Jaipur,Salaried,87147,591,Personal Loan,401638,36,16.46,14211.78,2024-03-09,30,0
CUST107174,36,Bengaluru,Self-Employed,131261,648,Home Loan,2606801,240,9.8,24811.75,2023-01-10,0,0
CUST107175,62,Bengaluru,Salaried,22312,664,Gold Loan,59593,12,9.16,5215.92,2023-03-04,0,0
CUST107176,37,Ahmedabad,Self-Employed,59888,596,Gold Loan,181596,18,12.2,11090.97,2023-06-05,0,0
CUST107177,37,Hyderabad,Salaried,67209,709,Business Loan,629541,60,13.95,14632.0,2024-11-19,0,0
CUST107178,41,Kolkata,Salaried,152188,700,Gold Loan,784303,24,9.29,35935.13,2023-04-21,0,0
CUST107179,34,Delhi,Salaried,66743,669,Personal Loan,106295,24,14.95,5151.36,2023-07-01,0,0
CUST107180,39,Mumbai,Self-Employed,41905,531,Home Loan,1141622,300,8.55,9231.15,2024-10-02,0,0
CUST107181,43,Mumbai,Salaried,20833,575,Personal Loan,73944,36,15.13,2568.0,2024-05-18,92,1
CUST107182,34,Ahmedabad,Self-Employed,70019,822,Personal Loan,358120,24,11.52,16777.79,2024-01-20,0,0
CUST107183,32,Ahmedabad,Business Owner,71222,900,Business Loan,316843,12,14.14,28469.3,2023-08-20,0,0
CUST107184,34,Hyderabad,Salaried,58095,739,Personal Loan,219124,36,17.53,7870.29,2024-09-11,0,0
CUST107185,31,Lucknow,Self-Employed,72266,617,Personal Loan,236687,12,15.43,21411.02,2024-02-26,30,0
CUST107186,43,Delhi,Business Owner,20000,428,Personal Loan,130234,36,11.55,4297.69,2024-09-22,15,0
CUST107187,30,Kolkata,Salaried,67864,521,Home Loan,2107587,240,9.86,20143.57,2024-01-25,0,0
CUST107188,35,Mumbai,Self-Employed,67274,802,Personal Loan,268674,24,15.77,13125.61,2024-09-05,0,0
CUST107189,38,Chennai,Self-Employed,96716,704,Business Loan,303379,12,12.29,26996.03,2023-11-16,0,0
CUST107190,45,Mumbai,Self-Employed,65222,574,Home Loan,1921005,240,9.11,17419.92,2024-06-25,0,0
CUST107191,33,Pune,Salaried,55770,660,Personal Loan,603171,48,16.53,17258.2,2024-08-13,0,0
CUST107192,49,Lucknow,Self-Employed,55941,580,Personal Loan,164656,24,18.06,8225.08,2023-11-16,131,1
CUST107193,36,Pune,Salaried,38477,701,Home Loan,1644613,300,8.94,13734.02,2024-06-05,0,0
CUST107194,46,Lucknow,Salaried,109389,717,Personal Loan,850382,36,18.71,31047.07,2024-02-06,0,0
CUST107195,61,Ahmedabad,Salaried,39678,548,Vehicle Loan,274196,48,10.35,7000.5,2024-01-18,0,0
CUST107196,32,Hyderabad,Self-Employed,82802,642,Personal Loan,415861,48,18.81,12392.64,2023-06-03,0,0
CUST107197,30,Mumbai,Business Owner,41087,708,Vehicle Loan,424970,60,12.45,9550.14,2024-08-30,0,0
CUST107198,44,Bengaluru,Self-Employed,82844,576,Business Loan,281354,12,14.06,25269.91,2023-11-10,0,0
CUST107199,39,Ahmedabad,Salaried,50571,740,Vehicle Loan,312658,36,9.93,10078.32,2023-06-19,0,0
CUST107200,44,Bengaluru,Business Owner,34885,656,Personal Loan,235073,24,14.53,11345.48,2023-03-10,0,0
CUST107201,44,Pune,Salaried,51970,660,Personal Loan,235351,48,15.35,6591.83,2023-01-06,0,0
CUST107202,40,Mumbai,Salaried,35000,768,Home Loan,1299560,180,10.76,14575.5,2024-10-05,325,1
CUST107203,47,Kolkata,Salaried,25293,712,Vehicle Loan,209549,24,10.1,9679.3,2024-08-02,0,0
CUST107204,38,Chennai,Self-Employed,79958,546,Home Loan,1490097,120,9.68,19428.64,2024-11-13,0,0
CUST107205,37,Lucknow,Self-Employed,47884,656,Personal Loan,569705,36,12.2,18976.82,2023-10-31,0,0
CUST107206,45,Ahmedabad,Salaried,51127,701,Personal Loan,142885,48,15.77,4032.59,2023-04-26,15,0
CUST107207,37,Bengaluru,Salaried,20666,820,Gold Loan,25000,6,10.14,4290.76,2024-01-20,0,0
CUST107208,39,Kolkata,Salaried,44964,594,Gold Loan,81087,12,11.69,7192.73,2023-11-18,0,0
CUST107209,32,Jaipur,Salaried,57741,726,Personal Loan,66371,24,13.65,3175.7,2023-04-16,0,0
CUST107210,43,Delhi,Salaried,159380,811,Home Loan,1986999,300,9.28,17057.45,2023-06-29,0,0
CUST107211,51,Ahmedabad,Salaried,35000,673,Home Loan,1346447,240,11.19,14072.39,2023-02-28,311,1
CUST107212,39,Hyderabad,Self-Employed,60148,551,Business Loan,348458,24,13.93,16718.95,2024-04-27,0,0
CUST107213,42,Chennai,Self-Employed,43237,767,Home Loan,1349578,180,9.14,13800.94,2024-03-22,0,0
CUST107214,22,Hyderabad,Salaried,48762,631,Business Loan,197035,12,15.23,17805.44,2023-11-06,0,0
CUST107215,39,Ahmedabad,Self-Employed,52336,584,Gold Loan,122543,18,10.21,7371.43,2023-05-29,1,0
CUST107216,61,Delhi,Salaried,27752,626,Gold Loan,40024,6,10.79,6882.16,2023-12-08,0,0
CUST107217,47,Jaipur,Salaried,130960,589,Vehicle Loan,377161,60,13.54,8686.19,2023-06-27,30,0
CUST107218,45,Lucknow,Self-Employed,20784,603,Personal Loan,56983,36,15.51,1989.6,2023-04-05,0,0
CUST107219,29,Lucknow,Self-Employed,31160,689,Personal Loan,112586,24,18.6,5653.45,2023-09-05,0,0
CUST107220,43,Mumbai,Salaried,35000,720,Home Loan,1024228,300,8.53,8268.08,2023-05-16,15,0
CUST107221,53,Bengaluru,Self-Employed,111541,664,Home Loan,2054179,240,11.36,21708.55,2024-09-29,30,0
CUST107222,29,Delhi,Self-Employed,56805,610,Personal Loan,100023,24,15.73,4884.54,2023-01-27,0,0
CUST107223,38,Ahmedabad,Salaried,32457,568,Personal Loan,80696,12,13.37,7221.56,2024-11-25,0,0
CUST107224,33,Pune,Salaried,33912,634,Personal Loan,107423,12,15.12,9701.9,2024-09-25,0,0
CUST107225,37,Lucknow,Salaried,48031,748,Personal Loan,92719,12,15.56,8393.18,2023-09-23,0,0
CUST107226,35,Pune,Self-Employed,57450,534,Personal Loan,195158,12,12.57,17391.63,2024-10-21,0,0
CUST107227,33,Lucknow,Salaried,111403,731,Vehicle Loan,444885,24,9.91,20510.71,2023-02-20,30,0
CUST107228,44,Jaipur,Self-Employed,33925,725,Personal Loan,134929,36,15.33,4699.19,2023-05-08,0,0
CUST107229,48,Pune,Salaried,43681,703,Personal Loan,392296,48,15.67,11051.59,2023-01-07,0,0
CUST107230,32,Mumbai,Salaried,77543,556,Personal Loan,367998,36,15.83,12906.85,2023-08-17,15,0
CUST107231,65,Bengaluru,Business Owner,66055,656,Home Loan,1540418,300,10.57,14621.43,2023-11-02,0,0
CUST107232,21,Mumbai,Self-Employed,25000,720,Business Loan,220968,36,14.33,7587.63,2023-05-17,0,0
CUST107233,44,Lucknow,Salaried,85463,776,Business Loan,479030,36,14.53,16495.69,2023-10-04,0,0
CUST107234,26,Kolkata,Salaried,50690,742,Personal Loan,176687,24,12.8,8383.43,2024-09-26,0,0
CUST107235,47,Hyderabad,Salaried,67833,601,Business Loan,361234,24,16.31,17740.69,2023-08-12,0,0
CUST107236,47,Ahmedabad,Self-Employed,25000,659,Business Loan,183468,24,14.88,8885.29,2023-01-08,0,0
CUST107237,31,Kolkata,Self-Employed,25806,581,Personal Loan,87432,12,17.68,8002.46,2023-11-12,0,0
CUST107238,21,Chennai,Business Owner,41714,578,Business Loan,510008,60,11.01,11091.35,2024-07-05,250,1
CUST107239,45,Hyderabad,Self-Employed,99899,723,Personal Loan,188600,24,12.08,8885.1,2024-04-28,0,0
CUST107240,33,Ahmedabad,Salaried,20000,520,Vehicle Loan,128303,24,12.9,6093.73,2024-07-24,0,0
CUST107241,32,Delhi,Salaried,56438,627,Personal Loan,564836,36,12.32,18847.08,2023-09-17,0,0
CUST107242,34,Chennai,Self-Employed,35000,760,Home Loan,885942,300,11.0,8683.23,2023-07-17,0,0
CUST107243,38,Ahmedabad,Salaried,72456,900,Personal Loan,792171,48,14.84,21982.52,2023-01-15,332,1
CUST107244,23,Chennai,Salaried,39338,654,Gold Loan,231265,18,12.42,14148.17,2023-11-08,0,0
CUST107245,45,Mumbai,Salaried,21390,523,Personal Loan,113617,36,13.45,3852.88,2024-05-13,0,0
CUST107246,54,Mumbai,Business Owner,38806,633,Personal Loan,66477,12,15.88,6027.74,2024-05-10,0,0
CUST107247,33,Pune,Self-Employed,76980,636,Business Loan,355150,24,14.37,17113.92,2024-02-18,0,0
CUST107248,43,Pune,Salaried,63764,685,Personal Loan,154637,24,16.11,7579.64,2023-05-23,0,0
CUST107249,33,Lucknow,Self-Employed,28239,702,Personal Loan,72557,12,12.71,6470.73,2023-11-10,0,0
CUST107250,38,Jaipur,Self-Employed,33913,504,Vehicle Loan,154196,24,9.82,7102.56,2024-03-01,319,1
CUST107251,50,Mumbai,Salaried,68353,762,Business Loan,252265,12,14.36,22692.9,2023-03-30,15,0
CUST107252,40,Hyderabad,Salaried,54856,618,Personal Loan,401786,48,13.95,10969.32,2024-04-30,0,0
CUST107253,29,Kolkata,Salaried,148191,490,Business Loan,499718,12,13.2,44680.35,2024-11-08,0,0
CUST107254,32,Hyderabad,Salaried,29616,696,Business Loan,200827,36,15.83,7043.64,2024-06-19,0,0
CUST107255,26,Pune,Business Owner,68051,583,Home Loan,2180455,240,9.53,20367.44,2023-10-09,0,0
CUST107256,56,Ahmedabad,Self-Employed,76532,497,Personal Loan,544614,36,17.9,19661.79,2023-08-03,0,0
CUST107257,24,Mumbai,Salaried,20000,588,Vehicle Loan,189741,60,12.32,4251.43,2023-06-11,0,0
CUST107258,52,Delhi,Salaried,105273,612,Business Loan,600760,24,14.87,29091.75,2023-06-11,0,0
CUST107259,34,Jaipur,Self-Employed,36282,695,Personal Loan,383278,36,11.5,12638.98,2023-08-23,307,1
CUST107260,40,Delhi,Salaried,38450,554,Personal Loan,308134,36,13.93,10520.82,2023-07-26,0,0
CUST107261,30,Mumbai,Self-Employed,36819,776,Personal Loan,187049,36,17.13,6680.92,2023-10-29,0,0
CUST107262,29,Bengaluru,Business Owner,79347,731,Personal Loan,980571,48,15.47,27524.21,2023-01-19,0,0
CUST107263,34,Lucknow,Salaried,24355,650,Personal Loan,51480,12,18.51,4732.19,2024-01-13,0,0
CUST107264,48,Jaipur,Salaried,68021,739,Home Loan,1769344,240,9.2,16147.54,2024-10-21,0,0
CUST107265,41,Jaipur,Business Owner,35000,794,Home Loan,1328879,180,8.71,13250.09,2023-10-24,0,0
CUST107266,21,Chennai,Self-Employed,31523,643,Business Loan,254109,24,15.74,12410.42,2023-03-22,7,0
CUST107267,46,Hyderabad,Business Owner,60763,784,Business Loan,887139,60,11.13,19346.12,2023-09-27,0,0
CUST107268,26,Lucknow,Business Owner,40935,733,Personal Loan,130598,24,13.04,6211.32,2023-08-22,0,0
CUST107269,34,Chennai,Salaried,61640,647,Business Loan,232410,12,17.82,21287.44,2023-07-31,262,1
CUST107270,33,Chennai,Salaried,97837,398,Personal Loan,149933,24,11.67,7034.78,2024-09-07,0,0
CUST107271,41,Chennai,Self-Employed,40741,691,Vehicle Loan,246918,36,10.77,8056.91,2023-09-18,0,0
CUST107272,42,Ahmedabad,Salaried,63710,687,Personal Loan,171057,36,17.99,6183.26,2024-09-30,0,0
CUST107273,36,Mumbai,Salaried,38103,642,Gold Loan,58173,6,12.25,10044.84,2024-04-26,0,0
CUST107274,52,Lucknow,Salaried,33281,692,Gold Loan,76933,18,10.06,4622.5,2023-09-19,0,0
CUST107275,43,Pune,Salaried,44991,698,Business Loan,397252,36,13.53,13486.63,2023-10-19,0,0
CUST107276,49,Pune,Business Owner,24904,664,Gold Loan,60852,24,9.94,2806.33,2023-02-21,1,0
CUST107277,28,Bengaluru,Business Owner,39929,687,Gold Loan,153323,24,11.98,7216.01,2024-01-26,0,0
CUST107278,30,Pune,Salaried,31689,709,Gold Loan,63519,12,12.13,5647.45,2023-10-11,0,0
CUST107279,43,Kolkata,Salaried,46766,576,Vehicle Loan,518598,36,11.48,17096.36,2023-02-24,0,0
CUST107280,57,Hyderabad,Self-Employed,34430,650,Personal Loan,180405,48,16.41,5150.69,2023-10-11,0,0
CUST107281,41,Ahmedabad,Self-Employed,25842,795,Personal Loan,127373,36,17.0,4541.19,2023-07-13,0,0
CUST107282,37,Hyderabad,Salaried,46437,802,Business Loan,201183,12,15.22,18179.33,2023-06-22,217,1
CUST107283,55,Ahmedabad,Self-Employed,32587,658,Business Loan,482146,60,16.56,11868.8,2023-02-15,263,1
CUST107284,56,Kolkata,Salaried,62733,749,Vehicle Loan,387173,60,13.42,8892.84,2024-03-31,0,0
CUST107285,46,Mumbai,Salaried,40353,529,Home Loan,840459,240,10.96,8652.25,2023-11-01,0,0
CUST107286,34,Jaipur,Salaried,86498,687,Personal Loan,69353,24,12.35,3276.03,2023-02-02,0,0
CUST107287,30,Jaipur,Business Owner,82018,738,Gold Loan,145392,12,11.92,12912.46,2023-03-19,363,1
CUST107288,34,Jaipur,Salaried,20000,834,Personal Loan,53130,48,17.14,1536.92,2024-02-26,0,0
CUST107289,41,Pune,Self-Employed,28589,720,Business Loan,111660,12,11.92,9916.68,2023-02-17,0,0
CUST107290,43,Jaipur,Salaried,35346,604,Business Loan,161443,12,12.49,14381.05,2024-02-19,0,0
CUST107291,38,Ahmedabad,Salaried,114379,691,Personal Loan,186384,12,17.15,17012.38,2023-11-02,0,0
CUST107292,40,Hyderabad,Salaried,50259,471,Business Loan,121014,12,16.38,11001.48,2024-06-14,314,1
CUST107293,38,Chennai,Business Owner,29422,731,Personal Loan,76127,12,15.17,6877.2,2024-01-07,0,0
CUST107294,32,Hyderabad,Salaried,127443,648,Personal Loan,483828,36,18.28,17559.58,2023-05-30,0,0
CUST107295,21,Pune,Self-Employed,74539,696,Business Loan,906641,36,17.62,32604.67,2024-02-06,0,0
CUST107296,36,Pune,Salaried,56612,652,Personal Loan,508263,36,11.5,16760.48,2023-02-24,0,0
CUST107297,41,Chennai,Salaried,110995,643,Personal Loan,52538,48,15.58,1477.66,2023-02-14,0,0
CUST107298,36,Bengaluru,Self-Employed,65186,723,Personal Loan,645663,48,16.31,18400.94,2023-04-24,0,0
CUST107299,40,Hyderabad,Salaried,35000,610,Home Loan,1204289,120,9.03,15274.98,2023-11-13,0,0
CUST107300,31,Bengaluru,Salaried,80889,846,Home Loan,2220803,300,10.55,21047.77,2023-07-21,0,0
CUST107301,34,Hyderabad,Salaried,28471,777,Business Loan,235891,24,14.79,11414.04,2024-07-13,0,0
CUST107302,33,Mumbai,Salaried,37982,722,Home Loan,1134022,120,9.87,14904.67,2024-01-01,30,0
CUST107303,28,Jaipur,Business Owner,59361,636,Personal Loan,470623,36,17.03,16786.02,2024-10-09,0,0
CUST107304,37,Chennai,Salaried,39339,671,Personal Loan,93202,24,13.63,4458.62,2024-07-28,0,0
CUST107305,38,Lucknow,Salaried,128311,672,Business Loan,300353,60,12.18,6708.54,2023-06-05,0,0
CUST107306,34,Delhi,Self-Employed,59236,650,Gold Loan,171922,12,9.88,15105.08,2023-12-09,0,0
CUST107307,43,Mumbai,Salaried,40642,703,Home Loan,1071343,240,10.49,10688.88,2024-06-29,0,0
CUST107308,22,Bengaluru,Salaried,152853,584,Business Loan,902163,36,11.43,29719.71,2024-03-17,0,0
CUST107309,40,Bengaluru,Salaried,59844,737,Business Loan,626626,36,12.54,20974.94,2024-08-07,0,0
CUST107310,29,Lucknow,Self-Employed,160984,784,Gold Loan,460600,18,10.65,27800.34,2024-05-24,0,0
CUST107311,49,Ahmedabad,Salaried,41637,707,Vehicle Loan,200977,24,12.52,9509.56,2024-07-27,162,1
CUST107312,30,Jaipur,Self-Employed,71552,703,Business Loan,616014,60,15.82,14921.41,2023-04-07,0,0
CUST107313,32,Bengaluru,Salaried,45436,710,Personal Loan,136024,48,16.55,3893.38,2024-05-01,0,0
CUST107314,41,Hyderabad,Salaried,58470,670,Personal Loan,626950,36,18.31,22763.36,2023-07-06,1,0
CUST107315,29,Mumbai,Salaried,41747,718,Personal Loan,53678,12,13.88,4816.56,2023-10-31,1,0
CUST107316,37,Hyderabad,Business Owner,25601,676,Gold Loan,50344,6,12.61,8701.96,2023-01-05,0,0
CUST107317,53,Kolkata,Salaried,69148,690,Business Loan,962788,60,16.39,23613.11,2023-05-14,0,0
CUST107318,46,Mumbai,Self-Employed,41440,601,Personal Loan,154961,48,11.6,4050.35,2023-08-22,364,1
CUST107319,39,Hyderabad,Self-Employed,35854,746,Personal Loan,76232,24,16.76,3760.3,2023-08-29,0,0
CUST107320,37,Hyderabad,Salaried,65843,653,Gold Loan,205364,12,12.58,18302.11,2023-06-06,0,0
CUST107321,46,Chennai,Salaried,35688,759,Gold Loan,70019,12,10.12,6159.69,2024-05-12,176,1
CUST107322,50,Jaipur,Business Owner,43149,722,Personal Loan,352885,48,18.44,10447.31,2023-12-17,0,0
CUST107323,26,Bengaluru,Self-Employed,36301,578,Gold Loan,69255,18,11.05,4192.81,2023-02-09,0,0
CUST107324,44,Kolkata,Salaried,81490,722,Home Loan,1801161,300,8.58,14600.67,2024-06-13,0,0
CUST107325,28,Ahmedabad,Business Owner,36325,593,Vehicle Loan,268435,36,10.29,8698.24,2023-03-04,0,0
CUST107326,57,Lucknow,Self-Employed,31553,479,Gold Loan,197244,24,11.71,9258.27,2024-02-28,0,0
CUST107327,29,Mumbai,Salaried,41537,602,Business Loan,329711,24,16.17,16170.47,2023-06-18,0,0
CUST107328,21,Mumbai,Self-Employed,48637,646,Home Loan,1690530,300,10.31,15732.82,2024-03-28,30,0
CUST107329,30,Mumbai,Self-Employed,15453,555,Gold Loan,41407,12,11.63,3671.8,2023-01-11,0,0
CUST107330,53,Kolkata,Salaried,55700,781,Personal Loan,112170,24,14.6,5417.45,2023-12-13,0,0
CUST107331,30,Lucknow,Business Owner,73955,532,Personal Loan,538263,36,16.37,19022.2,2023-01-31,0,0
CUST107332,44,Chennai,Salaried,60197,749,Gold Loan,120609,12,11.1,10665.25,2023-12-15,136,1
CUST107333,42,Hyderabad,Self-Employed,46269,597,Business Loan,138996,12,14.63,12521.29,2024-02-27,0,0
CUST107334,47,Chennai,Salaried,82812,690,Personal Loan,82679,12,16.02,7502.32,2024-03-08,0,0
CUST107335,30,Hyderabad,Salaried,36310,622,Personal Loan,80237,12,14.13,7209.16,2023-05-21,15,0
CUST107336,26,Pune,Self-Employed,35000,829,Home Loan,797911,240,11.39,8448.76,2023-02-03,7,0
CUST107337,29,Mumbai,Salaried,40660,806,Personal Loan,277568,48,14.01,7586.35,2023-11-10,0,0
CUST107338,34,Delhi,Business Owner,32429,807,Business Loan,231284,24,11.64,10848.5,2024-08-29,0,0
CUST107339,21,Hyderabad,Salaried,44449,676,Business Loan,148391,12,14.97,13391.42,2023-01-25,0,0
CUST107340,42,Delhi,Business Owner,35840,604,Personal Loan,349385,48,15.73,9853.42,2024-06-27,30,0
CUST107341,44,Chennai,Salaried,68888,726,Gold Loan,244491,18,12.33,14947.07,2023-06-12,0,0
CUST107342,27,Hyderabad,Salaried,28212,730,Gold Loan,161420,24,9.66,7423.41,2024-01-17,0,0
CUST107343,25,Mumbai,Salaried,69383,900,Business Loan,421045,36,14.22,14435.35,2023-11-02,0,0
CUST107344,26,Kolkata,Salaried,97575,637,Home Loan,1685468,120,11.21,23418.13,2023-08-31,0,0
CUST107345,27,Bengaluru,Self-Employed,100997,747,Business Loan,513254,36,14.97,17784.58,2023-05-10,0,0
CUST107346,30,Jaipur,Self-Employed,52684,830,Home Loan,1989925,300,9.48,17358.25,2024-08-06,355,1
CUST107347,45,Bengaluru,Self-Employed,61461,524,Business Loan,305735,24,15.29,14866.23,2023-03-13,0,0
CUST107348,54,Chennai,Business Owner,37651,703,Business Loan,502086,60,16.85,12437.67,2024-06-12,362,1
CUST107349,33,Chennai,Salaried,32931,591,Personal Loan,293565,24,14.0,14094.9,2023-08-03,0,0
CUST107350,42,Lucknow,Salaried,65367,683,Business Loan,220033,12,15.1,19870.19,2024-07-04,0,0
CUST107351,35,Delhi,Self-Employed,73206,665,Personal Loan,225457,12,16.35,20493.27,2024-01-13,0,0
CUST107352,53,Hyderabad,Business Owner,27012,582,Vehicle Loan,189069,48,12.67,5041.34,2023-12-27,0,0
CUST107353,27,Ahmedabad,Salaried,46609,689,Business Loan,162100,12,13.5,14516.38,2024-08-02,0,0
CUST107354,21,Lucknow,Salaried,35000,675,Home Loan,1062341,240,8.8,9421.94,2024-06-20,0,0
CUST107355,37,Lucknow,Self-Employed,31068,588,Gold Loan,211733,24,12.04,9970.96,2023-02-13,321,1
CUST107356,40,Chennai,Salaried,60180,608,Personal Loan,170702,36,17.56,6133.67,2023-11-14,0,0
CUST107357,37,Bengaluru,Salaried,25000,729,Business Loan,156133,24,14.9,7562.95,2023-02-02,0,0
CUST107358,51,Hyderabad,Self-Employed,48165,700,Gold Loan,148915,12,9.29,13042.87,2023-06-17,1,0
CUST107359,44,Chennai,Self-Employed,111350,466,Business Loan,324797,12,11.43,28771.28,2024-11-21,0,0
CUST107360,36,Pune,Self-Employed,63384,701,Business Loan,388813,36,12.82,13066.96,2023-05-22,0,0
CUST107361,60,Jaipur,Salaried,84249,702,Gold Loan,472839,24,11.07,22053.37,2023-05-16,0,0
CUST107362,34,Pune,Salaried,27725,655,Personal Loan,121694,24,16.59,5992.88,2024-07-04,30,0
CUST107363,21,Pune,Salaried,53795,675,Personal Loan,247217,36,18.75,9030.77,2024-10-11,136,1
CUST107364,24,Lucknow,Self-Employed,66847,561,Home Loan,1717310,300,11.38,17305.44,2023-12-27,0,0
CUST107365,41,Hyderabad,Self-Employed,35000,895,Home Loan,1028537,240,8.67,9036.86,2024-07-08,0,0
CUST107366,24,Bengaluru,Salaried,51447,794,Business Loan,401472,24,11.46,18797.6,2023-05-20,15,0
CUST107367,37,Chennai,Business Owner,50508,842,Personal Loan,129331,12,16.89,11788.85,2023-01-23,0,0
CUST107368,31,Lucknow,Self-Employed,34433,612,Personal Loan,114200,36,11.72,3777.82,2023-09-14,127,1
CUST107369,35,Delhi,Self-Employed,39581,643,Personal Loan,286432,36,18.88,10482.09,2023-11-25,0,0
CUST107370,45,Pune,Salaried,71159,712,Personal Loan,57505,24,11.73,2699.72,2024-08-13,15,0
CUST107371,39,Jaipur,Business Owner,46573,670,Personal Loan,508497,48,17.09,14696.39,2024-10-12,0,0
CUST107372,44,Lucknow,Salaried,35364,653,Gold Loan,43220,6,9.5,7404.24,2024-11-23,0,0
CUST107373,45,Ahmedabad,Salaried,77776,779,Vehicle Loan,665212,24,10.74,30923.86,2024-07-05,0,0
CUST107374,28,Kolkata,Self-Employed,81712,596,Home Loan,1562530,120,11.35,21834.58,2023-01-06,0,0
CUST107375,36,Hyderabad,Business Owner,114539,598,Personal Loan,340546,12,18.3,31269.9,2023-01-17,0,0
CUST107376,37,Mumbai,Self-Employed,83864,694,Gold Loan,284760,18,11.91,17353.35,2024-11-18,143,1
CUST107377,31,Ahmedabad,Salaried,79136,630,Gold Loan,229170,18,11.57,13929.52,2023-03-26,0,0
CUST107378,21,Hyderabad,Business Owner,48901,649,Home Loan,1112531,300,9.91,10039.08,2024-05-27,0,0
CUST107379,31,Lucknow,Self-Employed,52911,678,Personal Loan,431462,36,17.52,15494.69,2023-12-01,0,0
CUST107380,47,Mumbai,Salaried,45248,698,Business Loan,463314,60,15.04,11031.94,2023-12-21,165,1
CUST107381,35,Chennai,Salaried,96521,647,Gold Loan,110725,6,10.08,19000.5,2023-10-14,0,0
CUST107382,40,Chennai,Self-Employed,92396,802,Gold Loan,118787,6,10.01,20379.85,2024-02-20,0,0
CUST107383,35,Hyderabad,Salaried,39561,732,Business Loan,306480,24,16.17,15031.12,2023-03-03,0,0
CUST107384,51,Pune,Self-Employed,63157,721,Personal Loan,229977,12,14.67,20721.54,2023-10-30,0,0
CUST107385,31,Pune,Business Owner,73358,736,Home Loan,1549232,180,11.11,17715.68,2024-07-02,0,0
CUST107386,36,Mumbai,Self-Employed,57089,674,Home Loan,2243891,180,9.16,22973.11,2023-06-24,30,0
CUST107387,26,Ahmedabad,Salaried,73207,648,Personal Loan,220394,24,14.2,10602.59,2024-11-16,0,0
CUST107388,36,Hyderabad,Self-Employed,54317,755,Personal Loan,519096,36,17.73,18696.33,2024-08-13,0,0
CUST107389,39,Hyderabad,Self-Employed,33834,682,Personal Loan,104927,24,16.9,5182.79,2024-01-08,0,0
CUST107390,40,Delhi,Salaried,43579,570,Business Loan,189879,12,15.21,17156.98,2024-08-26,0,0
CUST107391,36,Ahmedabad,Salaried,106851,723,Personal Loan,190239,24,12.7,9017.53,2023-01-28,0,0
CUST107392,35,Pune,Self-Employed,51623,727,Vehicle Loan,165348,24,13.96,7935.71,2023-08-02,0,0
CUST107393,58,Jaipur,Self-Employed,37075,725,Business Loan,109673,12,15.13,9905.63,2023-05-03,0,0
CUST107394,43,Mumbai,Business Owner,65405,703,Home Loan,1359923,240,10.06,13177.66,2024-03-25,0,0
CUST107395,42,Jaipur,Business Owner,29340,796,Gold Loan,88883,18,9.2,5305.37,2024-04-29,231,1
CUST107396,26,Lucknow,Salaried,41043,584,Vehicle Loan,375433,60,10.47,8063.94,2023-01-31,0,0
CUST107397,39,Chennai,Business Owner,52332,681,Personal Loan,377730,36,17.63,13585.84,2023-11-15,0,0
CUST107398,34,Pune,Business Owner,110208,723,Home Loan,1907306,300,9.6,16796.84,2024-07-31,0,0
CUST107399,40,Mumbai,Salaried,25000,623,Business Loan,97694,12,12.36,8696.45,2024-06-26,0,0
CUST107400,35,Jaipur,Salaried,25000,792,Business Loan,171111,24,17.75,8521.91,2024-01-25,0,0
CUST107401,21,Delhi,Salaried,30258,721,Personal Loan,69649,36,12.23,2321.0,2023-05-04,0,0
CUST107402,44,Ahmedabad,Salaried,164500,616,Home Loan,1888104,300,9.91,17037.57,2023-01-31,190,1
CUST107403,44,Bengaluru,Self-Employed,40389,573,Home Loan,1287593,120,9.39,16583.69,2024-10-28,1,0
CUST107404,32,Pune,Salaried,81322,523,Personal Loan,218211,24,17.27,10817.18,2024-11-12,1,0
CUST107405,28,Chennai,Salaried,88255,793,Home Loan,1346557,120,11.27,18755.22,2023-01-24,0,0
CUST107406,60,Bengaluru,Salaried,47537,805,Vehicle Loan,292756,60,12.14,6532.93,2024-09-01,30,0
CUST107407,35,Delhi,Self-Employed,115044,740,Gold Loan,338235,12,10.06,29745.67,2023-10-23,0,0
CUST107408,30,Mumbai,Salaried,72171,656,Vehicle Loan,629408,36,13.7,21420.08,2023-04-02,0,0
CUST107409,49,Lucknow,Self-Employed,42462,776,Business Loan,447100,60,13.76,10347.69,2024-07-19,301,1
CUST107410,43,Lucknow,Salaried,90887,466,Personal Loan,229951,48,18.6,6827.12,2024-09-30,0,0
CUST107411,40,Ahmedabad,Salaried,77027,681,Business Loan,372342,36,17.42,13352.97,2023-01-12,0,0
CUST107412,40,Ahmedabad,Salaried,48012,605,Home Loan,865631,180,11.23,9964.12,2024-06-13,0,0
CUST107413,37,Jaipur,Salaried,29298,657,Business Loan,349137,60,17.41,8754.11,2024-05-27,0,0
CUST107414,44,Chennai,Self-Employed,38847,682,Gold Loan,208760,24,12.45,9870.99,2024-07-16,0,0
CUST107415,32,Ahmedabad,Salaried,80734,532,Home Loan,1537943,180,9.19,15773.15,2023-05-30,0,0
CUST107416,41,Ahmedabad,Salaried,35000,695,Home Loan,986593,120,10.8,13478.87,2023-10-26,1,0
CUST107417,37,Kolkata,Self-Employed,35077,743,Personal Loan,119602,36,12.13,3979.93,2023-01-11,90,1
CUST107418,40,Pune,Self-Employed,27008,658,Business Loan,284596,36,11.72,9414.64,2023-06-13,0,0
CUST107419,21,Kolkata,Self-Employed,86407,564,Gold Loan,464663,24,10.05,21452.56,2024-09-17,0,0
CUST107420,41,Pune,Business Owner,49908,742,Home Loan,919541,120,10.3,12305.08,2023-07-04,0,0
CUST107421,29,Delhi,Salaried,45418,776,Personal Loan,128515,48,17.63,3750.33,2023-09-04,98,1
CUST107422,37,Lucknow,Business Owner,41760,552,Business Loan,182741,12,11.87,16225.21,2023-03-04,235,1
CUST107423,23,Bengaluru,Salaried,31990,668,Business Loan,385250,36,15.02,13358.59,2023-04-19,0,0
CUST107424,31,Hyderabad,Salaried,45517,594,Business Loan,269737,24,14.13,12967.42,2024-01-11,0,0
CUST107425,44,Jaipur,Business Owner,86689,799,Home Loan,1621362,120,9.27,20776.4,2024-11-14,0,0
CUST107426,35,Pune,Salaried,36042,756,Business Loan,208003,24,12.06,9797.25,2023-04-11,1,0
CUST107427,37,Bengaluru,Salaried,96520,612,Personal Loan,351559,48,18.9,10493.11,2024-07-20,1,0
CUST107428,52,Lucknow,Salaried,37383,510,Personal Loan,277027,24,16.18,13587.94,2023-09-04,94,1
CUST107429,42,Chennai,Salaried,37692,644,Home Loan,1204620,180,9.36,12477.38,2024-07-15,0,0
CUST107430,22,Delhi,Self-Employed,35818,566,Personal Loan,86714,36,12.62,2905.89,2023-07-10,157,1
CUST107431,37,Mumbai,Self-Employed,20000,605,Personal Loan,51118,12,14.18,4594.07,2024-06-24,214,1
CUST107432,64,Pune,Business Owner,54671,790,Vehicle Loan,661512,36,11.4,21782.58,2024-02-27,0,0
CUST107433,21,Kolkata,Salaried,37078,688,Business Loan,332770,60,11.38,7298.45,2024-07-08,0,0
CUST107434,31,Chennai,Business Owner,52024,731,Business Loan,379939,60,17.48,9540.8,2023-03-26,7,0
CUST107435,45,Kolkata,Self-Employed,90511,590,Home Loan,1955405,120,11.04,26980.0,2024-02-14,0,0
CUST107436,25,Mumbai,Salaried,53827,599,Business Loan,497208,36,12.82,16709.83,2024-06-19,1,0
CUST107437,21,Jaipur,Salaried,67865,821,Gold Loan,468297,24,10.61,21741.61,2024-04-15,0,0
CUST107438,45,Bengaluru,Self-Employed,35000,611,Home Loan,1513936,300,9.29,13006.88,2023-12-29,0,0
CUST107439,29,Hyderabad,Business Owner,49447,624,Business Loan,324304,24,16.15,15902.19,2023-09-09,250,1
CUST107440,28,Mumbai,Salaried,44941,720,Gold Loan,161739,18,12.65,9912.08,2023-07-05,0,0
CUST107441,36,Kolkata,Salaried,22391,828,Personal Loan,164333,48,18.69,4886.73,2023-06-08,0,0
CUST107442,45,Mumbai,Salaried,27595,629,Business Loan,174435,36,17.94,6300.99,2024-02-24,0,0
CUST107443,41,Hyderabad,Self-Employed,82755,797,Home Loan,1738605,120,10.91,23860.8,2023-11-27,0,0
CUST107444,21,Ahmedabad,Salaried,57237,535,Personal Loan,253235,48,12.43,6722.24,2023-02-14,1,0
CUST107445,50,Bengaluru,Self-Employed,54013,653,Personal Loan,500108,48,17.36,14523.95,2023-06-16,232,1
CUST107446,25,Chennai,Salaried,25000,684,Business Loan,119632,12,14.44,10766.2,2023-08-27,0,0
CUST107447,40,Kolkata,Salaried,36859,602,Business Loan,311735,36,12.99,10502.08,2023-11-11,199,1
CUST107448,41,Pune,Self-Employed,66466,730,Home Loan,1557053,120,11.49,21882.55,2023-06-12,0,0
CUST107449,63,Bengaluru,Self-Employed,24359,898,Gold Loan,36306,6,10.51,6237.84,2023-05-08,0,0
CUST107450,44,Hyderabad,Salaried,28812,677,Vehicle Loan,172586,24,12.77,8186.42,2024-09-29,0,0
CUST107451,41,Jaipur,Salaried,69941,757,Gold Loan,302881,24,10.41,14033.81,2023-04-30,1,0
CUST107452,47,Lucknow,Salaried,60095,761,Gold Loan,99885,6,11.81,17225.62,2024-01-27,0,0
CUST107453,38,Bengaluru,Salaried,86844,619,Gold Loan,193358,6,9.41,33116.57,2023-02-15,0,0
CUST107454,54,Bengaluru,Salaried,70324,736,Home Loan,1087923,120,11.05,15016.95,2023-12-29,0,0
CUST107455,44,Jaipur,Salaried,61322,666,Home Loan,2519722,300,10.3,23431.75,2024-03-08,0,0
CUST107456,32,Ahmedabad,Salaried,50343,696,Personal Loan,304894,48,17.64,8899.01,2023-11-27,0,0
CUST107457,42,Ahmedabad,Salaried,77193,734,Business Loan,607530,24,13.3,28968.77,2023-12-08,0,0
CUST107458,34,Jaipur,Business Owner,40428,695,Vehicle Loan,521287,48,10.2,13271.31,2023-01-06,0,0
CUST107459,29,Lucknow,Salaried,127552,489,Business Loan,951237,60,15.3,22779.93,2023-07-09,0,0
CUST107460,34,Kolkata,Self-Employed,50008,788,Home Loan,1579374,180,8.53,15580.51,2023-08-22,0,0
CUST107461,23,Pune,Self-Employed,81454,510,Business Loan,359780,60,15.63,8678.58,2024-08-03,0,0
CUST107462,25,Bengaluru,Salaried,63090,504,Personal Loan,314842,24,16.84,15542.31,2023-10-17,0,0
CUST107463,42,Kolkata,Business Owner,43872,834,Home Loan,1258343,300,10.08,11505.61,2024-02-09,290,1
CUST107464,52,Lucknow,Salaried,72440,763,Home Loan,1199421,120,9.85,15750.98,2023-07-24,0,0
CUST107465,23,Mumbai,Salaried,43307,573,Personal Loan,87283,12,17.14,7966.42,2023-05-18,30,0
CUST107466,27,Ahmedabad,Salaried,21141,650,Gold Loan,50751,12,10.13,4464.89,2024-11-13,30,0
CUST107467,51,Ahmedabad,Self-Employed,67187,723,Personal Loan,358575,36,14.94,12419.59,2024-08-13,0,0
CUST107468,42,Delhi,Salaried,44132,777,Gold Loan,64199,12,9.37,5625.32,2023-12-09,0,0
CUST107469,51,Hyderabad,Business Owner,29617,822,Business Loan,336703,60,16.12,8209.45,2023-08-13,0,0
CUST107470,45,Pune,Salaried,104454,682,Home Loan,1582744,120,10.12,21021.39,2023-05-14,215,1
CUST107471,45,Hyderabad,Salaried,50561,703,Business Loan,145586,12,12.64,12978.77,2024-06-02,0,0
CUST107472,36,Lucknow,Salaried,29485,757,Business Loan,341438,36,11.13,11199.27,2023-08-19,169,1
CUST107473,43,Hyderabad,Salaried,26540,562,Gold Loan,59030,12,11.41,5228.47,2024-03-02,342,1
CUST107474,49,Kolkata,Salaried,27213,664,Gold Loan,91301,18,9.38,5457.24,2023-04-15,0,0
CUST107475,39,Jaipur,Self-Employed,72841,558,Personal Loan,354671,48,11.92,9325.92,2024-05-24,0,0
CUST107476,44,Lucknow,Self-Employed,58265,654,Business Loan,319070,24,11.54,14951.28,2024-05-28,1,0
CUST107477,34,Lucknow,Self-Employed,46365,804,Personal Loan,161079,24,13.94,7729.3,2023-12-15,0,0
CUST107478,40,Mumbai,Salaried,52643,801,Gold Loan,60782,6,10.04,10429.04,2024-08-30,0,0
CUST107479,28,Pune,Self-Employed,43098,686,Personal Loan,312605,36,18.05,11309.26,2023-01-06,0,0
CUST107480,21,Lucknow,Salaried,61561,638,Gold Loan,53485,6,10.65,9193.1,2023-03-15,0,0
CUST107481,30,Lucknow,Salaried,119285,520,Gold Loan,134192,12,9.97,11795.74,2023-05-31,0,0
CUST107482,50,Pune,Self-Employed,47260,725,Personal Loan,265053,36,11.78,8775.73,2024-06-21,0,0
CUST107483,43,Pune,Business Owner,46570,681,Personal Loan,309207,36,13.12,10436.29,2023-10-27,0,0
CUST107484,32,Bengaluru,Salaried,36760,682,Business Loan,301418,24,14.99,14613.32,2023-10-20,364,1
CUST107485,28,Delhi,Self-Employed,37756,649,Personal Loan,153487,24,13.44,7328.81,2023-08-18,0,0
CUST107486,56,Delhi,Salaried,47892,608,Home Loan,1117869,300,11.14,11069.71,2024-05-23,15,0
CUST107487,51,Kolkata,Salaried,207959,642,Personal Loan,828431,12,14.07,74409.72,2024-02-23,0,0
CUST107488,38,Delhi,Salaried,62312,798,Personal Loan,78139,12,12.34,6954.99,2023-01-24,0,0
CUST107489,33,Bengaluru,Salaried,110345,629,Personal Loan,896109,48,15.78,25295.13,2023-04-14,0,0
CUST107490,43,Kolkata,Salaried,96880,820,Home Loan,1933253,300,11.02,18976.03,2023-12-20,0,0
CUST107491,31,Bengaluru,Salaried,59900,833,Business Loan,362729,24,11.76,17034.29,2023-12-20,0,0
CUST107492,39,Jaipur,Salaried,47124,602,Personal Loan,275339,36,12.77,9246.79,2023-04-21,0,0
CUST107493,36,Kolkata,Business Owner,47062,616,Vehicle Loan,210127,36,13.43,7123.61,2024-01-01,0,0
CUST107494,34,Chennai,Salaried,50214,613,Personal Loan,282823,48,18.83,8431.09,2024-04-18,15,0
CUST107495,40,Ahmedabad,Salaried,47608,526,Home Loan,1095034,120,8.51,13582.71,2023-06-30,0,0
CUST107496,41,Chennai,Salaried,35181,670,Home Loan,610949,120,10.79,8343.36,2023-08-16,0,0
CUST107497,39,Lucknow,Self-Employed,35000,633,Home Loan,1401894,300,8.71,11487.51,2023-03-25,0,0
CUST107498,37,Jaipur,Salaried,35000,751,Home Loan,1132791,300,9.09,9576.25,2024-06-07,0,0
CUST107499,32,Pune,Self-Employed,70489,618,Personal Loan,428438,36,17.52,15386.09,2023-04-22,0,0
CUST107500,43,Hyderabad,Salaried,95289,553,Business Loan,401326,12,12.1,35676.11,2024-01-26,0,0
CUST107501,49,Bengaluru,Salaried,49862,728,Business Loan,331937,36,12.54,11110.87,2024-09-13,0,0
CUST107502,31,Jaipur,Salaried,42188,773,Vehicle Loan,358944,24,9.79,16528.68,2023-10-10,0,0
CUST107503,35,Delhi,Salaried,72063,634,Gold Loan,229782,18,9.62,13759.87,2024-04-08,1,0
CUST107504,51,Ahmedabad,Self-Employed,69531,840,Home Loan,2170330,240,10.27,21333.87,2024-03-25,0,0
CUST107505,32,Lucknow,Business Owner,60963,618,Gold Loan,261770,18,11.74,15931.67,2023-03-16,1,0
CUST107506,63,Delhi,Business Owner,78393,641,Personal Loan,573196,48,13.0,15377.41,2024-06-05,0,0
CUST107507,33,Chennai,Business Owner,38485,725,Gold Loan,54237,6,9.01,9278.53,2023-05-07,0,0
CUST107508,48,Lucknow,Self-Employed,70863,603,Business Loan,794212,60,11.29,17383.18,2024-05-06,0,0
CUST107509,43,Pune,Salaried,42794,718,Business Loan,340386,36,14.86,11776.27,2023-01-23,0,0
CUST107510,41,Kolkata,Salaried,46259,658,Home Loan,1951682,300,9.49,17038.22,2023-06-17,0,0
CUST107511,29,Chennai,Salaried,93699,627,Personal Loan,331669,36,12.32,11066.92,2023-10-12,0,0
CUST107512,22,Mumbai,Salaried,97457,620,Home Loan,3410039,240,9.45,31674.78,2024-10-15,15,0
CUST107513,42,Pune,Salaried,43702,707,Business Loan,342070,36,13.14,11548.77,2024-04-29,30,0
CUST107514,47,Lucknow,Salaried,52802,742,Business Loan,330570,36,16.89,11767.63,2023-05-06,0,0
CUST107515,21,Bengaluru,Salaried,35000,840,Home Loan,1344994,300,11.02,13201.91,2024-04-20,0,0
CUST107516,46,Mumbai,Salaried,32248,474,Vehicle Loan,151408,24,13.82,7256.67,2024-07-23,0,0
CUST107517,41,Bengaluru,Business Owner,44590,803,Home Loan,1729683,180,9.9,18481.59,2024-02-09,15,0
CUST107518,39,Kolkata,Self-Employed,45137,773,Personal Loan,163358,36,13.53,5545.97,2023-04-09,0,0
CUST107519,28,Lucknow,Salaried,42106,757,Personal Loan,191461,12,16.18,17387.73,2024-06-17,0,0
CUST107520,26,Bengaluru,Salaried,38495,670,Personal Loan,184875,24,16.16,9066.2,2023-08-24,315,1
CUST107521,26,Lucknow,Salaried,44464,719,Personal Loan,110997,36,18.05,4015.59,2024-09-28,353,1
CUST107522,31,Lucknow,Salaried,25716,476,Personal Loan,101443,12,16.11,9209.29,2024-02-19,0,0
CUST107523,40,Delhi,Salaried,33170,652,Business Loan,428851,60,12.77,9707.26,2024-04-15,0,0
CUST107524,64,Bengaluru,Salaried,44303,706,Personal Loan,71249,12,17.93,6529.73,2023-11-28,0,0
CUST107525,44,Delhi,Salaried,33513,844,Business Loan,251522,36,11.63,8309.75,2024-04-19,0,0
CUST107526,57,Mumbai,Business Owner,66864,788,Business Loan,383882,24,16.93,18967.09,2023-03-03,0,0
CUST107527,36,Jaipur,Salaried,61784,770,Home Loan,1010387,120,10.52,13644.97,2024-03-31,0,0
CUST107528,35,Mumbai,Self-Employed,70307,686,Personal Loan,370528,36,12.56,12406.17,2023-03-30,0,0
CUST107529,53,Pune,Self-Employed,69667,561,Personal Loan,87452,12,18.96,8057.61,2024-10-01,0,0
CUST107530,46,Delhi,Salaried,43787,600,Personal Loan,535974,48,12.07,14132.68,2023-12-06,0,0
CUST107531,28,Hyderabad,Business Owner,35000,734,Home Loan,1329269,180,11.26,15326.16,2024-11-28,0,0
CUST107532,65,Mumbai,Salaried,58851,701,Personal Loan,231126,24,15.81,11295.68,2023-08-24,0,0
CUST107533,55,Kolkata,Salaried,35753,727,Business Loan,142204,12,17.2,12983.18,2024-01-23,0,0
CUST107534,40,Kolkata,Salaried,20000,731,Personal Loan,60184,12,12.21,5353.19,2024-09-05,0,0
CUST107535,43,Bengaluru,Salaried,112419,687,Business Loan,1167595,60,14.27,27331.61,2024-05-27,105,1
CUST107536,27,Kolkata,Self-Employed,52102,735,Personal Loan,186735,36,16.77,6636.26,2023-07-18,0,0
CUST107537,35,Ahmedabad,Salaried,32713,770,Personal Loan,50310,36,16.82,1789.19,2024-09-17,0,0
CUST107538,44,Hyderabad,Business Owner,90047,625,Personal Loan,139724,12,12.81,12467.32,2023-07-29,236,1
CUST107539,42,Mumbai,Salaried,35755,627,Personal Loan,104163,48,16.66,2987.34,2024-11-24,0,0
CUST107540,28,Hyderabad,Self-Employed,70295,804,Gold Loan,270345,24,12.91,12841.27,2023-09-04,1,0
CUST107541,43,Jaipur,Salaried,41325,810,Personal Loan,121295,48,14.92,3370.81,2024-09-16,0,0
CUST107542,29,Mumbai,Self-Employed,158989,556,Home Loan,1704732,240,8.95,15283.14,2023-08-20,328,1
CUST107543,49,Mumbai,Salaried,50094,560,Home Loan,1434698,240,8.65,12587.18,2023-03-20,0,0
CUST107544,35,Chennai,Salaried,45020,760,Personal Loan,73036,12,16.1,6630.08,2024-10-17,0,0
CUST107545,34,Jaipur,Salaried,66211,655,Business Loan,709529,36,12.06,23586.85,2024-09-02,30,0
CUST107546,39,Mumbai,Self-Employed,51420,634,Business Loan,336268,36,12.58,11262.29,2024-10-22,358,1
CUST107547,49,Jaipur,Salaried,33119,755,Gold Loan,53682,6,9.22,9189.13,2023-07-12,0,0
CUST107548,44,Ahmedabad,Salaried,35000,740,Home Loan,946836,180,11.27,10922.78,2024-03-31,0,0
CUST107549,37,Kolkata,Salaried,65332,696,Personal Loan,328379,36,18.07,11883.22,2024-09-26,0,0
CUST107550,51,Hyderabad,Salaried,64482,656,Gold Loan,337549,24,10.65,15677.64,2024-01-09,0,0
CUST107551,36,Hyderabad,Self-Employed,88226,692,Home Loan,1599937,180,9.73,16929.7,2024-01-04,0,0
CUST107552,29,Ahmedabad,Business Owner,62153,691,Personal Loan,429539,36,16.89,15290.73,2023-08-27,0,0
CUST107553,46,Hyderabad,Self-Employed,40637,813,Personal Loan,77592,24,15.78,3790.99,2024-06-20,0,0
CUST107554,30,Lucknow,Business Owner,209232,635,Personal Loan,959870,36,18.96,35165.6,2024-05-28,187,1
CUST107555,42,Ahmedabad,Business Owner,75087,806,Home Loan,2920943,180,9.19,29957.2,2023-06-24,0,0
CUST107556,21,Mumbai,Self-Employed,44461,620,Personal Loan,57582,24,15.93,2817.47,2023-10-06,0,0
CUST107557,34,Jaipur,Salaried,56905,657,Home Loan,2252999,240,10.27,22146.49,2023-04-07,15,0
CUST107558,38,Lucknow,Salaried,49604,602,Personal Loan,484467,48,15.52,13611.12,2024-10-27,240,1
CUST107559,33,Bengaluru,Self-Employed,41667,769,Personal Loan,72766,24,18.2,3639.81,2023-03-06,0,0
CUST107560,55,Bengaluru,Salaried,77649,669,Home Loan,1554166,120,10.21,20719.58,2023-04-20,0,0
CUST107561,42,Lucknow,Salaried,25000,776,Business Loan,217081,36,12.36,7247.58,2024-08-29,0,0
CUST107562,35,Pune,Self-Employed,38718,708,Gold Loan,87397,12,9.85,7677.49,2024-03-18,0,0
CUST107563,55,Ahmedabad,Business Owner,37783,655,Business Loan,149238,12,12.05,13263.11,2024-03-16,0,0
CUST107564,37,Kolkata,Self-Employed,143079,704,Personal Loan,851564,24,16.94,42078.71,2023-03-19,0,0
CUST107565,39,Hyderabad,Business Owner,26222,865,Personal Loan,285863,48,11.81,7501.23,2023-04-27,0,0
CUST107566,37,Hyderabad,Self-Employed,56211,733,Vehicle Loan,482413,48,12.02,12708.52,2024-06-13,0,0
CUST107567,29,Pune,Salaried,43763,734,Personal Loan,67130,12,11.51,5949.04,2024-08-19,0,0
CUST107568,44,Kolkata,Salaried,35000,793,Home Loan,1585356,240,9.87,15162.73,2023-05-22,0,0
CUST107569,37,Ahmedabad,Salaried,54540,735,Personal Loan,204346,24,15.15,9922.62,2023-04-30,0,0
CUST107570,60,Lucknow,Salaried,41166,587,Personal Loan,193375,24,15.43,9415.66,2024-02-15,0,0
CUST107571,21,Lucknow,Salaried,39285,544,Business Loan,382427,60,15.73,9245.11,2023-11-04,7,0
CUST107572,58,Hyderabad,Salaried,46664,602,Gold Loan,51707,6,12.21,8927.32,2023-07-20,0,0
CUST107573,33,Pune,Salaried,35461,457,Personal Loan,289168,36,12.55,9680.65,2023-09-22,7,0
CUST107574,40,Chennai,Self-Employed,35039,600,Personal Loan,89348,12,11.91,7934.7,2023-02-11,0,0
CUST107575,22,Mumbai,Salaried,35351,651,Home Loan,530319,120,10.95,7290.14,2023-11-13,1,0
CUST107576,28,Mumbai,Business Owner,35601,610,Home Loan,1166199,180,9.54,12205.9,2023-07-31,0,0
CUST107577,51,Mumbai,Salaried,77903,662,Personal Loan,558958,24,16.47,27494.01,2024-09-22,0,0
CUST107578,31,Lucknow,Salaried,53163,585,Business Loan,173517,12,16.09,15750.74,2023-08-28,0,0
CUST107579,25,Hyderabad,Self-Employed,63376,716,Gold Loan,223929,12,10.86,19776.6,2023-07-06,0,0
CUST107580,21,Kolkata,Business Owner,82667,769,Vehicle Loan,287182,24,13.9,13774.87,2023-09-09,30,0
CUST107581,65,Lucknow,Salaried,27123,576,Business Loan,233964,36,14.15,8013.39,2023-04-09,0,0
CUST107582,31,Ahmedabad,Self-Employed,37683,677,Personal Loan,86457,36,13.17,2920.16,2023-05-04,15,0
CUST107583,41,Delhi,Salaried,37047,760,Personal Loan,220992,48,12.19,5840.2,2024-07-22,0,0
CUST107584,39,Lucknow,Business Owner,58160,753,Home Loan,2489081,300,8.63,20261.28,2023-02-09,0,0
CUST107585,43,Chennai,Self-Employed,44446,544,Personal Loan,451872,48,12.92,12104.66,2023-10-20,15,0
CUST107586,46,Chennai,Self-Employed,62906,690,Home Loan,1542818,240,10.36,15258.37,2024-09-08,146,1
CUST107587,36,Pune,Self-Employed,47962,872,Vehicle Loan,239249,24,13.49,11429.48,2024-03-13,0,0
CUST107588,35,Lucknow,Salaried,51381,813,Business Loan,373280,60,12.18,8337.4,2024-10-19,363,1
CUST107589,31,Kolkata,Salaried,45517,609,Home Loan,1349516,300,11.25,13471.4,2023-11-01,0,0
CUST107590,24,Delhi,Self-Employed,36676,662,Personal Loan,77032,24,18.66,3870.36,2023-10-12,0,0
CUST107591,51,Chennai,Self-Employed,35000,661,Home Loan,1520842,240,10.32,15000.34,2024-08-06,253,1
CUST107592,43,Hyderabad,Salaried,29771,677,Personal Loan,69936,12,15.18,6318.25,2023-10-08,0,0
CUST107593,29,Jaipur,Self-Employed,63314,776,Personal Loan,126863,12,17.17,11580.75,2023-04-29,0,0
CUST107594,41,Chennai,Salaried,51568,634,Personal Loan,706122,48,13.95,19278.12,2023-10-04,0,0
CUST107595,42,Bengaluru,Self-Employed,45238,636,Personal Loan,61258,12,15.68,5548.72,2024-06-13,0,0
CUST107596,25,Delhi,Salaried,39333,732,Personal Loan,186882,24,11.81,8780.61,2024-11-02,0,0
CUST107597,35,Delhi,Salaried,69730,729,Personal Loan,319696,36,14.2,10957.53,2024-02-05,30,0
CUST107598,26,Pune,Self-Employed,55093,664,Home Loan,1501088,120,9.83,19695.95,2023-04-11,199,1
CUST107599,42,Bengaluru,Salaried,61434,773,Business Loan,461290,60,17.57,11606.1,2023-08-19,15,0
CUST107600,48,Delhi,Salaried,34506,653,Gold Loan,105138,18,9.67,6298.32,2023-08-12,30,0
CUST107601,33,Kolkata,Salaried,76700,624,Vehicle Loan,738169,48,13.59,20020.07,2023-08-12,0,0
CUST107602,37,Chennai,Salaried,54780,768,Business Loan,207572,12,16.14,18846.94,2023-05-24,0,0
CUST107603,45,Pune,Salaried,29014,735,Personal Loan,272626,48,13.01,7315.23,2024-11-03,0,0
CUST107604,27,Delhi,Salaried,48967,883,Personal Loan,251115,48,13.53,6803.03,2024-07-13,0,0
CUST107605,46,Hyderabad,Salaried,43601,766,Vehicle Loan,242409,60,9.89,5137.36,2024-01-23,7,0
CUST107606,42,Mumbai,Self-Employed,36009,710,Personal Loan,71150,12,11.63,6309.28,2024-02-15,0,0
CUST107607,50,Lucknow,Business Owner,50791,619,Home Loan,1511946,300,10.94,14753.24,2024-03-06,107,1
CUST107608,29,Hyderabad,Salaried,57452,690,Gold Loan,218673,12,10.02,19226.86,2024-11-19,0,0
CUST107609,41,Jaipur,Self-Employed,56030,774,Personal Loan,351724,36,12.2,11715.9,2024-04-27,0,0
CUST107610,48,Lucknow,Self-Employed,90927,751,Home Loan,2131871,180,10.21,23183.86,2023-01-17,0,0
CUST107611,30,Delhi,Salaried,39239,595,Home Loan,934326,240,10.25,9171.75,2023-04-25,0,0
CUST107612,46,Bengaluru,Salaried,25000,797,Business Loan,220909,24,11.4,10337.16,2023-07-16,0,0
CUST107613,33,Hyderabad,Salaried,66966,868,Business Loan,307360,36,16.43,10871.23,2023-09-20,0,0
CUST107614,29,Lucknow,Self-Employed,68104,601,Personal Loan,215602,48,18.32,6369.42,2023-10-13,0,0
CUST107615,38,Lucknow,Business Owner,67113,690,Personal Loan,291203,48,16.74,8363.55,2024-07-18,0,0
CUST107616,26,Mumbai,Business Owner,27137,889,Personal Loan,51869,24,17.9,2587.01,2024-02-19,0,0
CUST107617,21,Delhi,Salaried,35000,670,Home Loan,778452,240,10.83,7945.22,2023-06-03,0,0
CUST107618,31,Delhi,Salaried,51353,730,Vehicle Loan,256136,36,11.97,8503.71,2023-09-29,0,0
CUST107619,42,Kolkata,Business Owner,70628,499,Home Loan,1662097,120,10.17,22121.5,2024-06-15,316,1
CUST107620,37,Lucknow,Salaried,71822,746,Personal Loan,171887,12,14.9,15506.12,2024-10-24,0,0
CUST107621,26,Chennai,Salaried,35000,756,Home Loan,1443769,240,10.44,14356.16,2024-06-02,0,0
CUST107622,37,Pune,Salaried,40019,594,Home Loan,1244700,180,9.73,13170.77,2024-09-25,0,0
CUST107623,48,Hyderabad,Salaried,36370,811,Home Loan,1653231,240,9.04,14917.11,2024-08-22,0,0
CUST107624,40,Ahmedabad,Salaried,20000,697,Personal Loan,59710,12,12.35,5314.94,2024-02-07,30,0
CUST107625,36,Delhi,Salaried,48066,716,Home Loan,1244764,240,10.17,12152.78,2024-01-12,0,0
CUST107626,33,Delhi,Salaried,35000,698,Home Loan,949509,240,10.07,9207.05,2023-05-01,0,0
CUST107627,32,Delhi,Salaried,32675,677,Personal Loan,509121,48,13.15,13696.38,2023-09-10,183,1
CUST107628,33,Jaipur,Self-Employed,42786,744,Business Loan,396056,36,12.77,13300.86,2023-07-20,0,0
CUST107629,47,Ahmedabad,Salaried,35000,613,Home Loan,929584,120,10.92,12762.96,2023-04-21,0,0
CUST107630,35,Hyderabad,Salaried,102236,720,Vehicle Loan,178816,60,12.64,4035.74,2024-11-25,0,0
CUST107631,33,Lucknow,Salaried,25000,601,Business Loan,89465,12,12.77,7981.12,2023-12-11,0,0
CUST107632,33,Lucknow,Business Owner,35000,581,Home Loan,872993,120,9.58,11334.59,2023-07-27,0,0
CUST107633,47,Pune,Salaried,57508,785,Gold Loan,138235,18,10.71,8347.25,2023-11-17,7,0
CUST107634,53,Pune,Salaried,118648,655,Home Loan,1536741,180,10.61,17092.07,2023-10-20,0,0
CUST107635,39,Chennai,Self-Employed,35384,582,Home Loan,1331793,240,10.12,12958.15,2023-12-01,1,0
CUST107636,28,Lucknow,Business Owner,92373,601,Home Loan,2486519,300,10.48,23441.75,2023-04-28,0,0
CUST107637,45,Delhi,Self-Employed,25000,608,Business Loan,331282,60,14.33,7765.15,2023-04-26,0,0
CUST107638,29,Bengaluru,Salaried,120371,638,Business Loan,1158510,36,11.44,38169.98,2024-07-05,347,1
CUST107639,26,Ahmedabad,Self-Employed,41509,685,Personal Loan,110391,12,12.6,9839.12,2024-03-15,0,0
CUST107640,29,Delhi,Salaried,32516,607,Business Loan,106986,12,15.99,9706.43,2023-07-02,0,0
CUST107641,30,Lucknow,Business Owner,20000,798,Personal Loan,101217,48,12.94,2712.39,2023-04-16,0,0
CUST107642,29,Lucknow,Self-Employed,35672,623,Business Loan,244669,24,13.07,11640.06,2024-01-07,0,0
CUST107643,30,Delhi,Salaried,58796,643,Home Loan,1691113,300,10.64,16136.57,2024-04-09,0,0
CUST107644,34,Kolkata,Salaried,64975,559,Personal Loan,415195,48,18.35,12272.42,2023-01-09,0,0
CUST107645,42,Pune,Salaried,56281,657,Home Loan,1580733,240,9.61,14848.24,2023-05-13,0,0
CUST107646,24,Jaipur,Salaried,59401,728,Vehicle Loan,254117,24,12.74,12050.17,2023-11-18,0,0
CUST107647,21,Hyderabad,Salaried,30498,611,Business Loan,86347,12,16.12,7839.24,2024-06-11,0,0
CUST107648,38,Bengaluru,Salaried,29803,668,Vehicle Loan,343467,48,12.25,9087.02,2024-04-25,0,0
CUST107649,31,Kolkata,Salaried,36588,646,Business Loan,510774,60,12.34,11449.84,2023-11-10,307,1
CUST107650,52,Delhi,Salaried,47045,783,Gold Loan,123242,18,10.65,7438.49,2024-10-04,7,0
CUST107651,39,Chennai,Self-Employed,97272,634,Personal Loan,424082,24,12.39,20040.34,2023-10-31,0,0
CUST107652,36,Hyderabad,Self-Employed,25000,673,Business Loan,143209,24,17.67,7126.77,2024-08-04,0,0
CUST107653,21,Pune,Salaried,62770,623,Home Loan,1501095,120,9.3,19259.81,2024-02-04,352,1
CUST107654,46,Delhi,Salaried,25000,604,Business Loan,274308,36,16.12,9660.11,2024-08-10,0,0
CUST107655,38,Hyderabad,Self-Employed,45466,703,Personal Loan,312848,48,17.7,9140.94,2023-12-02,0,0
CUST107656,41,Pune,Salaried,21733,698,Personal Loan,200905,36,13.98,6864.51,2024-03-25,0,0
CUST107657,43,Chennai,Self-Employed,29026,606,Gold Loan,90016,12,12.43,8015.93,2023-07-08,203,1
CUST107658,31,Chennai,Salaried,46740,676,Home Loan,1400216,120,11.37,19582.4,2024-07-02,0,0
CUST107659,49,Pune,Business Owner,47953,871,Personal Loan,357172,48,16.76,10261.92,2023-05-27,0,0
CUST107660,34,Bengaluru,Salaried,44911,633,Home Loan,1132022,120,10.18,15072.82,2023-02-11,355,1
CUST107661,26,Lucknow,Self-Employed,44331,546,Gold Loan,168091,24,11.23,7852.32,2024-08-21,0,0
CUST107662,26,Delhi,Business Owner,25000,589,Business Loan,100087,12,16.08,9084.77,2024-11-18,0,0
CUST107663,23,Delhi,Salaried,35575,526,Home Loan,762806,180,11.06,8698.79,2024-09-28,0,0
CUST107664,31,Kolkata,Salaried,37889,577,Gold Loan,65172,12,11.99,5790.15,2024-11-20,30,0
CUST107665,44,Pune,Self-Employed,15000,747,Gold Loan,59022,24,10.36,2733.38,2023-07-10,0,0
CUST107666,38,Pune,Self-Employed,48603,669,Personal Loan,289649,36,14.76,10006.77,2024-09-02,30,0
CUST107667,43,Chennai,Salaried,50852,759,Personal Loan,278641,36,15.6,9741.25,2024-08-22,0,0
CUST107668,32,Lucknow,Self-Employed,70240,619,Home Loan,1902753,240,11.35,20095.22,2024-04-25,0,0
CUST107669,35,Lucknow,Self-Employed,90679,686,Home Loan,1517541,120,9.27,19446.02,2024-05-14,0,0
CUST107670,34,Chennai,Salaried,97493,641,Gold Loan,320931,12,12.09,28527.84,2024-04-15,1,0
CUST107671,40,Mumbai,Salaried,47839,674,Gold Loan,72180,12,10.25,6354.16,2024-09-04,0,0
CUST107672,38,Mumbai,Self-Employed,20000,523,Personal Loan,103112,24,12.25,4865.89,2023-03-01,0,0
CUST107673,32,Kolkata,Business Owner,44969,678,Business Loan,363534,36,17.58,13066.16,2024-04-02,0,0
CUST107674,31,Jaipur,Salaried,62441,875,Business Loan,398553,24,12.48,18850.74,2024-01-29,1,0
CUST107675,40,Mumbai,Salaried,73626,665,Personal Loan,545570,24,18.02,27242.36,2024-06-13,7,0
CUST107676,45,Bengaluru,Salaried,22588,843,Vehicle Loan,200393,36,10.28,6492.49,2024-04-04,0,0
CUST107677,50,Delhi,Salaried,37512,707,Gold Loan,67754,24,10.73,3149.38,2023-06-11,1,0
CUST107678,29,Pune,Business Owner,47365,802,Personal Loan,435131,36,14.1,14892.89,2024-11-02,0,0
CUST107679,30,Kolkata,Salaried,58618,748,Gold Loan,241281,18,11.13,14616.49,2024-08-25,0,0
CUST107680,21,Mumbai,Salaried,89327,665,Home Loan,1919817,300,9.11,16255.89,2024-05-06,0,0
CUST107681,29,Delhi,Salaried,40035,582,Personal Loan,280126,48,17.42,8144.05,2024-04-09,0,0
CUST107682,28,Ahmedabad,Salaried,86308,900,Business Loan,1042467,36,14.03,35644.24,2024-05-01,0,0
CUST107683,40,Mumbai,Salaried,192938,621,Business Loan,852563,12,17.65,78021.03,2023-09-22,290,1
CUST107684,39,Jaipur,Salaried,82585,664,Business Loan,692246,60,17.93,17552.15,2024-09-28,15,0
CUST107685,31,Bengaluru,Salaried,57401,843,Personal Loan,313777,48,17.88,9197.54,2024-10-04,0,0
CUST107686,48,Ahmedabad,Self-Employed,22485,821,Gold Loan,81476,18,11.82,4961.76,2024-04-26,0,0
CUST107687,37,Bengaluru,Business Owner,21667,859,Personal Loan,88876,12,18.05,8150.27,2023-09-17,284,1
CUST107688,34,Bengaluru,Business Owner,116253,511,Vehicle Loan,579237,24,13.13,27573.37,2023-03-31,0,0
CUST107689,30,Chennai,Self-Employed,52640,780,Personal Loan,109956,12,13.94,9869.53,2023-01-31,15,0
CUST107690,31,Pune,Self-Employed,60197,589,Vehicle Loan,743057,60,10.52,15978.56,2024-04-09,0,0
CUST107691,32,Jaipur,Salaried,54745,859,Business Loan,185440,12,17.99,17000.26,2023-08-20,0,0
CUST107692,57,Jaipur,Self-Employed,44697,601,Home Loan,760629,120,8.5,9430.71,2023-01-18,0,0
CUST107693,32,Chennai,Salaried,25560,711,Personal Loan,112010,24,15.87,5477.4,2024-08-09,0,0
CUST107694,55,Pune,Self-Employed,53970,723,Gold Loan,76232,18,9.16,4548.84,2024-08-06,0,0
CUST107695,33,Delhi,Self-Employed,45142,697,Personal Loan,107918,24,18.29,5402.84,2023-01-02,1,0
CUST107696,50,Pune,Salaried,47026,707,Personal Loan,245533,24,12.71,11639.67,2023-11-15,0,0
CUST107697,29,Bengaluru,Self-Employed,37234,664,Personal Loan,57208,12,18.68,5263.36,2023-09-17,0,0
CUST107698,39,Pune,Self-Employed,58616,549,Home Loan,1519108,180,11.32,17572.61,2023-09-29,30,0
CUST107699,31,Hyderabad,Salaried,50177,718,Business Loan,131347,12,13.84,11783.38,2023-02-17,0,0
CUST107700,43,Delhi,Salaried,37042,792,Personal Loan,53634,48,16.4,1531.01,2023-07-12,0,0
CUST107701,55,Jaipur,Salaried,54809,562,Business Loan,308043,24,17.32,15277.75,2024-11-06,336,1
CUST107702,44,Lucknow,Salaried,20000,664,Vehicle Loan,285754,60,13.83,6623.84,2023-03-02,187,1
CUST107703,39,Mumbai,Business Owner,41775,712,Vehicle Loan,220645,60,11.34,4834.85,2024-05-29,1,0
CUST107704,32,Bengaluru,Self-Employed,93114,591,Personal Loan,117551,48,11.89,3089.22,2023-10-06,0,0
CUST107705,45,Lucknow,Salaried,91155,816,Personal Loan,891681,48,18.77,26553.27,2023-11-15,0,0
CUST107706,30,Ahmedabad,Self-Employed,32050,708,Personal Loan,178743,24,17.28,8861.53,2024-08-17,0,0
CUST107707,29,Bengaluru,Salaried,74434,672,Personal Loan,764190,36,17.46,27420.73,2024-08-05,7,0
CUST107708,46,Mumbai,Business Owner,45892,601,Personal Loan,295545,48,17.84,8656.94,2023-11-23,0,0
CUST107709,49,Mumbai,Salaried,122249,640,Personal Loan,97527,12,16.49,8871.34,2023-05-02,0,0
CUST107710,21,Kolkata,Self-Employed,23533,618,Personal Loan,73922,24,13.99,3548.86,2023-10-31,0,0
CUST107711,38,Kolkata,Salaried,32298,711,Business Loan,284667,36,11.42,9376.35,2024-11-25,0,0
CUST107712,45,Delhi,Self-Employed,58256,551,Personal Loan,60307,24,16.12,2956.28,2024-01-27,194,1
CUST107713,50,Hyderabad,Salaried,36418,832,Personal Loan,93991,12,17.64,8601.0,2023-10-05,0,0
CUST107714,54,Pune,Self-Employed,58875,631,Personal Loan,102469,36,14.52,3528.08,2023-07-15,0,0
CUST107715,32,Delhi,Business Owner,72507,787,Home Loan,1484702,120,11.19,20611.78,2024-02-13,1,0
CUST107716,37,Lucknow,Self-Employed,35000,638,Home Loan,890723,120,9.2,11379.94,2024-09-21,0,0
CUST107717,51,Hyderabad,Self-Employed,44838,845,Home Loan,1332663,180,8.76,13327.15,2024-04-26,0,0
CUST107718,47,Ahmedabad,Self-Employed,87655,580,Business Loan,902380,60,16.1,21992.1,2024-03-03,0,0
CUST107719,29,Pune,Business Owner,49906,521,Personal Loan,81253,12,16.04,7373.69,2023-04-16,225,1
CUST107720,47,Lucknow,Self-Employed,60626,617,Home Loan,2519645,240,9.92,24181.72,2024-11-21,0,0
CUST107721,45,Jaipur,Salaried,62954,633,Personal Loan,384008,36,14.24,13169.29,2023-01-30,1,0
CUST107722,34,Chennai,Business Owner,23649,691,Gold Loan,86613,24,12.37,4092.16,2024-01-14,0,0
CUST107723,47,Bengaluru,Salaried,68311,628,Personal Loan,85204,12,15.81,7722.97,2023-04-18,0,0
CUST107724,34,Lucknow,Salaried,56862,689,Home Loan,1800087,180,10.63,20043.46,2023-12-17,0,0
CUST107725,60,Ahmedabad,Business Owner,45808,740,Business Loan,359303,24,13.99,17249.48,2023-05-27,238,1
CUST107726,30,Mumbai,Salaried,50398,652,Business Loan,138751,12,11.91,12322.02,2023-01-18,0,0
CUST107727,51,Hyderabad,Salaried,57187,670,Personal Loan,228981,36,13.55,7776.07,2024-10-19,0,0
CUST107728,32,Mumbai,Salaried,89782,865,Personal Loan,67091,48,13.09,1802.88,2024-02-27,1,0
CUST107729,37,Chennai,Self-Employed,82706,582,Business Loan,965631,60,11.7,21333.83,2023-09-29,0,0
CUST107730,35,Bengaluru,Salaried,52883,832,Home Loan,1501008,120,8.97,18989.77,2023-09-03,0,0
CUST107731,59,Ahmedabad,Self-Employed,39436,756,Personal Loan,132061,12,12.74,11779.23,2023-08-26,15,0
CUST107732,25,Hyderabad,Self-Employed,66883,684,Business Loan,606723,36,11.22,19926.6,2023-03-09,281,1
CUST107733,39,Pune,Salaried,68926,858,Personal Loan,450018,48,16.84,12948.07,2023-09-21,0,0
CUST107734,32,Ahmedabad,Self-Employed,66117,856,Home Loan,1464189,180,9.25,15069.32,2023-01-31,332,1
CUST107735,48,Hyderabad,Self-Employed,24948,666,Personal Loan,96581,48,15.9,2732.19,2024-03-31,0,0
CUST107736,39,Lucknow,Salaried,35000,532,Home Loan,750890,120,9.34,9650.68,2023-02-25,0,0
CUST107737,33,Bengaluru,Self-Employed,51418,801,Business Loan,234122,12,13.88,21007.92,2024-05-21,146,1
CUST107738,33,Delhi,Self-Employed,85231,652,Personal Loan,107725,12,15.99,9773.47,2023-04-30,0,0
CUST107739,52,Bengaluru,Salaried,24522,817,Gold Loan,54947,12,10.87,4852.98,2024-05-25,141,1
CUST107740,61,Pune,Business Owner,31190,570,Personal Loan,113434,36,15.3,3948.91,2024-01-19,1,0
CUST107741,39,Hyderabad,Salaried,25000,607,Business Loan,110599,24,17.93,5517.82,2023-07-11,0,0
CUST107742,41,Kolkata,Salaried,49115,678,Personal Loan,259856,24,15.17,12620.54,2024-09-06,0,0
CUST107743,35,Delhi,Salaried,38188,597,Personal Loan,101876,48,18.03,2994.2,2024-11-26,0,0
CUST107744,36,Pune,Salaried,77010,642,Home Loan,1504074,180,8.63,14926.05,2024-07-08,0,0
CUST107745,46,Jaipur,Salaried,49793,702,Personal Loan,119029,24,12.42,5626.48,2023-09-08,0,0
CUST107746,38,Jaipur,Salaried,41039,792,Personal Loan,64050,12,11.65,5680.28,2023-04-30,0,0
CUST107747,46,Delhi,Salaried,35000,801,Home Loan,1320913,180,10.47,14576.8,2023-04-16,7,0
CUST107748,31,Bengaluru,Salaried,51173,655,Personal Loan,110209,36,16.93,3925.41,2023-03-28,332,1
CUST107749,35,Pune,Self-Employed,49513,597,Home Loan,1092545,300,10.73,10495.6,2024-03-30,328,1
CUST107750,22,Mumbai,Self-Employed,20000,705,Vehicle Loan,286354,60,11.4,6283.3,2024-05-21,0,0
CUST107751,36,Hyderabad,Self-Employed,33840,674,Gold Loan,249175,24,10.44,11548.83,2024-01-23,0,0
CUST107752,33,Chennai,Salaried,35000,796,Home Loan,1230342,240,9.02,11085.54,2023-08-05,0,0
CUST107753,44,Mumbai,Business Owner,121307,653,Business Loan,318734,24,16.0,15606.21,2024-05-15,1,0
CUST107754,21,Bengaluru,Business Owner,37818,615,Business Loan,347160,60,14.33,8137.32,2024-07-10,0,0
CUST107755,37,Delhi,Self-Employed,30018,621,Personal Loan,108449,12,17.14,9898.27,2024-05-19,174,1
CUST107756,43,Jaipur,Self-Employed,94817,648,Personal Loan,327070,24,16.86,16149.09,2023-08-10,0,0
CUST107757,22,Kolkata,Salaried,70951,641,Gold Loan,73849,6,11.82,12735.96,2024-09-04,0,0
CUST107758,31,Jaipur,Salaried,33567,780,Vehicle Loan,368026,48,13.57,9977.65,2023-01-27,0,0
CUST107759,42,Delhi,Self-Employed,97496,604,Business Loan,906372,60,11.45,19910.74,2023-06-19,0,0
CUST107760,21,Mumbai,Salaried,37750,608,Personal Loan,180277,36,11.62,5955.11,2023-02-18,0,0
CUST107761,44,Jaipur,Salaried,58728,765,Business Loan,616479,60,17.88,15614.3,2024-03-10,0,0
CUST107762,47,Jaipur,Business Owner,25000,668,Business Loan,302209,36,13.41,10242.4,2023-11-20,0,0
CUST107763,21,Chennai,Business Owner,35000,684,Home Loan,1155784,180,10.07,12469.66,2023-03-01,7,0
CUST107764,51,Chennai,Salaried,71222,579,Personal Loan,719180,36,18.89,26322.3,2023-11-30,243,1
CUST107765,48,Delhi,Self-Employed,36384,770,Personal Loan,251708,48,15.31,7044.84,2023-12-06,0,0
CUST107766,46,Lucknow,Salaried,35000,865,Home Loan,1201426,180,10.76,13474.86,2024-01-21,0,0
CUST107767,33,Ahmedabad,Self-Employed,82799,639,Gold Loan,184281,6,10.45,31656.39,2023-02-28,0,0
CUST107768,47,Mumbai,Self-Employed,53128,721,Personal Loan,132566,12,14.47,11932.05,2023-08-29,0,0
CUST107769,21,Lucknow,Self-Employed,45536,635,Gold Loan,66040,6,10.67,11351.73,2024-09-02,0,0
CUST107770,49,Jaipur,Business Owner,52801,641,Home Loan,1765174,300,9.52,15446.81,2023-12-28,0,0
CUST107771,50,Pune,Salaried,55944,686,Personal Loan,165093,48,11.85,4335.38,2023-03-30,0,0
CUST107772,41,Bengaluru,Business Owner,82354,760,Personal Loan,127083,12,12.69,11332.23,2024-08-26,0,0
CUST107773,34,Mumbai,Salaried,108233,574,Home Loan,1710516,240,11.41,18135.49,2023-08-12,0,0
CUST107774,51,Lucknow,Salaried,35000,745,Home Loan,1380198,240,10.87,14124.34,2024-03-02,0,0
CUST107775,43,Pune,Salaried,46873,700,Personal Loan,378478,24,13.11,18013.1,2024-01-17,0,0
CUST107776,43,Lucknow,Business Owner,25000,688,Business Loan,274132,60,14.1,6392.79,2023-05-07,0,0
CUST107777,56,Chennai,Salaried,86217,794,Personal Loan,348392,48,17.07,10065.49,2023-11-27,30,0
CUST107778,29,Mumbai,Salaried,64987,779,Personal Loan,75396,24,14.95,3653.91,2024-09-16,0,0
CUST107779,47,Hyderabad,Self-Employed,35000,677,Home Loan,1101357,300,9.13,9340.79,2024-10-22,0,0
CUST107780,52,Jaipur,Salaried,77033,710,Gold Loan,68128,6,9.04,11655.92,2024-08-28,0,0
CUST107781,42,Jaipur,Salaried,89104,519,Business Loan,377643,36,17.23,13507.27,2023-12-12,30,0
CUST107782,36,Hyderabad,Salaried,65295,603,Home Loan,1637518,120,8.8,20566.56,2023-04-14,0,0
CUST107783,21,Ahmedabad,Salaried,51097,742,Personal Loan,131106,24,16.92,6477.14,2023-12-11,0,0
CUST107784,48,Bengaluru,Self-Employed,58785,756,Gold Loan,278688,24,9.26,12765.06,2023-08-09,0,0
CUST107785,41,Mumbai,Self-Employed,69459,653,Personal Loan,323634,36,14.59,11154.01,2024-10-07,0,0
CUST107786,48,Pune,Self-Employed,23931,579,Gold Loan,48577,6,12.17,8385.96,2023-04-28,0,0
CUST107787,44,Bengaluru,Self-Employed,35000,726,Home Loan,1232075,300,10.66,11774.1,2024-02-17,1,0
CUST107788,31,Jaipur,Business Owner,34685,474,Business Loan,346246,60,11.77,7661.87,2023-01-23,0,0
CUST107789,35,Delhi,Self-Employed,36973,677,Personal Loan,80371,12,11.62,7126.59,2023-05-20,1,0
CUST107790,41,Bengaluru,Business Owner,65597,699,Gold Loan,50846,12,12.9,4539.04,2023-06-22,0,0
CUST107791,32,Ahmedabad,Salaried,66111,569,Business Loan,238565,12,13.85,21403.23,2023-08-26,0,0
CUST107792,35,Jaipur,Business Owner,44388,656,Gold Loan,65584,6,11.89,11312.85,2024-04-17,0,0
CUST107793,45,Lucknow,Self-Employed,47678,621,Personal Loan,266162,24,18.59,13363.9,2024-06-24,0,0
CUST107794,21,Kolkata,Business Owner,65437,635,Home Loan,1447202,180,10.26,15782.71,2024-05-25,0,0
CUST107795,39,Lucknow,Salaried,41862,760,Home Loan,1354321,180,10.9,15308.23,2023-05-28,0,0
CUST107796,59,Kolkata,Salaried,40262,538,Home Loan,1594294,300,8.66,13010.04,2024-04-20,0,0
CUST107797,43,Ahmedabad,Salaried,49378,705,Business Loan,135602,12,16.64,12344.39,2024-03-07,0,0
CUST107798,26,Mumbai,Salaried,38275,733,Personal Loan,146307,12,14.92,13199.9,2024-10-06,0,0
CUST107799,53,Mumbai,Salaried,37359,781,Personal Loan,116164,12,14.11,10436.04,2023-04-22,0,0
CUST107800,35,Delhi,Self-Employed,83237,628,Home Loan,1624505,240,10.45,16164.21,2024-01-20,296,1
CUST107801,30,Lucknow,Business Owner,40804,680,Gold Loan,164707,24,11.23,7694.24,2023-05-09,0,0
CUST107802,25,Delhi,Salaried,20000,610,Personal Loan,59161,24,17.28,2933.02,2023-10-23,0,0
CUST107803,45,Hyderabad,Salaried,35000,644,Home Loan,1236359,120,9.13,15748.79,2024-09-20,30,0
CUST107804,35,Mumbai,Salaried,39750,651,Business Loan,175403,12,13.39,15698.63,2024-08-05,0,0
CUST107805,55,Lucknow,Self-Employed,23344,701,Personal Loan,56937,48,16.83,1637.92,2023-12-14,0,0
CUST107806,48,Pune,Self-Employed,63421,749,Gold Loan,296663,24,9.0,13552.97,2024-06-27,0,0
CUST107807,37,Bengaluru,Salaried,44655,725,Gold Loan,82633,24,9.74,3803.19,2023-02-11,0,0
CUST107808,44,Pune,Self-Employed,62164,687,Personal Loan,62769,48,13.76,1707.71,2024-10-03,0,0
CUST107809,32,Bengaluru,Salaried,65219,591,Business Loan,665249,60,13.88,15437.82,2024-11-18,0,0
CUST107810,40,Ahmedabad,Salaried,72664,748,Business Loan,333376,60,13.39,7652.05,2024-08-31,0,0
CUST107811,32,Ahmedabad,Self-Employed,54145,788,Vehicle Loan,679403,60,13.77,15727.62,2024-07-25,0,0
CUST107812,37,Lucknow,Salaried,35000,668,Home Loan,749518,180,10.67,8364.33,2023-04-19,30,0
CUST107813,51,Mumbai,Salaried,36750,699,Gold Loan,225420,24,9.76,10377.04,2024-05-27,0,0
CUST107814,40,Lucknow,Salaried,40130,690,Gold Loan,193517,18,9.37,11566.01,2024-04-25,0,0
CUST107815,46,Delhi,Self-Employed,55908,860,Personal Loan,105925,12,18.74,9748.55,2024-10-27,0,0
CUST107816,46,Lucknow,Business Owner,72577,801,Gold Loan,80848,6,12.87,13984.97,2024-07-20,0,0
CUST107817,24,Jaipur,Salaried,19392,677,Gold Loan,99021,24,10.49,4591.74,2023-01-06,0,0
CUST107818,41,Lucknow,Salaried,70597,594,Vehicle Loan,389290,36,11.03,12750.39,2024-05-16,0,0
CUST107819,40,Delhi,Salaried,51984,718,Home Loan,1388639,120,9.2,17741.35,2024-02-16,0,0
CUST107820,35,Delhi,Salaried,37797,815,Home Loan,835409,120,9.69,10897.08,2024-01-04,15,0
CUST107821,42,Jaipur,Salaried,46263,721,Gold Loan,110980,12,9.76,9744.52,2024-05-04,0,0
CUST107822,31,Hyderabad,Salaried,50284,652,Gold Loan,59833,6,11.3,10303.4,2023-02-14,0,0
CUST107823,46,Hyderabad,Salaried,44992,601,Personal Loan,63486,48,13.33,1713.59,2024-01-19,0,0
CUST107824,42,Jaipur,Salaried,37604,822,Personal Loan,61440,12,15.96,5573.34,2023-04-20,0,0
CUST107825,42,Hyderabad,Salaried,96216,835,Business Loan,621969,60,14.24,14549.64,2024-07-25,7,0
CUST107826,27,Delhi,Self-Employed,51614,747,Personal Loan,376427,48,16.4,10745.32,2024-03-25,0,0
CUST107827,42,Lucknow,Salaried,58340,682,Business Loan,310659,60,15.98,7551.32,2024-07-11,0,0
CUST107828,36,Ahmedabad,Salaried,25000,712,Business Loan,101820,12,14.1,9146.92,2024-03-18,15,0
CUST107829,38,Mumbai,Self-Employed,35000,788,Home Loan,1160319,180,10.42,12768.67,2024-04-15,0,0
CUST107830,37,Kolkata,Business Owner,36066,849,Personal Loan,71721,48,12.15,1893.98,2024-10-29,0,0
CUST107831,41,Lucknow,Salaried,60269,802,Personal Loan,420869,36,12.77,14134.16,2024-04-05,0,0
CUST107832,49,Jaipur,Business Owner,20000,845,Personal Loan,247477,48,15.3,6925.16,2024-08-23,0,0
CUST107833,25,Kolkata,Self-Employed,32373,599,Personal Loan,89697,12,17.26,8191.86,2024-05-09,0,0
CUST107834,44,Jaipur,Salaried,81009,685,Personal Loan,129451,12,11.53,11473.12,2023-04-30,0,0
CUST107835,37,Pune,Self-Employed,85176,650,Vehicle Loan,282514,24,12.47,13361.01,2024-05-03,0,0
CUST107836,32,Ahmedabad,Salaried,72145,543,Business Loan,590268,36,11.51,19467.49,2023-10-14,0,0
CUST107837,37,Hyderabad,Salaried,51342,598,Business Loan,314887,24,11.14,14696.68,2023-11-05,0,0
CUST107838,47,Kolkata,Self-Employed,115274,634,Personal Loan,548722,36,16.4,19399.97,2024-11-05,0,0
CUST107839,46,Ahmedabad,Salaried,46299,504,Personal Loan,130627,12,11.99,11605.44,2024-06-06,7,0
CUST107840,51,Kolkata,Business Owner,40320,807,Personal Loan,224070,24,12.4,10589.66,2024-01-05,0,0
CUST107841,40,Chennai,Salaried,75516,613,Gold Loan,168519,24,9.17,7711.9,2024-05-25,0,0
CUST107842,45,Ahmedabad,Business Owner,76319,585,Home Loan,1677752,180,9.55,17570.15,2024-03-05,0,0
CUST107843,38,Ahmedabad,Salaried,60071,601,Personal Loan,147361,24,12.97,7003.73,2023-09-05,7,0
CUST107844,40,Lucknow,Salaried,53996,757,Gold Loan,289128,24,12.57,13687.35,2023-01-08,0,0
CUST107845,30,Jaipur,Business Owner,43388,634,Business Loan,282891,24,11.72,13279.7,2023-09-01,0,0
CUST107846,33,Kolkata,Salaried,25655,722,Personal Loan,110263,24,18.3,5520.78,2023-10-15,0,0
CUST107847,40,Mumbai,Salaried,40550,623,Gold Loan,84394,12,9.39,7395.65,2024-07-23,0,0
CUST107848,42,Ahmedabad,Self-Employed,49497,549,Personal Loan,383007,48,16.01,10856.49,2023-04-21,15,0
CUST107849,63,Lucknow,Salaried,72770,766,Vehicle Loan,198456,24,11.91,9333.67,2023-05-28,0,0
CUST107850,39,Ahmedabad,Self-Employed,25510,608,Personal Loan,63186,24,16.86,3119.81,2024-11-02,0,0
CUST107851,36,Pune,Salaried,40064,505,Business Loan,181615,12,12.82,16206.02,2023-02-21,0,0
CUST107852,30,Jaipur,Salaried,83620,744,Home Loan,3237020,240,10.45,32209.11,2024-02-28,0,0
CUST107853,37,Ahmedabad,Salaried,47396,900,Gold Loan,56045,6,12.75,9691.25,2024-09-10,0,0
CUST107854,34,Pune,Business Owner,25000,627,Business Loan,271099,36,12.75,9101.79,2023-03-18,0,0
CUST107855,41,Lucknow,Business Owner,96072,657,Gold Loan,353988,12,10.41,31188.71,2024-02-09,0,0
CUST107856,32,Ahmedabad,Salaried,57276,666,Home Loan,1342834,180,10.56,14893.66,2024-04-10,0,0
CUST107857,28,Chennai,Business Owner,52155,609,Home Loan,1570053,180,9.59,16480.25,2023-03-04,15,0
CUST107858,29,Mumbai,Business Owner,30669,734,Vehicle Loan,181964,36,13.68,6190.85,2023-08-03,0,0
CUST107859,41,Kolkata,Business Owner,44094,644,Personal Loan,77794,12,15.66,7045.81,2024-07-06,0,0
CUST107860,41,Pune,Salaried,54627,814,Home Loan,2084052,300,8.74,17119.74,2023-07-04,7,0
CUST107861,40,Jaipur,Salaried,38990,518,Business Loan,311120,36,14.38,10690.86,2023-04-28,0,0
CUST107862,49,Bengaluru,Salaried,53600,880,Personal Loan,99211,12,16.93,9045.22,2024-08-03,0,0
CUST107863,42,Lucknow,Salaried,34803,754,Gold Loan,52379,18,11.18,3174.26,2024-10-29,0,0
CUST107864,26,Hyderabad,Business Owner,118276,624,Personal Loan,152485,24,17.75,7594.27,2023-02-05,0,0
CUST107865,28,Jaipur,Salaried,26114,555,Business Loan,304652,60,15.74,7366.52,2024-04-16,0,0
CUST107866,52,Bengaluru,Salaried,31597,828,Gold Loan,45877,6,9.9,7868.46,2023-03-14,30,0
CUST107867,36,Chennai,Self-Employed,49271,640,Personal Loan,226621,48,18.24,6685.45,2023-02-28,15,0
CUST107868,33,Jaipur,Salaried,91790,587,Personal Loan,411899,24,18.83,20729.25,2023-04-14,0,0
CUST107869,39,Bengaluru,Salaried,63550,638,Home Loan,1708945,180,10.11,18479.58,2023-01-01,1,0
CUST107870,39,Jaipur,Salaried,59138,769,Personal Loan,508101,48,17.2,14713.9,2023-12-21,0,0
CUST107871,25,Kolkata,Self-Employed,77845,749,Home Loan,1532213,180,10.28,16728.69,2024-08-20,0,0
CUST107872,34,Mumbai,Self-Employed,62047,778,Personal Loan,285610,24,15.02,13850.99,2023-07-23,0,0
CUST107873,26,Mumbai,Self-Employed,57337,622,Personal Loan,282880,48,15.4,7930.24,2023-03-16,0,0
CUST107874,42,Jaipur,Salaried,37314,551,Personal Loan,165707,24,14.63,8005.48,2024-09-11,0,0
CUST107875,21,Mumbai,Salaried,30185,731,Personal Loan,85784,24,14.98,4158.56,2023-07-23,0,0
CUST107876,27,Chennai,Salaried,73128,524,Business Loan,302212,12,13.71,27093.52,2023-03-16,143,1
CUST107877,27,Lucknow,Salaried,94398,717,Home Loan,1550854,300,11.11,15323.61,2024-04-03,0,0
CUST107878,31,Delhi,Salaried,126180,505,Vehicle Loan,341878,48,13.68,9287.53,2023-10-12,1,0
CUST107879,39,Kolkata,Business Owner,44370,770,Personal Loan,87656,24,17.09,4337.7,2023-09-14,99,1
CUST107880,46,Hyderabad,Self-Employed,52111,763,Personal Loan,155975,36,18.37,5667.86,2024-02-07,0,0
CUST107881,38,Mumbai,Salaried,35277,536,Gold Loan,56412,6,12.54,9748.86,2023-05-31,358,1
CUST107882,37,Mumbai,Business Owner,69088,668,Vehicle Loan,275947,60,12.53,6212.45,2023-12-18,0,0
CUST107883,32,Delhi,Self-Employed,59010,852,Business Loan,387469,36,14.42,13321.95,2024-10-11,238,1
CUST107884,26,Delhi,Salaried,35000,873,Home Loan,999381,300,10.06,9123.69,2023-02-17,255,1
CUST107885,22,Lucknow,Salaried,25451,469,Personal Loan,122470,48,13.59,3321.54,2023-12-15,0,0
CUST107886,43,Mumbai,Salaried,61849,843,Gold Loan,200578,24,11.58,9402.61,2023-03-29,0,0
CUST107887,31,Delhi,Self-Employed,35000,726,Home Loan,1213712,300,10.21,11209.19,2024-01-12,0,0
CUST107888,41,Delhi,Self-Employed,35000,607,Home Loan,774204,240,9.46,7196.39,2023-02-12,0,0
CUST107889,51,Kolkata,Salaried,52518,628,Gold Loan,61689,12,9.91,5420.86,2024-08-27,286,1
CUST107890,43,Chennai,Self-Employed,40832,644,Personal Loan,326244,48,14.87,9058.13,2023-02-08,0,0
CUST107891,44,Hyderabad,Salaried,56528,690,Personal Loan,83848,24,13.61,4010.35,2023-03-18,0,0
CUST107892,43,Delhi,Self-Employed,63282,651,Personal Loan,63143,36,15.42,2201.88,2023-07-30,0,0
CUST107893,25,Pune,Salaried,20000,668,Personal Loan,213520,48,13.33,5763.24,2023-10-10,0,0
CUST107894,33,Lucknow,Self-Employed,35000,688,Home Loan,889514,120,11.01,12258.09,2023-02-06,0,0
CUST107895,47,Bengaluru,Salaried,97884,662,Business Loan,363287,12,17.89,33287.13,2024-03-21,0,0
CUST107896,21,Lucknow,Salaried,35000,889,Home Loan,1431561,240,10.82,14601.44,2023-05-15,358,1
CUST107897,56,Hyderabad,Business Owner,45466,679,Personal Loan,555655,48,12.0,14632.53,2024-01-02,117,1
CUST107898,26,Chennai,Salaried,56298,708,Business Loan,244475,24,14.69,11817.8,2024-10-12,0,0
CUST107899,65,Jaipur,Self-Employed,80851,537,Home Loan,2430597,180,9.58,25498.36,2023-06-26,0,0
CUST107900,47,Hyderabad,Salaried,37536,662,Home Loan,712536,120,10.34,9550.88,2023-11-11,0,0
CUST107901,48,Kolkata,Salaried,43091,751,Vehicle Loan,307356,36,13.15,10378.26,2024-06-27,251,1
CUST107902,42,Mumbai,Self-Employed,37175,779,Gold Loan,220837,24,12.05,10400.72,2023-01-04,0,0
CUST107903,44,Delhi,Self-Employed,66554,712,Personal Loan,80827,12,14.32,7269.4,2023-07-11,0,0
CUST107904,42,Pune,Salaried,96812,859,Business Loan,327843,12,14.9,29575.09,2024-05-05,30,0
CUST107905,44,Pune,Salaried,22940,553,Gold Loan,126300,18,9.62,7563.13,2023-12-27,0,0
CUST107906,46,Pune,Salaried,128639,800,Vehicle Loan,181564,48,13.04,4874.51,2023-02-17,0,0
CUST107907,38,Delhi,Salaried,39095,610,Personal Loan,148085,48,17.5,4311.4,2023-11-13,7,0
CUST107908,24,Chennai,Self-Employed,85986,741,Personal Loan,748955,36,15.75,26238.69,2023-10-29,0,0
CUST107909,41,Chennai,Business Owner,38140,816,Personal Loan,140104,12,15.21,12659.44,2024-06-25,0,0
CUST107910,35,Chennai,Salaried,65039,604,Personal Loan,506456,36,12.16,16860.32,2024-09-01,0,0
CUST107911,23,Ahmedabad,Salaried,40777,652,Home Loan,1641741,300,9.83,14722.22,2023-11-16,0,0
CUST107912,45,Lucknow,Salaried,28389,666,Personal Loan,67873,24,12.59,3213.75,2024-06-20,0,0
CUST107913,43,Ahmedabad,Salaried,20000,571,Personal Loan,58450,12,12.13,5196.77,2023-09-18,0,0
CUST107914,44,Kolkata,Salaried,72160,659,Business Loan,1164779,60,12.83,26401.05,2024-04-19,158,1
CUST107915,50,Delhi,Self-Employed,81902,682,Gold Loan,64916,6,10.41,11150.2,2023-06-22,0,0
CUST107916,28,Mumbai,Salaried,94370,622,Business Loan,462183,36,17.74,16648.8,2024-06-18,0,0
CUST107917,37,Delhi,Business Owner,47394,667,Personal Loan,52315,12,12.9,4670.18,2024-02-08,0,0
CUST107918,38,Ahmedabad,Business Owner,42925,567,Home Loan,1627030,240,8.84,14471.81,2024-03-28,279,1
CUST107919,29,Hyderabad,Self-Employed,55074,698,Personal Loan,136618,24,13.78,6545.23,2023-12-15,0,0
CUST107920,56,Lucknow,Business Owner,80714,618,Gold Loan,265969,18,12.7,16305.95,2023-06-04,267,1
CUST107921,21,Mumbai,Salaried,38792,629,Gold Loan,65919,6,9.68,11298.76,2024-10-18,264,1
CUST107922,42,Jaipur,Salaried,22276,609,Personal Loan,110520,36,16.6,3918.37,2023-09-18,0,0
CUST107923,46,Mumbai,Business Owner,118630,722,Home Loan,2303846,120,10.08,30547.65,2023-02-10,0,0
CUST107924,39,Chennai,Self-Employed,30663,653,Personal Loan,286716,36,18.93,10499.72,2023-05-29,7,0
CUST107925,34,Kolkata,Self-Employed,56010,622,Home Loan,1781361,180,9.15,18227.05,2024-04-24,0,0
CUST107926,21,Mumbai,Self-Employed,50991,674,Vehicle Loan,355481,60,11.48,7814.39,2024-11-17,0,0
CUST107927,42,Hyderabad,Self-Employed,40432,824,Personal Loan,89188,24,16.65,4394.67,2023-06-26,0,0
CUST107928,39,Jaipur,Business Owner,88329,620,Home Loan,1659141,300,10.22,15334.7,2024-11-22,0,0
CUST107929,27,Pune,Salaried,40398,643,Personal Loan,366565,24,13.61,17532.38,2024-05-24,0,0
CUST107930,39,Jaipur,Business Owner,50701,837,Home Loan,1338215,180,10.35,14668.41,2024-08-30,0,0
CUST107931,35,Delhi,Self-Employed,31263,621,Personal Loan,214471,48,12.46,5696.4,2023-11-19,7,0
CUST107932,48,Hyderabad,Salaried,48277,701,Home Loan,1122746,120,10.21,14968.04,2024-08-14,0,0
CUST107933,32,Kolkata,Salaried,38509,657,Personal Loan,325346,24,17.01,16087.41,2023-08-15,313,1
CUST107934,41,Hyderabad,Salaried,32251,614,Business Loan,167995,24,12.55,7951.33,2023-05-17,0,0
CUST107935,37,Pune,Salaried,33778,843,Business Loan,365121,60,16.82,9038.9,2023-02-07,199,1
CUST107936,31,Delhi,Self-Employed,67004,765,Vehicle Loan,165401,36,12.04,5496.84,2024-07-11,7,0
CUST107937,23,Delhi,Salaried,52211,809,Home Loan,2048769,240,9.44,19017.01,2024-05-18,0,0
CUST107938,34,Bengaluru,Self-Employed,27514,573,Gold Loan,74989,24,11.93,3527.54,2023-03-16,0,0
CUST107939,53,Delhi,Salaried,69758,702,Personal Loan,132703,24,13.29,6327.03,2024-11-02,0,0
CUST107940,34,Bengaluru,Self-Employed,44490,531,Gold Loan,212496,24,11.42,9945.47,2023-06-16,97,1
CUST107941,41,Chennai,Salaried,28805,680,Gold Loan,73436,24,12.52,3474.75,2024-02-08,30,0
CUST107942,42,Kolkata,Salaried,37752,824,Personal Loan,55198,12,11.98,4903.76,2023-08-13,0,0
CUST107943,44,Lucknow,Salaried,52794,758,Personal Loan,136142,12,12.1,12102.42,2024-04-04,257,1
CUST107944,42,Mumbai,Salaried,54275,742,Personal Loan,141267,24,14.45,6812.71,2024-04-13,0,0
CUST107945,32,Lucknow,Salaried,36930,626,Personal Loan,74550,12,16.93,6796.84,2024-04-06,30,0
CUST107946,40,Bengaluru,Salaried,43517,701,Business Loan,367000,24,13.62,17554.92,2023-04-29,15,0
CUST107947,55,Delhi,Salaried,35000,842,Home Loan,1549215,300,10.91,15083.36,2024-05-25,0,0
CUST107948,42,Kolkata,Self-Employed,21173,776,Personal Loan,97363,24,18.28,4873.94,2024-07-24,0,0
CUST107949,43,Hyderabad,Salaried,46105,561,Business Loan,421370,36,16.49,14916.26,2023-08-27,0,0
CUST107950,46,Chennai,Salaried,70969,808,Gold Loan,75256,24,9.14,3442.89,2024-09-01,0,0
CUST107951,24,Kolkata,Self-Employed,36423,823,Gold Loan,51813,24,11.52,2427.42,2023-06-14,0,0
CUST107952,56,Mumbai,Self-Employed,68068,684,Business Loan,398993,60,12.22,8919.8,2023-04-08,0,0
CUST107953,31,Delhi,Self-Employed,48973,788,Personal Loan,68375,24,14.84,3310.08,2023-07-28,0,0
CUST107954,39,Pune,Self-Employed,104271,696,Personal Loan,294599,48,12.04,7763.71,2024-06-22,0,0
CUST107955,43,Chennai,Salaried,79617,684,Business Loan,511542,36,12.5,17112.93,2024-02-26,30,0
CUST107956,38,Kolkata,Business Owner,106412,591,Personal Loan,214677,12,15.71,19448.38,2024-02-19,0,0
CUST107957,51,Delhi,Salaried,52431,565,Personal Loan,96375,24,14.59,4654.15,2024-02-19,0,0
CUST107958,21,Delhi,Salaried,169558,481,Personal Loan,680376,12,15.8,61666.72,2024-10-26,338,1
CUST107959,29,Bengaluru,Salaried,88948,773,Gold Loan,91581,12,11.93,8133.86,2024-09-18,0,0
CUST107960,23,Delhi,Salaried,54016,675,Business Loan,335172,60,16.58,8254.38,2024-04-28,0,0
CUST107961,25,Mumbai,Business Owner,41253,555,Personal Loan,57773,12,14.85,5210.41,2024-02-22,213,1
CUST107962,56,Pune,Salaried,125149,590,Personal Loan,106542,12,18.35,9785.53,2023-04-19,288,1
CUST107963,24,Mumbai,Self-Employed,45931,612,Business Loan,138879,12,13.57,12441.46,2024-08-13,192,1
CUST107964,32,Hyderabad,Salaried,39298,599,Personal Loan,82693,12,16.51,7522.78,2024-09-24,0,0
CUST107965,37,Bengaluru,Salaried,37946,842,Personal Loan,95161,48,14.01,2600.89,2023-11-21,0,0
CUST107966,36,Bengaluru,Self-Employed,51456,734,Vehicle Loan,554981,48,13.55,15040.69,2024-01-08,1,0
CUST107967,41,Mumbai,Salaried,52011,779,Home Loan,1251644,180,11.36,14510.37,2023-09-27,0,0
CUST107968,58,Pune,Salaried,25852,713,Business Loan,125190,12,12.89,11175.17,2023-06-14,0,0
CUST107969,26,Lucknow,Self-Employed,63186,735,Business Loan,355397,36,13.83,12117.3,2024-09-17,0,0
CUST107970,37,Delhi,Salaried,36552,601,Gold Loan,51680,6,11.27,8898.67,2024-07-16,0,0
CUST107971,41,Mumbai,Salaried,25000,629,Business Loan,122167,12,11.89,10848.1,2023-03-02,0,0
CUST107972,42,Lucknow,Business Owner,91984,839,Gold Loan,67384,6,12.12,11631.0,2023-02-21,7,0
CUST107973,34,Jaipur,Self-Employed,39435,568,Gold Loan,77047,18,10.22,4635.03,2023-08-24,217,1
CUST107974,49,Lucknow,Salaried,96316,607,Gold Loan,744025,24,10.32,34442.97,2023-01-06,0,0
CUST107975,28,Ahmedabad,Business Owner,63007,584,Business Loan,318506,60,17.45,7992.97,2024-08-04,0,0
CUST107976,38,Jaipur,Salaried,70646,697,Personal Loan,275338,48,17.84,8065.05,2023-05-25,0,0
CUST107977,51,Pune,Salaried,62106,586,Personal Loan,131277,24,17.7,6534.87,2024-10-05,0,0
CUST107978,45,Chennai,Salaried,73988,710,Gold Loan,114697,12,11.6,10169.24,2024-11-26,0,0
CUST107979,35,Pune,Salaried,105214,818,Personal Loan,678803,36,15.05,23547.55,2023-09-05,0,0
CUST107980,47,Ahmedabad,Salaried,79368,761,Business Loan,183486,12,14.78,16542.09,2023-10-06,0,0
CUST107981,44,Hyderabad,Salaried,33222,506,Gold Loan,51782,6,9.77,8877.92,2023-06-25,0,0
CUST107982,31,Mumbai,Salaried,38809,739,Home Loan,1121535,120,9.96,14796.34,2024-10-05,0,0
CUST107983,37,Ahmedabad,Business Owner,37784,605,Business Loan,301780,24,11.36,14115.81,2023-07-26,0,0
CUST107984,25,Bengaluru,Salaried,43827,699,Vehicle Loan,155142,24,10.95,7227.23,2023-01-14,0,0
CUST107985,28,Delhi,Self-Employed,64707,777,Home Loan,2321795,240,8.74,20503.14,2024-03-03,0,0
CUST107986,49,Delhi,Business Owner,49330,672,Home Loan,950506,120,10.4,12772.49,2024-10-24,0,0
CUST107987,55,Hyderabad,Salaried,76577,552,Personal Loan,205909,12,14.35,18521.9,2023-06-02,0,0
CUST107988,41,Chennai,Business Owner,45415,700,Home Loan,1485872,300,9.62,13106.17,2024-07-19,0,0
CUST107989,33,Ahmedabad,Self-Employed,31776,703,Personal Loan,78278,12,15.85,7096.67,2024-06-05,0,0
CUST107990,26,Jaipur,Self-Employed,50242,633,Personal Loan,726710,48,18.08,21377.5,2024-07-03,15,0
CUST107991,49,Kolkata,Self-Employed,104239,676,Home Loan,2215054,120,10.22,29542.62,2024-09-22,0,0
CUST107992,53,Hyderabad,Salaried,20000,582,Personal Loan,51705,24,11.96,2432.97,2024-10-29,0,0
CUST107993,55,Bengaluru,Self-Employed,28000,771,Personal Loan,59031,12,13.17,5277.2,2023-02-17,0,0
CUST107994,51,Jaipur,Salaried,51547,644,Personal Loan,240183,48,12.49,6382.88,2024-02-02,0,0
CUST107995,31,Ahmedabad,Self-Employed,25000,628,Business Loan,302683,60,15.72,7315.71,2024-02-01,0,0
CUST107996,32,Delhi,Business Owner,54536,825,Business Loan,172329,12,17.14,15728.68,2023-02-03,0,0
CUST107997,52,Pune,Salaried,101435,739,Gold Loan,382553,24,9.85,17626.41,2024-01-07,233,1
CUST107998,53,Hyderabad,Self-Employed,35000,710,Home Loan,1141530,300,8.85,9462.7,2023-02-11,0,0
CUST107999,21,Delhi,Salaried,28805,731,Business Loan,104626,12,15.89,9487.36,2024-05-16,0,0
